game_id,away,home,locked_splash_total,projected_total,selected_total,raw_point_edge,raw_selected_probability,probability_status,confidence,final_away_score,final_home_score,actual_total,total_result,total_grading_margin,projection_error_actual_minus_model,raw_edge_bucket,shadow_top_five,status,closing_clv_status,score_source,score_retrieved_at_utc
401856705,Vanderbilt,Georgia,51.5,45.88387744778746,under,-5.616122552212538,0.6315705141634016,UNCALIBRATED_NORMAL_SHADOW,3,14,38,52,LOSS,-0.5,6.116122552212538,5-6.9,False,SHADOW_NOT_PRODUCTION_ELIGIBLE,UNAVAILABLE_NO_TIMESTAMPED_CLOSE,https://site.api.espn.com/apis/site/v2/sports/football/college-football/summary?event=401856705,2026-10-06T14:37:19.755832+00:00
401856707,Alabama,Mississippi State,60.5,54.321716475524084,under,-6.1782835244759156,0.6441784219281407,UNCALIBRATED_NORMAL_SHADOW,3,56,23,79,LOSS,-18.5,24.678283524475916,5-6.9,False,SHADOW_NOT_PRODUCTION_ELIGIBLE,UNAVAILABLE_NO_TIMESTAMPED_CLOSE,https://site.api.espn.com/apis/site/v2/sports/football/college-football/summary?event=401856707,2026-10-06T14:37:19.780467+00:00
401856708,Florida,Missouri,57.5,52.39425965420433,under,-5.105740345795667,0.6199994406238056,UNCALIBRATED_NORMAL_SHADOW,3,17,45,62,LOSS,-4.5,9.605740345795667,5-6.9,False,SHADOW_NOT_PRODUCTION_ELIGIBLE,UNAVAILABLE_NO_TIMESTAMPED_CLOSE,https://site.api.espn.com/apis/site/v2/sports/football/college-football/summary?event=401856708,2026-10-06T14:37:19.699029+00:00
401856709,Kentucky,South Carolina,53.5,53.56051803581205,over,0.06051803581205206,0.5014444982823955,UNCALIBRATED_NORMAL_SHADOW,1,35,34,69,WIN,15.5,15.439481964187948,<3,False,SHADOW_NOT_PRODUCTION_ELIGIBLE,UNAVAILABLE_NO_TIMESTAMPED_CLOSE,https://site.api.espn.com/apis/site/v2/sports/football/college-football/summary?event=401856709,2026-10-06T14:37:19.838759+00:00
401856710,Auburn,Tennessee,54.5,44.64634365815773,under,-9.853656341842267,0.722253744131544,UNCALIBRATED_NORMAL_SHADOW,4,14,24,38,WIN,16.5,-6.646343658157733,7-9.9,True,SHADOW_NOT_PRODUCTION_ELIGIBLE,UNAVAILABLE_NO_TIMESTAMPED_CLOSE,https://site.api.espn.com/apis/site/v2/sports/football/college-football/summary?event=401856710,2026-10-06T14:37:19.821697+00:00
401856711,Arkansas,Texas A&M,50.5,47.65037777163405,under,-2.849622228365952,0.5676893710886134,UNCALIBRATED_NORMAL_SHADOW,2,7,34,41,WIN,9.5,-6.650377771634048,<3,False,SHADOW_NOT_PRODUCTION_ELIGIBLE,UNAVAILABLE_NO_TIMESTAMPED_CLOSE,https://site.api.espn.com/apis/site/v2/sports/football/college-football/summary?event=401856711,2026-10-06T14:37:19.830212+00:00
401856807,Middle Tennessee,Kansas,49.5,47.76456865162936,under,-1.7354313483706392,0.5413485986257582,UNCALIBRATED_NORMAL_SHADOW,1,0,55,55,LOSS,-5.5,7.235431348370639,<3,False,SHADOW_NOT_PRODUCTION_ELIGIBLE,UNAVAILABLE_NO_TIMESTAMPED_CLOSE,https://site.api.espn.com/apis/site/v2/sports/football/college-football/summary?event=401856807,2026-10-06T14:37:19.665880+00:00
401856817,Baylor,Arizona State,48.5,42.51299593203013,under,-5.98700406796987,0.639905355273225,UNCALIBRATED_NORMAL_SHADOW,3,55,19,74,LOSS,-25.5,31.48700406796987,5-6.9,False,SHADOW_NOT_PRODUCTION_ELIGIBLE,UNAVAILABLE_NO_TIMESTAMPED_CLOSE,https://site.api.espn.com/apis/site/v2/sports/football/college-football/summary?event=401856817,2026-10-06T14:37:19.810111+00:00
401856818,BYU,TCU,47.5,50.993749922566394,over,3.493749922566394,0.5827887709079991,UNCALIBRATED_NORMAL_SHADOW,2,17,10,27,LOSS,-20.5,-23.993749922566394,3-4.9,False,SHADOW_NOT_PRODUCTION_ELIGIBLE,UNAVAILABLE_NO_TIMESTAMPED_CLOSE,https://site.api.espn.com/apis/site/v2/sports/football/college-football/summary?event=401856818,2026-10-06T14:37:19.900639+00:00
401856819,UCF,Houston,51.5,50.266497237226716,under,-1.2335027627732842,0.5294156998517904,UNCALIBRATED_NORMAL_SHADOW,1,17,27,44,WIN,7.5,-6.266497237226716,<3,False,SHADOW_NOT_PRODUCTION_ELIGIBLE,UNAVAILABLE_NO_TIMESTAMPED_CLOSE,https://site.api.espn.com/apis/site/v2/sports/football/college-football/summary?event=401856819,2026-10-06T14:37:19.949855+00:00
401856820,Cincinnati,Arizona,55.5,55.01342289937541,under,-0.4865771006245865,0.5116124398898285,UNCALIBRATED_NORMAL_SHADOW,1,7,34,41,WIN,14.5,-14.013422899375414,<3,False,SHADOW_NOT_PRODUCTION_ELIGIBLE,UNAVAILABLE_NO_TIMESTAMPED_CLOSE,https://site.api.espn.com/apis/site/v2/sports/football/college-football/summary?event=401856820,2026-10-06T14:37:19.977047+00:00
401856821,Texas Tech,Colorado,50.5,48.63273884902583,under,-1.8672611509741728,0.5444770063862466,UNCALIBRATED_NORMAL_SHADOW,1,29,7,36,WIN,14.5,-12.632738849025827,<3,False,SHADOW_NOT_PRODUCTION_ELIGIBLE,UNAVAILABLE_NO_TIMESTAMPED_CLOSE,https://site.api.espn.com/apis/site/v2/sports/football/college-football/summary?event=401856821,2026-10-06T14:37:20.221988+00:00
401856822,West Virginia,Iowa State,52.5,49.824613712510214,under,-2.6753862874897862,0.5635869813711929,UNCALIBRATED_NORMAL_SHADOW,2,42,45,87,LOSS,-34.5,37.175386287489786,<3,False,SHADOW_NOT_PRODUCTION_ELIGIBLE,UNAVAILABLE_NO_TIMESTAMPED_CLOSE,https://site.api.espn.com/apis/site/v2/sports/football/college-football/summary?event=401856822,2026-10-06T14:37:20.006414+00:00
401858245,Pittsburgh,Virginia Tech,54.5,50.47537077706248,under,-4.02462922293752,0.5951433198847631,UNCALIBRATED_NORMAL_SHADOW,2,35,33,68,LOSS,-13.5,17.52462922293752,3-4.9,False,SHADOW_NOT_PRODUCTION_ELIGIBLE,UNAVAILABLE_NO_TIMESTAMPED_CLOSE,https://site.api.espn.com/apis/site/v2/sports/football/college-football/summary?event=401858245,2026-10-06T14:37:20.025718+00:00
401858246,Boston College,SMU,55.5,46.412256563772466,under,-9.087743436227534,0.7066845699409102,UNCALIBRATED_NORMAL_SHADOW,4,16,25,41,WIN,14.5,-5.412256563772466,7-9.9,True,SHADOW_NOT_PRODUCTION_ELIGIBLE,UNAVAILABLE_NO_TIMESTAMPED_CLOSE,https://site.api.espn.com/apis/site/v2/sports/football/college-football/summary?event=401858246,2026-10-06T14:37:20.012921+00:00
401858247,California,UNLV,52.5,44.81741489861861,under,-7.682585101381392,0.6771174853178833,UNCALIBRATED_NORMAL_SHADOW,3,31,39,70,LOSS,-17.5,25.18258510138139,7-9.9,True,SHADOW_NOT_PRODUCTION_ELIGIBLE,UNAVAILABLE_NO_TIMESTAMPED_CLOSE,https://site.api.espn.com/apis/site/v2/sports/football/college-football/summary?event=401858247,2026-10-06T14:37:20.057189+00:00
401858248,Louisville,NC State,59.5,56.579890194293746,under,-2.920109805706254,0.5693469576172931,UNCALIBRATED_NORMAL_SHADOW,2,28,31,59,WIN,0.5,2.420109805706254,<3,False,SHADOW_NOT_PRODUCTION_ELIGIBLE,UNAVAILABLE_NO_TIMESTAMPED_CLOSE,https://site.api.espn.com/apis/site/v2/sports/football/college-football/summary?event=401858248,2026-10-06T14:37:20.291767+00:00
401858249,Miami,Clemson,47.5,49.65235965850668,over,2.1523596585066826,0.551232903806712,UNCALIBRATED_NORMAL_SHADOW,2,41,13,54,WIN,6.5,4.347640341493317,<3,False,SHADOW_NOT_PRODUCTION_ELIGIBLE,UNAVAILABLE_NO_TIMESTAMPED_CLOSE,https://site.api.espn.com/apis/site/v2/sports/football/college-football/summary?event=401858249,2026-10-06T14:37:20.450286+00:00
401858250,Notre Dame,North Carolina,46.5,46.57278759221289,over,0.07278759221289022,0.5017373572674795,UNCALIBRATED_NORMAL_SHADOW,1,37,26,63,WIN,16.5,16.42721240778711,<3,False,SHADOW_NOT_PRODUCTION_ELIGIBLE,UNAVAILABLE_NO_TIMESTAMPED_CLOSE,https://site.api.espn.com/apis/site/v2/sports/football/college-football/summary?event=401858250,2026-10-06T14:37:20.488041+00:00
401858251,Stanford,Wake Forest,53.5,58.42278036199867,over,4.922780361998669,0.6158245677204508,UNCALIBRATED_NORMAL_SHADOW,3,3,57,60,WIN,6.5,1.5772196380013312,3-4.9,False,SHADOW_NOT_PRODUCTION_ELIGIBLE,UNAVAILABLE_NO_TIMESTAMPED_CLOSE,https://site.api.espn.com/apis/site/v2/sports/football/college-football/summary?event=401858251,2026-10-06T14:37:20.170811+00:00
401858252,Syracuse,UConn,50.5,45.703279181818004,under,-4.796720818181996,0.6129402054042794,UNCALIBRATED_NORMAL_SHADOW,3,42,41,83,LOSS,-32.5,37.296720818181996,3-4.9,False,SHADOW_NOT_PRODUCTION_ELIGIBLE,UNAVAILABLE_NO_TIMESTAMPED_CLOSE,https://site.api.espn.com/apis/site/v2/sports/football/college-football/summary?event=401858252,2026-10-06T14:37:20.246142+00:00
401858253,Virginia,Florida State,51.5,57.03394504404764,over,5.533945044047641,0.6297151643130827,UNCALIBRATED_NORMAL_SHADOW,3,7,38,45,LOSS,-6.5,-12.033945044047641,5-6.9,False,SHADOW_NOT_PRODUCTION_ELIGIBLE,UNAVAILABLE_NO_TIMESTAMPED_CLOSE,https://site.api.espn.com/apis/site/v2/sports/football/college-football/summary?event=401858253,2026-10-06T14:37:20.234597+00:00
401858472,Purdue,Illinois,61.5,63.296341292326176,over,1.7963412923261757,0.5427943617853815,UNCALIBRATED_NORMAL_SHADOW,1,24,17,41,LOSS,-20.5,-22.296341292326176,<3,False,SHADOW_NOT_PRODUCTION_ELIGIBLE,UNAVAILABLE_NO_TIMESTAMPED_CLOSE,https://site.api.espn.com/apis/site/v2/sports/football/college-football/summary?event=401858472,2026-10-06T14:37:20.253134+00:00
401858473,Ohio State,Iowa,45.5,52.39532594337934,over,6.895325943379341,0.6600322813440185,UNCALIBRATED_NORMAL_SHADOW,3,31,14,45,LOSS,-0.5,-7.395325943379341,5-6.9,False,SHADOW_NOT_PRODUCTION_ELIGIBLE,UNAVAILABLE_NO_TIMESTAMPED_CLOSE,https://site.api.espn.com/apis/site/v2/sports/football/college-football/summary?event=401858473,2026-10-06T14:37:20.858457+00:00
401858474,Michigan,Minnesota,43.5,45.87670076230266,over,2.3767007623026615,0.5565387252230533,UNCALIBRATED_NORMAL_SHADOW,2,14,20,34,LOSS,-9.5,-11.876700762302661,<3,False,SHADOW_NOT_PRODUCTION_ELIGIBLE,UNAVAILABLE_NO_TIMESTAMPED_CLOSE,https://site.api.espn.com/apis/site/v2/sports/football/college-football/summary?event=401858474,2026-10-06T14:37:20.368222+00:00
401858475,Maryland,Nebraska,52.5,51.879074356073914,under,-0.6209256439260855,0.5148174292380541,UNCALIBRATED_NORMAL_SHADOW,1,23,48,71,LOSS,-18.5,19.120925643926086,<3,False,SHADOW_NOT_PRODUCTION_ELIGIBLE,UNAVAILABLE_NO_TIMESTAMPED_CLOSE,https://site.api.espn.com/apis/site/v2/sports/football/college-football/summary?event=401858475,2026-10-06T14:37:20.429217+00:00
401858476,Penn State,Northwestern,45.5,52.750086623872534,over,7.250086623872534,0.6677747217156504,UNCALIBRATED_NORMAL_SHADOW,3,13,34,47,WIN,1.5,-5.750086623872534,7-9.9,True,SHADOW_NOT_PRODUCTION_ELIGIBLE,UNAVAILABLE_NO_TIMESTAMPED_CLOSE,https://site.api.espn.com/apis/site/v2/sports/football/college-football/summary?event=401858476,2026-10-06T14:37:20.719131+00:00
401858477,Indiana,Rutgers,55.5,54.67153093718427,under,-0.8284690628157279,0.5197665847229807,UNCALIBRATED_NORMAL_SHADOW,1,47,15,62,LOSS,-6.5,7.328469062815728,<3,False,SHADOW_NOT_PRODUCTION_ELIGIBLE,UNAVAILABLE_NO_TIMESTAMPED_CLOSE,https://site.api.espn.com/apis/site/v2/sports/football/college-football/summary?event=401858477,2026-10-06T14:37:20.478508+00:00
401858478,Washington,USC,58.5,51.68618588151541,under,-6.8138141184845935,0.6582436086514593,UNCALIBRATED_NORMAL_SHADOW,3,21,25,46,WIN,12.5,-5.6861858815154065,5-6.9,False,SHADOW_NOT_PRODUCTION_ELIGIBLE,UNAVAILABLE_NO_TIMESTAMPED_CLOSE,https://site.api.espn.com/apis/site/v2/sports/football/college-football/summary?event=401858478,2026-10-06T14:37:20.494568+00:00
401858479,Michigan State,Wisconsin,43.5,46.3420970269258,over,2.8420970269257992,0.5675123374394538,UNCALIBRATED_NORMAL_SHADOW,2,3,31,34,LOSS,-9.5,-12.3420970269258,<3,False,SHADOW_NOT_PRODUCTION_ELIGIBLE,UNAVAILABLE_NO_TIMESTAMPED_CLOSE,https://site.api.espn.com/apis/site/v2/sports/football/college-football/summary?event=401858479,2026-10-06T14:37:20.746798+00:00
401860898,Utah State,Boise State,51.5,47.713592106714245,under,-3.786407893285755,0.5896104075958573,UNCALIBRATED_NORMAL_SHADOW,2,18,37,55,LOSS,-3.5,7.286407893285755,3-4.9,False,SHADOW_NOT_PRODUCTION_ELIGIBLE,UNAVAILABLE_NO_TIMESTAMPED_CLOSE,https://site.api.espn.com/apis/site/v2/sports/football/college-football/summary?event=401860898,2026-10-06T14:37:20.651366+00:00
401860899,Oregon State,Colorado State,62.5,57.572523053870874,under,-4.927476946129126,0.615931907293608,UNCALIBRATED_NORMAL_SHADOW,3,56,26,82,LOSS,-19.5,24.427476946129126,3-4.9,False,SHADOW_NOT_PRODUCTION_ELIGIBLE,UNAVAILABLE_NO_TIMESTAMPED_CLOSE,https://site.api.espn.com/apis/site/v2/sports/football/college-football/summary?event=401860899,2026-10-06T14:37:20.631753+00:00
401860900,Texas State,San Diego State,59.5,53.0199288428948,under,-6.4800711571052005,0.6508833053397842,UNCALIBRATED_NORMAL_SHADOW,3,29,31,60,LOSS,-0.5,6.9800711571052005,5-6.9,False,SHADOW_NOT_PRODUCTION_ELIGIBLE,UNAVAILABLE_NO_TIMESTAMPED_CLOSE,https://site.api.espn.com/apis/site/v2/sports/football/college-football/summary?event=401860900,2026-10-06T14:37:20.604120+00:00
401860921,Fresno State,Washington State,46.5,45.10559667777475,under,-1.3944033222252514,0.5332443617694804,UNCALIBRATED_NORMAL_SHADOW,1,26,6,32,WIN,14.5,-13.105596677774749,<3,False,SHADOW_NOT_PRODUCTION_ELIGIBLE,UNAVAILABLE_NO_TIMESTAMPED_CLOSE,https://site.api.espn.com/apis/site/v2/sports/football/college-football/summary?event=401860921,2026-10-06T14:37:20.688911+00:00
401862786,North Texas,Tulsa,57.5,52.15244723585998,under,-5.347552764140019,0.6254957808394663,UNCALIBRATED_NORMAL_SHADOW,3,45,44,89,LOSS,-31.5,36.84755276414002,5-6.9,False,SHADOW_NOT_PRODUCTION_ELIGIBLE,UNAVAILABLE_NO_TIMESTAMPED_CLOSE,https://site.api.espn.com/apis/site/v2/sports/football/college-football/summary?event=401862786,2026-10-06T14:37:20.827769+00:00
401862787,Memphis,Charlotte,52.5,50.36180719022752,under,-2.1381928097724767,0.5508975301058376,UNCALIBRATED_NORMAL_SHADOW,2,59,8,67,LOSS,-14.5,16.638192809772477,<3,False,SHADOW_NOT_PRODUCTION_ELIGIBLE,UNAVAILABLE_NO_TIMESTAMPED_CLOSE,https://site.api.espn.com/apis/site/v2/sports/football/college-football/summary?event=401862787,2026-10-06T14:37:20.812100+00:00
401862788,UTSA,Rice,55.5,50.97459355981613,under,-4.525406440183872,0.6067112694630854,UNCALIBRATED_NORMAL_SHADOW,3,16,14,30,WIN,25.5,-20.974593559816128,3-4.9,False,SHADOW_NOT_PRODUCTION_ELIGIBLE,UNAVAILABLE_NO_TIMESTAMPED_CLOSE,https://site.api.espn.com/apis/site/v2/sports/football/college-football/summary?event=401862788,2026-10-06T14:37:20.779446+00:00
401862791,Navy,Air Force,46.5,53.942508161406025,over,7.442508161406025,0.6719447054901437,UNCALIBRATED_NORMAL_SHADOW,3,9,14,23,LOSS,-23.5,-30.942508161406025,7-9.9,True,SHADOW_NOT_PRODUCTION_ELIGIBLE,UNAVAILABLE_NO_TIMESTAMPED_CLOSE,https://site.api.espn.com/apis/site/v2/sports/football/college-football/summary?event=401862791,2026-10-06T14:37:20.933006+00:00
401862792,Temple,South Florida,48.5,53.192788871667034,over,4.692788871667034,0.6105574362165369,UNCALIBRATED_NORMAL_SHADOW,3,17,13,30,LOSS,-18.5,-23.192788871667034,3-4.9,False,SHADOW_NOT_PRODUCTION_ELIGIBLE,UNAVAILABLE_NO_TIMESTAMPED_CLOSE,https://site.api.espn.com/apis/site/v2/sports/football/college-football/summary?event=401862792,2026-10-06T14:37:20.888645+00:00
401864513,San José State,Hawai'i,51.5,48.26858232612713,under,-3.231417673872869,0.5766526852669422,UNCALIBRATED_NORMAL_SHADOW,2,20,16,36,WIN,15.5,-12.268582326127131,3-4.9,False,SHADOW_NOT_PRODUCTION_ELIGIBLE,UNAVAILABLE_NO_TIMESTAMPED_CLOSE,https://site.api.espn.com/apis/site/v2/sports/football/college-football/summary?event=401864513,2026-10-06T14:37:20.974418+00:00
401864514,UTEP,New Mexico,48.5,44.624105710790005,under,-3.8758942892099952,0.5916909682395439,UNCALIBRATED_NORMAL_SHADOW,2,7,61,68,LOSS,-19.5,23.375894289209995,3-4.9,False,SHADOW_NOT_PRODUCTION_ELIGIBLE,UNAVAILABLE_NO_TIMESTAMPED_CLOSE,https://site.api.espn.com/apis/site/v2/sports/football/college-football/summary?event=401864514,2026-10-06T14:37:20.914370+00:00
401864515,Wyoming,North Dakota State,45.5,46.12567579496853,over,0.6256757949685294,0.5149307315000521,UNCALIBRATED_NORMAL_SHADOW,1,0,28,28,LOSS,-17.5,-18.12567579496853,<3,False,SHADOW_NOT_PRODUCTION_ELIGIBLE,UNAVAILABLE_NO_TIMESTAMPED_CLOSE,https://site.api.espn.com/apis/site/v2/sports/football/college-football/summary?event=401864515,2026-10-06T14:37:21.045984+00:00
401866430,Akron,Central Michigan,47.5,48.40911845400169,over,0.9091184540016926,0.5216889995340563,UNCALIBRATED_NORMAL_SHADOW,1,17,41,58,WIN,10.5,9.590881545998307,<3,False,SHADOW_NOT_PRODUCTION_ELIGIBLE,UNAVAILABLE_NO_TIMESTAMPED_CLOSE,https://site.api.espn.com/apis/site/v2/sports/football/college-football/summary?event=401866430,2026-10-06T14:37:21.023101+00:00
401866431,Toledo,Ball State,51.5,53.73956589509968,over,2.2395658950996804,0.5532965335390203,UNCALIBRATED_NORMAL_SHADOW,2,39,24,63,WIN,11.5,9.26043410490032,<3,False,SHADOW_NOT_PRODUCTION_ELIGIBLE,UNAVAILABLE_NO_TIMESTAMPED_CLOSE,https://site.api.espn.com/apis/site/v2/sports/football/college-football/summary?event=401866431,2026-10-06T14:37:21.058518+00:00
401866432,Western Michigan,Buffalo,46.5,46.788141134614605,over,0.2881411346146052,0.5068772831386013,UNCALIBRATED_NORMAL_SHADOW,1,20,17,37,LOSS,-9.5,-9.788141134614605,<3,False,SHADOW_NOT_PRODUCTION_ELIGIBLE,UNAVAILABLE_NO_TIMESTAMPED_CLOSE,https://site.api.espn.com/apis/site/v2/sports/football/college-football/summary?event=401866432,2026-10-06T14:37:21.054514+00:00
401866433,Eastern Michigan,Massachusetts,48.5,45.361893423409626,under,-3.138106576590374,0.5744655191731622,UNCALIBRATED_NORMAL_SHADOW,2,38,14,52,LOSS,-3.5,6.638106576590374,3-4.9,False,SHADOW_NOT_PRODUCTION_ELIGIBLE,UNAVAILABLE_NO_TIMESTAMPED_CLOSE,https://site.api.espn.com/apis/site/v2/sports/football/college-football/summary?event=401866433,2026-10-06T14:37:21.071590+00:00
401866434,Ohio,Kent State,50.5,53.241775392814446,over,2.7417753928144464,0.5651509460690309,UNCALIBRATED_NORMAL_SHADOW,2,13,10,23,LOSS,-27.5,-30.241775392814446,<3,False,SHADOW_NOT_PRODUCTION_ELIGIBLE,UNAVAILABLE_NO_TIMESTAMPED_CLOSE,https://site.api.espn.com/apis/site/v2/sports/football/college-football/summary?event=401866434,2026-10-06T14:37:21.140428+00:00
401866477,Bowling Green,Miami (OH),43.5,50.36645808107375,over,6.866458081073752,0.6593992223803227,UNCALIBRATED_NORMAL_SHADOW,3,24,20,44,WIN,0.5,-6.366458081073752,5-6.9,False,SHADOW_NOT_PRODUCTION_ELIGIBLE,UNAVAILABLE_NO_TIMESTAMPED_CLOSE,https://site.api.espn.com/apis/site/v2/sports/football/college-football/summary?event=401866477,2026-10-06T14:37:21.185231+00:00
401869842,Army,Louisiana Tech,46.5,52.675375273943644,over,6.175375273943644,0.6441135872045092,UNCALIBRATED_NORMAL_SHADOW,3,29,31,60,WIN,13.5,7.324624726056356,5-6.9,False,SHADOW_NOT_PRODUCTION_ELIGIBLE,UNAVAILABLE_NO_TIMESTAMPED_CLOSE,https://site.api.espn.com/apis/site/v2/sports/football/college-football/summary?event=401869842,2026-10-06T14:37:21.198274+00:00
401869932,Arkansas State,Louisiana,47.5,45.149751329131576,under,-2.3502486708684245,0.5559136230630455,UNCALIBRATED_NORMAL_SHADOW,2,20,23,43,WIN,4.5,-2.1497513291315755,<3,False,SHADOW_NOT_PRODUCTION_ELIGIBLE,UNAVAILABLE_NO_TIMESTAMPED_CLOSE,https://site.api.espn.com/apis/site/v2/sports/football/college-football/summary?event=401869932,2026-10-06T14:37:21.229397+00:00
401869942,Georgia Southern,Coastal Carolina,54.5,50.886059607899725,under,-3.6139403921002753,0.5855934609350368,UNCALIBRATED_NORMAL_SHADOW,2,31,24,55,LOSS,-0.5,4.113940392100275,3-4.9,False,SHADOW_NOT_PRODUCTION_ELIGIBLE,UNAVAILABLE_NO_TIMESTAMPED_CLOSE,https://site.api.espn.com/apis/site/v2/sports/football/college-football/summary?event=401869942,2026-10-06T14:37:21.394874+00:00
401869956,Old Dominion,Georgia State,51.5,44.57156343184873,under,-6.92843656815127,0.6607578268399604,UNCALIBRATED_NORMAL_SHADOW,3,10,42,52,LOSS,-0.5,7.42843656815127,5-6.9,False,SHADOW_NOT_PRODUCTION_ELIGIBLE,UNAVAILABLE_NO_TIMESTAMPED_CLOSE,https://site.api.espn.com/apis/site/v2/sports/football/college-football/summary?event=401869956,2026-10-06T14:37:21.461031+00:00
401869962,Marshall,James Madison,55.5,51.21152212815436,under,-4.288477871845643,0.6012492814976016,UNCALIBRATED_NORMAL_SHADOW,3,17,45,62,LOSS,-6.5,10.788477871845643,3-4.9,False,SHADOW_NOT_PRODUCTION_ELIGIBLE,UNAVAILABLE_NO_TIMESTAMPED_CLOSE,https://site.api.espn.com/apis/site/v2/sports/football/college-football/summary?event=401869962,2026-10-06T14:37:21.421475+00:00
401871049,Western Kentucky,New Mexico State,57.5,52.6886273171607,under,-4.811372682839298,0.6132757778938542,UNCALIBRATED_NORMAL_SHADOW,3,13,34,47,WIN,10.5,-5.688627317160702,3-4.9,False,SHADOW_NOT_PRODUCTION_ELIGIBLE,UNAVAILABLE_NO_TIMESTAMPED_CLOSE,https://site.api.espn.com/apis/site/v2/sports/football/college-football/summary?event=401871049,2026-10-06T14:37:21.428991+00:00
401871050,Liberty,Delaware,49.5,47.93117307540474,under,-1.5688269245952569,0.5373913240836693,UNCALIBRATED_NORMAL_SHADOW,1,30,14,44,WIN,5.5,-3.931173075404743,<3,False,SHADOW_NOT_PRODUCTION_ELIGIBLE,UNAVAILABLE_NO_TIMESTAMPED_CLOSE,https://site.api.espn.com/apis/site/v2/sports/football/college-football/summary?event=401871050,2026-10-06T14:37:21.318547+00:00
401871089,UL Monroe,South Alabama,57.5,53.8132655689966,under,-3.6867344310034014,0.5872900273610544,UNCALIBRATED_NORMAL_SHADOW,2,35,52,87,LOSS,-29.5,33.1867344310034,3-4.9,False,SHADOW_NOT_PRODUCTION_ELIGIBLE,UNAVAILABLE_NO_TIMESTAMPED_CLOSE,https://site.api.espn.com/apis/site/v2/sports/football/college-football/summary?event=401871089,2026-10-06T14:37:21.435525+00:00
