game_id,away,home,away_score,home_score,game_status,official_completion_status,overtime,overtime_periods,kickoff_utc,orientation_status,scoreboard_source,summary_source,scoreboard_retrieved_at_utc,summary_retrieved_at_utc,scoreboard_payload_sha256,summary_payload_sha256,ncaa_derived_game_id,ncaa_derived_status,ncaa_derived_name_match_score,ncaa_derived_source,ncaa_derived_retrieved_at_utc,ncaa_derived_payload_sha256
401856705,Vanderbilt,Georgia,14,38,STATUS_FINAL,COMPLETED,False,0,2026-10-03T16:45Z,EXACT,https://site.api.espn.com/apis/site/v2/sports/football/college-football/scoreboard?year=2026&week=5&seasontype=2&groups=80&limit=300,https://site.api.espn.com/apis/site/v2/sports/football/college-football/summary?event=401856705,2026-10-06T14:37:19.407803+00:00,2026-10-06T14:37:19.755832+00:00,6c5c365356f63c6ed33923718810c1d4d4959e4e6e5b22b0e1d8fcd447264f40,15ac65c2f9475b9f9a84d594f16ea6ad0c3ba8bf02bc3581b4a2190c004698ab,6640741,final,2.0,https://ncaa-api.henrygd.me/scoreboard/football/fbs/2026/05/all-conf,2026-10-06T14:37:19.520724+00:00,e25d7d23b021fffbb6bda77a03166d1e9115cbdc52f0220df70178ef28d24a6f
401856707,Alabama,Mississippi State,56,23,STATUS_FINAL,COMPLETED,False,0,2026-10-03T16:00Z,EXACT,https://site.api.espn.com/apis/site/v2/sports/football/college-football/scoreboard?year=2026&week=5&seasontype=2&groups=80&limit=300,https://site.api.espn.com/apis/site/v2/sports/football/college-football/summary?event=401856707,2026-10-06T14:37:19.407803+00:00,2026-10-06T14:37:19.780467+00:00,6c5c365356f63c6ed33923718810c1d4d4959e4e6e5b22b0e1d8fcd447264f40,9f4f7dc1a6a2a7f0ebb9d504b6597961d8a31a60099e0f3ca1565df8cf96a968,6604339,final,2.0,https://ncaa-api.henrygd.me/scoreboard/football/fbs/2026/05/all-conf,2026-10-06T14:37:19.520724+00:00,e25d7d23b021fffbb6bda77a03166d1e9115cbdc52f0220df70178ef28d24a6f
401856708,Florida,Missouri,17,45,STATUS_FINAL,COMPLETED,False,0,2026-10-03T19:50Z,EXACT,https://site.api.espn.com/apis/site/v2/sports/football/college-football/scoreboard?year=2026&week=5&seasontype=2&groups=80&limit=300,https://site.api.espn.com/apis/site/v2/sports/football/college-football/summary?event=401856708,2026-10-06T14:37:19.407803+00:00,2026-10-06T14:37:19.699029+00:00,6c5c365356f63c6ed33923718810c1d4d4959e4e6e5b22b0e1d8fcd447264f40,74fb149dba9b9127110af99829a70838549f2a7ad238271d3f0f7d496e0798e1,6603647,final,2.0,https://ncaa-api.henrygd.me/scoreboard/football/fbs/2026/05/all-conf,2026-10-06T14:37:19.520724+00:00,e25d7d23b021fffbb6bda77a03166d1e9115cbdc52f0220df70178ef28d24a6f
401856709,Kentucky,South Carolina,35,34,STATUS_FINAL,COMPLETED,True,1,2026-10-03T20:15Z,EXACT,https://site.api.espn.com/apis/site/v2/sports/football/college-football/scoreboard?year=2026&week=5&seasontype=2&groups=80&limit=300,https://site.api.espn.com/apis/site/v2/sports/football/college-football/summary?event=401856709,2026-10-06T14:37:19.407803+00:00,2026-10-06T14:37:19.838759+00:00,6c5c365356f63c6ed33923718810c1d4d4959e4e6e5b22b0e1d8fcd447264f40,e6628730f146795b235db3e188b06dd92683721186d5548d1a96775c676d748d,6603927,final,2.0,https://ncaa-api.henrygd.me/scoreboard/football/fbs/2026/05/all-conf,2026-10-06T14:37:19.520724+00:00,e25d7d23b021fffbb6bda77a03166d1e9115cbdc52f0220df70178ef28d24a6f
401856710,Auburn,Tennessee,14,24,STATUS_FINAL,COMPLETED,False,0,2026-10-03T19:30Z,EXACT,https://site.api.espn.com/apis/site/v2/sports/football/college-football/scoreboard?year=2026&week=5&seasontype=2&groups=80&limit=300,https://site.api.espn.com/apis/site/v2/sports/football/college-football/summary?event=401856710,2026-10-06T14:37:19.407803+00:00,2026-10-06T14:37:19.821697+00:00,6c5c365356f63c6ed33923718810c1d4d4959e4e6e5b22b0e1d8fcd447264f40,96c58d2ef5482841c8b98c06b0e3d7506b37cc5d8ff415d618c4431bf121cde3,6604026,final,2.0,https://ncaa-api.henrygd.me/scoreboard/football/fbs/2026/05/all-conf,2026-10-06T14:37:19.520724+00:00,e25d7d23b021fffbb6bda77a03166d1e9115cbdc52f0220df70178ef28d24a6f
401856711,Arkansas,Texas A&M,7,34,STATUS_FINAL,COMPLETED,False,0,2026-10-03T23:00Z,EXACT,https://site.api.espn.com/apis/site/v2/sports/football/college-football/scoreboard?year=2026&week=5&seasontype=2&groups=80&limit=300,https://site.api.espn.com/apis/site/v2/sports/football/college-football/summary?event=401856711,2026-10-06T14:37:19.407803+00:00,2026-10-06T14:37:19.830212+00:00,6c5c365356f63c6ed33923718810c1d4d4959e4e6e5b22b0e1d8fcd447264f40,080228a637b0f1e9dd578866fd32ddbfcf8ac46d6040b2235cda548b802dd6d0,6603770,final,2.0,https://ncaa-api.henrygd.me/scoreboard/football/fbs/2026/05/all-conf,2026-10-06T14:37:19.520724+00:00,e25d7d23b021fffbb6bda77a03166d1e9115cbdc52f0220df70178ef28d24a6f
401856807,Middle Tennessee,Kansas,0,55,STATUS_FINAL,COMPLETED,False,0,2026-10-03T16:00Z,EXACT,https://site.api.espn.com/apis/site/v2/sports/football/college-football/scoreboard?year=2026&week=5&seasontype=2&groups=80&limit=300,https://site.api.espn.com/apis/site/v2/sports/football/college-football/summary?event=401856807,2026-10-06T14:37:19.407803+00:00,2026-10-06T14:37:19.665880+00:00,6c5c365356f63c6ed33923718810c1d4d4959e4e6e5b22b0e1d8fcd447264f40,8a3fbc0c2bea56d229c34ca6f4b87f579da85ff56fbff33a54765e9e2f081e8b,6604059,final,1.8,https://ncaa-api.henrygd.me/scoreboard/football/fbs/2026/05/all-conf,2026-10-06T14:37:19.520724+00:00,e25d7d23b021fffbb6bda77a03166d1e9115cbdc52f0220df70178ef28d24a6f
401856817,Baylor,Arizona State,55,19,STATUS_FINAL,COMPLETED,False,0,2026-10-04T02:30Z,EXACT,https://site.api.espn.com/apis/site/v2/sports/football/college-football/scoreboard?year=2026&week=5&seasontype=2&groups=80&limit=300,https://site.api.espn.com/apis/site/v2/sports/football/college-football/summary?event=401856817,2026-10-06T14:37:19.407803+00:00,2026-10-06T14:37:19.810111+00:00,6c5c365356f63c6ed33923718810c1d4d4959e4e6e5b22b0e1d8fcd447264f40,827c45bce4922bbdea893d20c0193d58db8a67a60d2c5b6b0ae1c077cdd0e67b,6604040,final,2.0,https://ncaa-api.henrygd.me/scoreboard/football/fbs/2026/05/all-conf,2026-10-06T14:37:19.520724+00:00,e25d7d23b021fffbb6bda77a03166d1e9115cbdc52f0220df70178ef28d24a6f
401856818,BYU,TCU,17,10,STATUS_FINAL,COMPLETED,False,0,2026-10-03T23:00Z,EXACT,https://site.api.espn.com/apis/site/v2/sports/football/college-football/scoreboard?year=2026&week=5&seasontype=2&groups=80&limit=300,https://site.api.espn.com/apis/site/v2/sports/football/college-football/summary?event=401856818,2026-10-06T14:37:19.407803+00:00,2026-10-06T14:37:19.900639+00:00,6c5c365356f63c6ed33923718810c1d4d4959e4e6e5b22b0e1d8fcd447264f40,ab0b688772aaf94745d600a9eb669ceafc79a2ba26743668ac52caa38ffc5a84,6604319,final,2.0,https://ncaa-api.henrygd.me/scoreboard/football/fbs/2026/05/all-conf,2026-10-06T14:37:19.520724+00:00,e25d7d23b021fffbb6bda77a03166d1e9115cbdc52f0220df70178ef28d24a6f
401856819,UCF,Houston,17,27,STATUS_FINAL,COMPLETED,False,0,2026-10-03T16:00Z,EXACT,https://site.api.espn.com/apis/site/v2/sports/football/college-football/scoreboard?year=2026&week=5&seasontype=2&groups=80&limit=300,https://site.api.espn.com/apis/site/v2/sports/football/college-football/summary?event=401856819,2026-10-06T14:37:19.407803+00:00,2026-10-06T14:37:19.949855+00:00,6c5c365356f63c6ed33923718810c1d4d4959e4e6e5b22b0e1d8fcd447264f40,5ea7ef2b5551efa51cb4deb2c4f711133981a88e6c5bf85091439ed9303905a9,6603628,final,2.0,https://ncaa-api.henrygd.me/scoreboard/football/fbs/2026/05/all-conf,2026-10-06T14:37:19.520724+00:00,e25d7d23b021fffbb6bda77a03166d1e9115cbdc52f0220df70178ef28d24a6f
401856820,Cincinnati,Arizona,7,34,STATUS_FINAL,COMPLETED,False,0,2026-10-04T03:00Z,EXACT,https://site.api.espn.com/apis/site/v2/sports/football/college-football/scoreboard?year=2026&week=5&seasontype=2&groups=80&limit=300,https://site.api.espn.com/apis/site/v2/sports/football/college-football/summary?event=401856820,2026-10-06T14:37:19.407803+00:00,2026-10-06T14:37:19.977047+00:00,6c5c365356f63c6ed33923718810c1d4d4959e4e6e5b22b0e1d8fcd447264f40,07bd7a48d8cd54eba591965a28dd8b8ca2cddcb7aae1549be0b448018560761a,6604254,final,2.0,https://ncaa-api.henrygd.me/scoreboard/football/fbs/2026/05/all-conf,2026-10-06T14:37:19.520724+00:00,e25d7d23b021fffbb6bda77a03166d1e9115cbdc52f0220df70178ef28d24a6f
401856821,Texas Tech,Colorado,29,7,STATUS_FINAL,COMPLETED,False,0,2026-10-03T23:30Z,EXACT,https://site.api.espn.com/apis/site/v2/sports/football/college-football/scoreboard?year=2026&week=5&seasontype=2&groups=80&limit=300,https://site.api.espn.com/apis/site/v2/sports/football/college-football/summary?event=401856821,2026-10-06T14:37:19.407803+00:00,2026-10-06T14:37:20.221988+00:00,6c5c365356f63c6ed33923718810c1d4d4959e4e6e5b22b0e1d8fcd447264f40,d179199e0525c192bba20ad19c3f02ef8fe2b46d1698411077a8bb4d4a2de006,6640617,final,2.0,https://ncaa-api.henrygd.me/scoreboard/football/fbs/2026/05/all-conf,2026-10-06T14:37:19.520724+00:00,e25d7d23b021fffbb6bda77a03166d1e9115cbdc52f0220df70178ef28d24a6f
401856822,West Virginia,Iowa State,42,45,STATUS_FINAL,COMPLETED,False,0,2026-10-03T16:00Z,EXACT,https://site.api.espn.com/apis/site/v2/sports/football/college-football/scoreboard?year=2026&week=5&seasontype=2&groups=80&limit=300,https://site.api.espn.com/apis/site/v2/sports/football/college-football/summary?event=401856822,2026-10-06T14:37:19.407803+00:00,2026-10-06T14:37:20.006414+00:00,6c5c365356f63c6ed33923718810c1d4d4959e4e6e5b22b0e1d8fcd447264f40,c7e6aceae3ea4b7953bcf27f35a6f3aa1a9428c13b7fa3af96364f9cdaa9244a,6603659,final,2.0,https://ncaa-api.henrygd.me/scoreboard/football/fbs/2026/05/all-conf,2026-10-06T14:37:19.520724+00:00,e25d7d23b021fffbb6bda77a03166d1e9115cbdc52f0220df70178ef28d24a6f
401858245,Pittsburgh,Virginia Tech,35,33,STATUS_FINAL,COMPLETED,False,0,2026-10-02T23:00Z,EXACT,https://site.api.espn.com/apis/site/v2/sports/football/college-football/scoreboard?year=2026&week=5&seasontype=2&groups=80&limit=300,https://site.api.espn.com/apis/site/v2/sports/football/college-football/summary?event=401858245,2026-10-06T14:37:19.407803+00:00,2026-10-06T14:37:20.025718+00:00,6c5c365356f63c6ed33923718810c1d4d4959e4e6e5b22b0e1d8fcd447264f40,d711462b72cfa3e1399432291dcaf534f74686a350a85f3bdcf9507d5c7dc13a,6603803,final,2.0,https://ncaa-api.henrygd.me/scoreboard/football/fbs/2026/05/all-conf,2026-10-06T14:37:19.520724+00:00,e25d7d23b021fffbb6bda77a03166d1e9115cbdc52f0220df70178ef28d24a6f
401858246,Boston College,SMU,16,25,STATUS_FINAL,COMPLETED,False,0,2026-10-03T16:00Z,EXACT,https://site.api.espn.com/apis/site/v2/sports/football/college-football/scoreboard?year=2026&week=5&seasontype=2&groups=80&limit=300,https://site.api.espn.com/apis/site/v2/sports/football/college-football/summary?event=401858246,2026-10-06T14:37:19.407803+00:00,2026-10-06T14:37:20.012921+00:00,6c5c365356f63c6ed33923718810c1d4d4959e4e6e5b22b0e1d8fcd447264f40,7cd04a190c19565a5d2a9cff24bda3b34583779b4d6be4e329fab6eb6e5be4e2,6604156,final,2.0,https://ncaa-api.henrygd.me/scoreboard/football/fbs/2026/05/all-conf,2026-10-06T14:37:19.520724+00:00,e25d7d23b021fffbb6bda77a03166d1e9115cbdc52f0220df70178ef28d24a6f
401858247,California,UNLV,31,39,STATUS_FINAL,COMPLETED,False,0,2026-10-03T19:30Z,EXACT,https://site.api.espn.com/apis/site/v2/sports/football/college-football/scoreboard?year=2026&week=5&seasontype=2&groups=80&limit=300,https://site.api.espn.com/apis/site/v2/sports/football/college-football/summary?event=401858247,2026-10-06T14:37:19.407803+00:00,2026-10-06T14:37:20.057189+00:00,6c5c365356f63c6ed33923718810c1d4d4959e4e6e5b22b0e1d8fcd447264f40,260c26f6e6619ec9f7620947926ca70897735f608a9ea10437089f22cc53c644,6640499,final,2.0,https://ncaa-api.henrygd.me/scoreboard/football/fbs/2026/05/all-conf,2026-10-06T14:37:19.520724+00:00,e25d7d23b021fffbb6bda77a03166d1e9115cbdc52f0220df70178ef28d24a6f
401858248,Louisville,NC State,28,31,STATUS_FINAL,COMPLETED,False,0,2026-10-03T19:30Z,EXACT,https://site.api.espn.com/apis/site/v2/sports/football/college-football/scoreboard?year=2026&week=5&seasontype=2&groups=80&limit=300,https://site.api.espn.com/apis/site/v2/sports/football/college-football/summary?event=401858248,2026-10-06T14:37:19.407803+00:00,2026-10-06T14:37:20.291767+00:00,6c5c365356f63c6ed33923718810c1d4d4959e4e6e5b22b0e1d8fcd447264f40,917bd1c0232f8557a8778a28301fc512121f9c29726d6bea81725b1623068237,6640448,final,2.0,https://ncaa-api.henrygd.me/scoreboard/football/fbs/2026/05/all-conf,2026-10-06T14:37:19.520724+00:00,e25d7d23b021fffbb6bda77a03166d1e9115cbdc52f0220df70178ef28d24a6f
401858249,Miami,Clemson,41,13,STATUS_FINAL,COMPLETED,False,0,2026-10-03T23:30Z,EXACT,https://site.api.espn.com/apis/site/v2/sports/football/college-football/scoreboard?year=2026&week=5&seasontype=2&groups=80&limit=300,https://site.api.espn.com/apis/site/v2/sports/football/college-football/summary?event=401858249,2026-10-06T14:37:19.407803+00:00,2026-10-06T14:37:20.450286+00:00,6c5c365356f63c6ed33923718810c1d4d4959e4e6e5b22b0e1d8fcd447264f40,b30003feb21a4a3eab3a27aeb5c136fc44e15a1a5de552ca8cf56e08c60e674d,6604024,final,1.833333,https://ncaa-api.henrygd.me/scoreboard/football/fbs/2026/05/all-conf,2026-10-06T14:37:19.520724+00:00,e25d7d23b021fffbb6bda77a03166d1e9115cbdc52f0220df70178ef28d24a6f
401858250,Notre Dame,North Carolina,37,26,STATUS_FINAL,COMPLETED,False,0,2026-10-03T16:00Z,EXACT,https://site.api.espn.com/apis/site/v2/sports/football/college-football/scoreboard?year=2026&week=5&seasontype=2&groups=80&limit=300,https://site.api.espn.com/apis/site/v2/sports/football/college-football/summary?event=401858250,2026-10-06T14:37:19.407803+00:00,2026-10-06T14:37:20.488041+00:00,6c5c365356f63c6ed33923718810c1d4d4959e4e6e5b22b0e1d8fcd447264f40,684cfefa986ede4417317248a8a8d17ae7d552d2fa8bd2e467939a448db9d7ea,6604141,final,2.0,https://ncaa-api.henrygd.me/scoreboard/football/fbs/2026/05/all-conf,2026-10-06T14:37:19.520724+00:00,e25d7d23b021fffbb6bda77a03166d1e9115cbdc52f0220df70178ef28d24a6f
401858251,Stanford,Wake Forest,3,57,STATUS_FINAL,COMPLETED,False,0,2026-10-03T16:00Z,EXACT,https://site.api.espn.com/apis/site/v2/sports/football/college-football/scoreboard?year=2026&week=5&seasontype=2&groups=80&limit=300,https://site.api.espn.com/apis/site/v2/sports/football/college-football/summary?event=401858251,2026-10-06T14:37:19.407803+00:00,2026-10-06T14:37:20.170811+00:00,6c5c365356f63c6ed33923718810c1d4d4959e4e6e5b22b0e1d8fcd447264f40,57d8bc0deeb995e5c7e70a9a87e55fbd0362f88d925c6fd351825dd0b96b9325,6604109,final,2.0,https://ncaa-api.henrygd.me/scoreboard/football/fbs/2026/05/all-conf,2026-10-06T14:37:19.520724+00:00,e25d7d23b021fffbb6bda77a03166d1e9115cbdc52f0220df70178ef28d24a6f
401858252,Syracuse,UConn,42,41,STATUS_FINAL,COMPLETED,True,1,2026-10-03T16:00Z,EXACT,https://site.api.espn.com/apis/site/v2/sports/football/college-football/scoreboard?year=2026&week=5&seasontype=2&groups=80&limit=300,https://site.api.espn.com/apis/site/v2/sports/football/college-football/summary?event=401858252,2026-10-06T14:37:19.407803+00:00,2026-10-06T14:37:20.246142+00:00,6c5c365356f63c6ed33923718810c1d4d4959e4e6e5b22b0e1d8fcd447264f40,adc58bd1b590e763d6b172e28b0068f6c67bafe5f830869a1d7d6663c46d9c8f,6640731,final,2.0,https://ncaa-api.henrygd.me/scoreboard/football/fbs/2026/05/all-conf,2026-10-06T14:37:19.520724+00:00,e25d7d23b021fffbb6bda77a03166d1e9115cbdc52f0220df70178ef28d24a6f
401858253,Virginia,Florida State,7,38,STATUS_FINAL,COMPLETED,False,0,2026-10-03T19:30Z,EXACT,https://site.api.espn.com/apis/site/v2/sports/football/college-football/scoreboard?year=2026&week=5&seasontype=2&groups=80&limit=300,https://site.api.espn.com/apis/site/v2/sports/football/college-football/summary?event=401858253,2026-10-06T14:37:19.407803+00:00,2026-10-06T14:37:20.234597+00:00,6c5c365356f63c6ed33923718810c1d4d4959e4e6e5b22b0e1d8fcd447264f40,5ebaf30c6292632885976fd9e6efc6b1f84cf77d4360df7fced0990d5f80a44e,6603965,final,2.0,https://ncaa-api.henrygd.me/scoreboard/football/fbs/2026/05/all-conf,2026-10-06T14:37:19.520724+00:00,e25d7d23b021fffbb6bda77a03166d1e9115cbdc52f0220df70178ef28d24a6f
401858472,Purdue,Illinois,24,17,STATUS_FINAL,COMPLETED,False,0,2026-10-03T20:15Z,EXACT,https://site.api.espn.com/apis/site/v2/sports/football/college-football/scoreboard?year=2026&week=5&seasontype=2&groups=80&limit=300,https://site.api.espn.com/apis/site/v2/sports/football/college-football/summary?event=401858472,2026-10-06T14:37:19.407803+00:00,2026-10-06T14:37:20.253134+00:00,6c5c365356f63c6ed33923718810c1d4d4959e4e6e5b22b0e1d8fcd447264f40,d765ca3c33c6cb12260552bab0a5c66f78e651d64bb14007684681621ae46dac,6604084,final,2.0,https://ncaa-api.henrygd.me/scoreboard/football/fbs/2026/05/all-conf,2026-10-06T14:37:19.520724+00:00,e25d7d23b021fffbb6bda77a03166d1e9115cbdc52f0220df70178ef28d24a6f
401858473,Ohio State,Iowa,31,14,STATUS_FINAL,COMPLETED,False,0,2026-10-03T19:30Z,EXACT,https://site.api.espn.com/apis/site/v2/sports/football/college-football/scoreboard?year=2026&week=5&seasontype=2&groups=80&limit=300,https://site.api.espn.com/apis/site/v2/sports/football/college-football/summary?event=401858473,2026-10-06T14:37:19.407803+00:00,2026-10-06T14:37:20.858457+00:00,6c5c365356f63c6ed33923718810c1d4d4959e4e6e5b22b0e1d8fcd447264f40,bb2e6fec34ebf4c0bec574cbaa8f10a72aa501a9a561344267e136e3e342476d,6603608,final,2.0,https://ncaa-api.henrygd.me/scoreboard/football/fbs/2026/05/all-conf,2026-10-06T14:37:19.520724+00:00,e25d7d23b021fffbb6bda77a03166d1e9115cbdc52f0220df70178ef28d24a6f
401858474,Michigan,Minnesota,14,20,STATUS_FINAL,COMPLETED,False,0,2026-10-03T16:00Z,EXACT,https://site.api.espn.com/apis/site/v2/sports/football/college-football/scoreboard?year=2026&week=5&seasontype=2&groups=80&limit=300,https://site.api.espn.com/apis/site/v2/sports/football/college-football/summary?event=401858474,2026-10-06T14:37:19.407803+00:00,2026-10-06T14:37:20.368222+00:00,6c5c365356f63c6ed33923718810c1d4d4959e4e6e5b22b0e1d8fcd447264f40,00ee51be505f70c16aab3929d20cc3d9c8fe37fe81f1d0e5578ba525efd66f3c,6603685,final,2.0,https://ncaa-api.henrygd.me/scoreboard/football/fbs/2026/05/all-conf,2026-10-06T14:37:19.520724+00:00,e25d7d23b021fffbb6bda77a03166d1e9115cbdc52f0220df70178ef28d24a6f
401858475,Maryland,Nebraska,23,48,STATUS_FINAL,COMPLETED,False,0,2026-10-03T20:00Z,EXACT,https://site.api.espn.com/apis/site/v2/sports/football/college-football/scoreboard?year=2026&week=5&seasontype=2&groups=80&limit=300,https://site.api.espn.com/apis/site/v2/sports/football/college-football/summary?event=401858475,2026-10-06T14:37:19.407803+00:00,2026-10-06T14:37:20.429217+00:00,6c5c365356f63c6ed33923718810c1d4d4959e4e6e5b22b0e1d8fcd447264f40,911874d7dc75b7c69055fa321dadcc4b0689ce4d3ba2e8f7b7667dfba9880854,6604147,final,2.0,https://ncaa-api.henrygd.me/scoreboard/football/fbs/2026/05/all-conf,2026-10-06T14:37:19.520724+00:00,e25d7d23b021fffbb6bda77a03166d1e9115cbdc52f0220df70178ef28d24a6f
401858476,Penn State,Northwestern,13,34,STATUS_FINAL,COMPLETED,False,0,2026-10-03T00:00Z,EXACT,https://site.api.espn.com/apis/site/v2/sports/football/college-football/scoreboard?year=2026&week=5&seasontype=2&groups=80&limit=300,https://site.api.espn.com/apis/site/v2/sports/football/college-football/summary?event=401858476,2026-10-06T14:37:19.407803+00:00,2026-10-06T14:37:20.719131+00:00,6c5c365356f63c6ed33923718810c1d4d4959e4e6e5b22b0e1d8fcd447264f40,a0c9d1552d34fe6536eb6996080e553459635e2a6b0d6f691ab1090c442888d0,6603760,final,2.0,https://ncaa-api.henrygd.me/scoreboard/football/fbs/2026/05/all-conf,2026-10-06T14:37:19.520724+00:00,e25d7d23b021fffbb6bda77a03166d1e9115cbdc52f0220df70178ef28d24a6f
401858477,Indiana,Rutgers,47,15,STATUS_FINAL,COMPLETED,False,0,2026-10-04T00:00Z,EXACT,https://site.api.espn.com/apis/site/v2/sports/football/college-football/scoreboard?year=2026&week=5&seasontype=2&groups=80&limit=300,https://site.api.espn.com/apis/site/v2/sports/football/college-football/summary?event=401858477,2026-10-06T14:37:19.407803+00:00,2026-10-06T14:37:20.478508+00:00,6c5c365356f63c6ed33923718810c1d4d4959e4e6e5b22b0e1d8fcd447264f40,0816b66db2223453bac8cf95e96875cae8f8eaf81e0d50a2bb017c0465a01dc5,6603949,final,2.0,https://ncaa-api.henrygd.me/scoreboard/football/fbs/2026/05/all-conf,2026-10-06T14:37:19.520724+00:00,e25d7d23b021fffbb6bda77a03166d1e9115cbdc52f0220df70178ef28d24a6f
401858478,Washington,USC,21,25,STATUS_FINAL,COMPLETED,False,0,2026-10-03T23:30Z,EXACT,https://site.api.espn.com/apis/site/v2/sports/football/college-football/scoreboard?year=2026&week=5&seasontype=2&groups=80&limit=300,https://site.api.espn.com/apis/site/v2/sports/football/college-football/summary?event=401858478,2026-10-06T14:37:19.407803+00:00,2026-10-06T14:37:20.494568+00:00,6c5c365356f63c6ed33923718810c1d4d4959e4e6e5b22b0e1d8fcd447264f40,1b4a97af2f08c04c64cc24c9e1dd0057f59d1bdc73cfc7c7d3d052b9e94f3ec6,6640442,final,1.190476,https://ncaa-api.henrygd.me/scoreboard/football/fbs/2026/05/all-conf,2026-10-06T14:37:19.520724+00:00,e25d7d23b021fffbb6bda77a03166d1e9115cbdc52f0220df70178ef28d24a6f
401858479,Michigan State,Wisconsin,3,31,STATUS_FINAL,COMPLETED,False,0,2026-10-03T16:30Z,EXACT,https://site.api.espn.com/apis/site/v2/sports/football/college-football/scoreboard?year=2026&week=5&seasontype=2&groups=80&limit=300,https://site.api.espn.com/apis/site/v2/sports/football/college-football/summary?event=401858479,2026-10-06T14:37:19.407803+00:00,2026-10-06T14:37:20.746798+00:00,6c5c365356f63c6ed33923718810c1d4d4959e4e6e5b22b0e1d8fcd447264f40,2c625e12365428e4d14e9e33b09e192eefede903d7d6c641c1031876e3ba758d,6640652,final,2.0,https://ncaa-api.henrygd.me/scoreboard/football/fbs/2026/05/all-conf,2026-10-06T14:37:19.520724+00:00,e25d7d23b021fffbb6bda77a03166d1e9115cbdc52f0220df70178ef28d24a6f
401860898,Utah State,Boise State,18,37,STATUS_FINAL,COMPLETED,False,0,2026-10-03T23:30Z,EXACT,https://site.api.espn.com/apis/site/v2/sports/football/college-football/scoreboard?year=2026&week=5&seasontype=2&groups=80&limit=300,https://site.api.espn.com/apis/site/v2/sports/football/college-football/summary?event=401860898,2026-10-06T14:37:19.407803+00:00,2026-10-06T14:37:20.651366+00:00,6c5c365356f63c6ed33923718810c1d4d4959e4e6e5b22b0e1d8fcd447264f40,42cda56ca6ab7c029b483b9feef22faa5f66729910376f81f106bdc7a8e9f2fc,6604290,final,2.0,https://ncaa-api.henrygd.me/scoreboard/football/fbs/2026/05/all-conf,2026-10-06T14:37:19.520724+00:00,e25d7d23b021fffbb6bda77a03166d1e9115cbdc52f0220df70178ef28d24a6f
401860899,Oregon State,Colorado State,56,26,STATUS_FINAL,COMPLETED,False,0,2026-10-03T22:00Z,EXACT,https://site.api.espn.com/apis/site/v2/sports/football/college-football/scoreboard?year=2026&week=5&seasontype=2&groups=80&limit=300,https://site.api.espn.com/apis/site/v2/sports/football/college-football/summary?event=401860899,2026-10-06T14:37:19.407803+00:00,2026-10-06T14:37:20.631753+00:00,6c5c365356f63c6ed33923718810c1d4d4959e4e6e5b22b0e1d8fcd447264f40,b1573fee221cfd476187407fda106ab96832f8facf1df56bc6bebc550a6edb0f,6604199,final,2.0,https://ncaa-api.henrygd.me/scoreboard/football/fbs/2026/05/all-conf,2026-10-06T14:37:19.520724+00:00,e25d7d23b021fffbb6bda77a03166d1e9115cbdc52f0220df70178ef28d24a6f
401860900,Texas State,San Diego State,29,31,STATUS_FINAL,COMPLETED,False,0,2026-10-04T02:30Z,EXACT,https://site.api.espn.com/apis/site/v2/sports/football/college-football/scoreboard?year=2026&week=5&seasontype=2&groups=80&limit=300,https://site.api.espn.com/apis/site/v2/sports/football/college-football/summary?event=401860900,2026-10-06T14:37:19.407803+00:00,2026-10-06T14:37:20.604120+00:00,6c5c365356f63c6ed33923718810c1d4d4959e4e6e5b22b0e1d8fcd447264f40,3fa91a89cd7fe1694809fc3cb94c668e41026ef02dfa92c743d7b0dc5054e6ce,6604221,final,2.0,https://ncaa-api.henrygd.me/scoreboard/football/fbs/2026/05/all-conf,2026-10-06T14:37:19.520724+00:00,e25d7d23b021fffbb6bda77a03166d1e9115cbdc52f0220df70178ef28d24a6f
401860921,Fresno State,Washington State,26,6,STATUS_FINAL,COMPLETED,False,0,2026-10-04T01:30Z,EXACT,https://site.api.espn.com/apis/site/v2/sports/football/college-football/scoreboard?year=2026&week=5&seasontype=2&groups=80&limit=300,https://site.api.espn.com/apis/site/v2/sports/football/college-football/summary?event=401860921,2026-10-06T14:37:19.407803+00:00,2026-10-06T14:37:20.688911+00:00,6c5c365356f63c6ed33923718810c1d4d4959e4e6e5b22b0e1d8fcd447264f40,cb02c19085709094718aab3a0b52a07947b14ea76a3c8bb280ef8351b99e3bb0,6640657,final,2.0,https://ncaa-api.henrygd.me/scoreboard/football/fbs/2026/05/all-conf,2026-10-06T14:37:19.520724+00:00,e25d7d23b021fffbb6bda77a03166d1e9115cbdc52f0220df70178ef28d24a6f
401862786,North Texas,Tulsa,45,44,STATUS_FINAL,COMPLETED,True,1,2026-10-02T01:00Z,EXACT,https://site.api.espn.com/apis/site/v2/sports/football/college-football/scoreboard?year=2026&week=5&seasontype=2&groups=80&limit=300,https://site.api.espn.com/apis/site/v2/sports/football/college-football/summary?event=401862786,2026-10-06T14:37:19.407803+00:00,2026-10-06T14:37:20.827769+00:00,6c5c365356f63c6ed33923718810c1d4d4959e4e6e5b22b0e1d8fcd447264f40,96b192bb728f761553473696022dbdba5afddc72056ae77299dbfb2e3586903f,6603616,final,2.0,https://ncaa-api.henrygd.me/scoreboard/football/fbs/2026/05/all-conf,2026-10-06T14:37:19.520724+00:00,e25d7d23b021fffbb6bda77a03166d1e9115cbdc52f0220df70178ef28d24a6f
401862787,Memphis,Charlotte,59,8,STATUS_FINAL,COMPLETED,False,0,2026-10-03T15:00Z,EXACT,https://site.api.espn.com/apis/site/v2/sports/football/college-football/scoreboard?year=2026&week=5&seasontype=2&groups=80&limit=300,https://site.api.espn.com/apis/site/v2/sports/football/college-football/summary?event=401862787,2026-10-06T14:37:19.407803+00:00,2026-10-06T14:37:20.812100+00:00,6c5c365356f63c6ed33923718810c1d4d4959e4e6e5b22b0e1d8fcd447264f40,d97318415201eff6f8bd91e254e94becac26b0af80600c0197a93e4beeaf2a1e,6603717,final,2.0,https://ncaa-api.henrygd.me/scoreboard/football/fbs/2026/05/all-conf,2026-10-06T14:37:19.520724+00:00,e25d7d23b021fffbb6bda77a03166d1e9115cbdc52f0220df70178ef28d24a6f
401862788,UTSA,Rice,16,14,STATUS_FINAL,COMPLETED,False,0,2026-10-03T23:00Z,EXACT,https://site.api.espn.com/apis/site/v2/sports/football/college-football/scoreboard?year=2026&week=5&seasontype=2&groups=80&limit=300,https://site.api.espn.com/apis/site/v2/sports/football/college-football/summary?event=401862788,2026-10-06T14:37:19.407803+00:00,2026-10-06T14:37:20.779446+00:00,6c5c365356f63c6ed33923718810c1d4d4959e4e6e5b22b0e1d8fcd447264f40,5c517dd00866a1af520c056002ad1f0cbcb395789d92ea11c7d2e7613edd1e7a,6604274,final,2.0,https://ncaa-api.henrygd.me/scoreboard/football/fbs/2026/05/all-conf,2026-10-06T14:37:19.520724+00:00,e25d7d23b021fffbb6bda77a03166d1e9115cbdc52f0220df70178ef28d24a6f
401862791,Navy,Air Force,9,14,STATUS_FINAL,COMPLETED,False,0,2026-10-03T16:00Z,EXACT,https://site.api.espn.com/apis/site/v2/sports/football/college-football/scoreboard?year=2026&week=5&seasontype=2&groups=80&limit=300,https://site.api.espn.com/apis/site/v2/sports/football/college-football/summary?event=401862791,2026-10-06T14:37:19.407803+00:00,2026-10-06T14:37:20.933006+00:00,6c5c365356f63c6ed33923718810c1d4d4959e4e6e5b22b0e1d8fcd447264f40,512aec8f2af7dca03186614ab95594e35349f4fd79fb38ab1172b31ef511e3a8,6604049,final,2.0,https://ncaa-api.henrygd.me/scoreboard/football/fbs/2026/05/all-conf,2026-10-06T14:37:19.520724+00:00,e25d7d23b021fffbb6bda77a03166d1e9115cbdc52f0220df70178ef28d24a6f
401862792,Temple,South Florida,17,13,STATUS_FINAL,COMPLETED,False,0,2026-10-03T23:30Z,EXACT,https://site.api.espn.com/apis/site/v2/sports/football/college-football/scoreboard?year=2026&week=5&seasontype=2&groups=80&limit=300,https://site.api.espn.com/apis/site/v2/sports/football/college-football/summary?event=401862792,2026-10-06T14:37:19.407803+00:00,2026-10-06T14:37:20.888645+00:00,6c5c365356f63c6ed33923718810c1d4d4959e4e6e5b22b0e1d8fcd447264f40,c18e0fd37ef5f9bffe5ee224c70ee8617b9c5da9301ae099afdde17cb0fa80bc,6604248,final,1.8,https://ncaa-api.henrygd.me/scoreboard/football/fbs/2026/05/all-conf,2026-10-06T14:37:19.520724+00:00,e25d7d23b021fffbb6bda77a03166d1e9115cbdc52f0220df70178ef28d24a6f
401864513,San José State,Hawai'i,20,16,STATUS_FINAL,COMPLETED,False,0,2026-10-04T03:59Z,EXACT,https://site.api.espn.com/apis/site/v2/sports/football/college-football/scoreboard?year=2026&week=5&seasontype=2&groups=80&limit=300,https://site.api.espn.com/apis/site/v2/sports/football/college-football/summary?event=401864513,2026-10-06T14:37:19.407803+00:00,2026-10-06T14:37:20.974418+00:00,6c5c365356f63c6ed33923718810c1d4d4959e4e6e5b22b0e1d8fcd447264f40,8ab530deb3d2776d8d459d7f6ef79a29a338be6408c19c05100830ca81848f6c,6603958,final,2.0,https://ncaa-api.henrygd.me/scoreboard/football/fbs/2026/05/all-conf,2026-10-06T14:37:19.520724+00:00,e25d7d23b021fffbb6bda77a03166d1e9115cbdc52f0220df70178ef28d24a6f
401864514,UTEP,New Mexico,7,61,STATUS_FINAL,COMPLETED,False,0,2026-10-03T20:00Z,EXACT,https://site.api.espn.com/apis/site/v2/sports/football/college-football/scoreboard?year=2026&week=5&seasontype=2&groups=80&limit=300,https://site.api.espn.com/apis/site/v2/sports/football/college-football/summary?event=401864514,2026-10-06T14:37:19.407803+00:00,2026-10-06T14:37:20.914370+00:00,6c5c365356f63c6ed33923718810c1d4d4959e4e6e5b22b0e1d8fcd447264f40,853ec3f66af79acf48729cf064b829a52f1005beb7b13da2e67d9e86144ee4ab,6603906,final,2.0,https://ncaa-api.henrygd.me/scoreboard/football/fbs/2026/05/all-conf,2026-10-06T14:37:19.520724+00:00,e25d7d23b021fffbb6bda77a03166d1e9115cbdc52f0220df70178ef28d24a6f
401864515,Wyoming,North Dakota State,0,28,STATUS_FINAL,COMPLETED,False,0,2026-10-03T19:30Z,EXACT,https://site.api.espn.com/apis/site/v2/sports/football/college-football/scoreboard?year=2026&week=5&seasontype=2&groups=80&limit=300,https://site.api.espn.com/apis/site/v2/sports/football/college-football/summary?event=401864515,2026-10-06T14:37:19.407803+00:00,2026-10-06T14:37:21.045984+00:00,6c5c365356f63c6ed33923718810c1d4d4959e4e6e5b22b0e1d8fcd447264f40,aca97e0eb455344e30b62e7582b138b2c7f7e23529ec4483e4d53758ef55e35c,6604128,final,2.0,https://ncaa-api.henrygd.me/scoreboard/football/fbs/2026/05/all-conf,2026-10-06T14:37:19.520724+00:00,e25d7d23b021fffbb6bda77a03166d1e9115cbdc52f0220df70178ef28d24a6f
401866430,Akron,Central Michigan,17,41,STATUS_FINAL,COMPLETED,False,0,2026-10-03T19:30Z,EXACT,https://site.api.espn.com/apis/site/v2/sports/football/college-football/scoreboard?year=2026&week=5&seasontype=2&groups=80&limit=300,https://site.api.espn.com/apis/site/v2/sports/football/college-football/summary?event=401866430,2026-10-06T14:37:19.407803+00:00,2026-10-06T14:37:21.023101+00:00,6c5c365356f63c6ed33923718810c1d4d4959e4e6e5b22b0e1d8fcd447264f40,3b612ad57ee974d5a232b78831637a29734d5065e83d1a18abe55511f9faba8e,6603894,final,1.846154,https://ncaa-api.henrygd.me/scoreboard/football/fbs/2026/05/all-conf,2026-10-06T14:37:19.520724+00:00,e25d7d23b021fffbb6bda77a03166d1e9115cbdc52f0220df70178ef28d24a6f
401866431,Toledo,Ball State,39,24,STATUS_FINAL,COMPLETED,False,0,2026-10-03T18:00Z,EXACT,https://site.api.espn.com/apis/site/v2/sports/football/college-football/scoreboard?year=2026&week=5&seasontype=2&groups=80&limit=300,https://site.api.espn.com/apis/site/v2/sports/football/college-football/summary?event=401866431,2026-10-06T14:37:19.407803+00:00,2026-10-06T14:37:21.058518+00:00,6c5c365356f63c6ed33923718810c1d4d4959e4e6e5b22b0e1d8fcd447264f40,1a038559a7235ca09ea422c2f6a18f975e1058128bdc2d564a4266f7711fb094,6604264,final,2.0,https://ncaa-api.henrygd.me/scoreboard/football/fbs/2026/05/all-conf,2026-10-06T14:37:19.520724+00:00,e25d7d23b021fffbb6bda77a03166d1e9115cbdc52f0220df70178ef28d24a6f
401866432,Western Michigan,Buffalo,20,17,STATUS_FINAL,COMPLETED,False,0,2026-10-03T17:00Z,EXACT,https://site.api.espn.com/apis/site/v2/sports/football/college-football/scoreboard?year=2026&week=5&seasontype=2&groups=80&limit=300,https://site.api.espn.com/apis/site/v2/sports/football/college-football/summary?event=401866432,2026-10-06T14:37:19.407803+00:00,2026-10-06T14:37:21.054514+00:00,6c5c365356f63c6ed33923718810c1d4d4959e4e6e5b22b0e1d8fcd447264f40,68f985a903e602b4bce662d42275249336a1b3c7e3a1a9a790c6247daf18c33c,6603827,final,1.846154,https://ncaa-api.henrygd.me/scoreboard/football/fbs/2026/05/all-conf,2026-10-06T14:37:19.520724+00:00,e25d7d23b021fffbb6bda77a03166d1e9115cbdc52f0220df70178ef28d24a6f
401866433,Eastern Michigan,Massachusetts,38,14,STATUS_FINAL,COMPLETED,False,0,2026-10-03T19:30Z,EXACT,https://site.api.espn.com/apis/site/v2/sports/football/college-football/scoreboard?year=2026&week=5&seasontype=2&groups=80&limit=300,https://site.api.espn.com/apis/site/v2/sports/football/college-football/summary?event=401866433,2026-10-06T14:37:19.407803+00:00,2026-10-06T14:37:21.071590+00:00,6c5c365356f63c6ed33923718810c1d4d4959e4e6e5b22b0e1d8fcd447264f40,8e6e0707b8ea830a01c0f9b56177b71a517b65104b66846cbc3c399ad21908a2,6603870,final,1.846154,https://ncaa-api.henrygd.me/scoreboard/football/fbs/2026/05/all-conf,2026-10-06T14:37:19.520724+00:00,e25d7d23b021fffbb6bda77a03166d1e9115cbdc52f0220df70178ef28d24a6f
401866434,Ohio,Kent State,13,10,STATUS_FINAL,COMPLETED,False,0,2026-10-03T19:30Z,EXACT,https://site.api.espn.com/apis/site/v2/sports/football/college-football/scoreboard?year=2026&week=5&seasontype=2&groups=80&limit=300,https://site.api.espn.com/apis/site/v2/sports/football/college-football/summary?event=401866434,2026-10-06T14:37:19.407803+00:00,2026-10-06T14:37:21.140428+00:00,6c5c365356f63c6ed33923718810c1d4d4959e4e6e5b22b0e1d8fcd447264f40,61c8589cd64742699e6ba137e5b12f3941d7eb97a3748a057cc67e036edc138b,6640728,final,2.0,https://ncaa-api.henrygd.me/scoreboard/football/fbs/2026/05/all-conf,2026-10-06T14:37:19.520724+00:00,e25d7d23b021fffbb6bda77a03166d1e9115cbdc52f0220df70178ef28d24a6f
401866477,Bowling Green,Miami (OH),24,20,STATUS_FINAL,COMPLETED,False,0,2026-10-03T19:30Z,EXACT,https://site.api.espn.com/apis/site/v2/sports/football/college-football/scoreboard?year=2026&week=5&seasontype=2&groups=80&limit=300,https://site.api.espn.com/apis/site/v2/sports/football/college-football/summary?event=401866477,2026-10-06T14:37:19.407803+00:00,2026-10-06T14:37:21.185231+00:00,6c5c365356f63c6ed33923718810c1d4d4959e4e6e5b22b0e1d8fcd447264f40,c4e02b1da132221c8b6963e9776b5781ced486557948ba8d12969dc8b2a74799,6603988,final,2.0,https://ncaa-api.henrygd.me/scoreboard/football/fbs/2026/05/all-conf,2026-10-06T14:37:19.520724+00:00,e25d7d23b021fffbb6bda77a03166d1e9115cbdc52f0220df70178ef28d24a6f
401869842,Army,Louisiana Tech,29,31,STATUS_FINAL,COMPLETED,False,0,2026-10-03T23:30Z,EXACT,https://site.api.espn.com/apis/site/v2/sports/football/college-football/scoreboard?year=2026&week=5&seasontype=2&groups=80&limit=300,https://site.api.espn.com/apis/site/v2/sports/football/college-football/summary?event=401869842,2026-10-06T14:37:19.407803+00:00,2026-10-06T14:37:21.198274+00:00,6c5c365356f63c6ed33923718810c1d4d4959e4e6e5b22b0e1d8fcd447264f40,b1f528354c1e13489a90e68162331cdee0ef558fffa0bb230ac5afc884c41df4,6603861,final,1.470588,https://ncaa-api.henrygd.me/scoreboard/football/fbs/2026/05/all-conf,2026-10-06T14:37:19.520724+00:00,e25d7d23b021fffbb6bda77a03166d1e9115cbdc52f0220df70178ef28d24a6f
401869932,Arkansas State,Louisiana,20,23,STATUS_FINAL,COMPLETED,False,0,2026-10-04T00:00Z,EXACT,https://site.api.espn.com/apis/site/v2/sports/football/college-football/scoreboard?year=2026&week=5&seasontype=2&groups=80&limit=300,https://site.api.espn.com/apis/site/v2/sports/football/college-football/summary?event=401869932,2026-10-06T14:37:19.407803+00:00,2026-10-06T14:37:21.229397+00:00,6c5c365356f63c6ed33923718810c1d4d4959e4e6e5b22b0e1d8fcd447264f40,bd46671f0fb403d10c8f3f5cecff5da3227fd562d93cc7d9614c1f3ff78070d3,6603749,final,2.0,https://ncaa-api.henrygd.me/scoreboard/football/fbs/2026/05/all-conf,2026-10-06T14:37:19.520724+00:00,e25d7d23b021fffbb6bda77a03166d1e9115cbdc52f0220df70178ef28d24a6f
401869942,Georgia Southern,Coastal Carolina,31,24,STATUS_FINAL,COMPLETED,False,0,2026-10-03T23:00Z,EXACT,https://site.api.espn.com/apis/site/v2/sports/football/college-football/scoreboard?year=2026&week=5&seasontype=2&groups=80&limit=300,https://site.api.espn.com/apis/site/v2/sports/football/college-football/summary?event=401869942,2026-10-06T14:37:19.407803+00:00,2026-10-06T14:37:21.394874+00:00,6c5c365356f63c6ed33923718810c1d4d4959e4e6e5b22b0e1d8fcd447264f40,94952e736dd1d5050c0888b1e57713f74f7e3e6b01608aeb6a871a89cc2da8d2,6603782,final,1.8,https://ncaa-api.henrygd.me/scoreboard/football/fbs/2026/05/all-conf,2026-10-06T14:37:19.520724+00:00,e25d7d23b021fffbb6bda77a03166d1e9115cbdc52f0220df70178ef28d24a6f
401869956,Old Dominion,Georgia State,10,42,STATUS_FINAL,COMPLETED,False,0,2026-10-03T19:30Z,EXACT,https://site.api.espn.com/apis/site/v2/sports/football/college-football/scoreboard?year=2026&week=5&seasontype=2&groups=80&limit=300,https://site.api.espn.com/apis/site/v2/sports/football/college-football/summary?event=401869956,2026-10-06T14:37:19.407803+00:00,2026-10-06T14:37:21.461031+00:00,6c5c365356f63c6ed33923718810c1d4d4959e4e6e5b22b0e1d8fcd447264f40,9cb5e119bf5531d23b23c41748f6c31fb3974f0de807431b120c9368bf737bf3,6604004,final,2.0,https://ncaa-api.henrygd.me/scoreboard/football/fbs/2026/05/all-conf,2026-10-06T14:37:19.520724+00:00,e25d7d23b021fffbb6bda77a03166d1e9115cbdc52f0220df70178ef28d24a6f
401869962,Marshall,James Madison,17,45,STATUS_FINAL,COMPLETED,False,0,2026-10-03T19:45Z,EXACT,https://site.api.espn.com/apis/site/v2/sports/football/college-football/scoreboard?year=2026&week=5&seasontype=2&groups=80&limit=300,https://site.api.espn.com/apis/site/v2/sports/football/college-football/summary?event=401869962,2026-10-06T14:37:19.407803+00:00,2026-10-06T14:37:21.421475+00:00,6c5c365356f63c6ed33923718810c1d4d4959e4e6e5b22b0e1d8fcd447264f40,b8f07233be162be3d86011651fc8c07196a014b15ff3ce47e60b02230fc7bf5e,6603937,final,2.0,https://ncaa-api.henrygd.me/scoreboard/football/fbs/2026/05/all-conf,2026-10-06T14:37:19.520724+00:00,e25d7d23b021fffbb6bda77a03166d1e9115cbdc52f0220df70178ef28d24a6f
401871049,Western Kentucky,New Mexico State,13,34,STATUS_FINAL,COMPLETED,False,0,2026-10-02T00:00Z,EXACT,https://site.api.espn.com/apis/site/v2/sports/football/college-football/scoreboard?year=2026&week=5&seasontype=2&groups=80&limit=300,https://site.api.espn.com/apis/site/v2/sports/football/college-football/summary?event=401871049,2026-10-06T14:37:19.407803+00:00,2026-10-06T14:37:21.428991+00:00,6c5c365356f63c6ed33923718810c1d4d4959e4e6e5b22b0e1d8fcd447264f40,613dc48168450f736cd13ae11b048918d9e114aaa77d6cea3742289fd9909131,6604167,final,1.75,https://ncaa-api.henrygd.me/scoreboard/football/fbs/2026/05/all-conf,2026-10-06T14:37:19.520724+00:00,e25d7d23b021fffbb6bda77a03166d1e9115cbdc52f0220df70178ef28d24a6f
401871050,Liberty,Delaware,30,14,STATUS_FINAL,COMPLETED,False,0,2026-10-02T23:00Z,EXACT,https://site.api.espn.com/apis/site/v2/sports/football/college-football/scoreboard?year=2026&week=5&seasontype=2&groups=80&limit=300,https://site.api.espn.com/apis/site/v2/sports/football/college-football/summary?event=401871050,2026-10-06T14:37:19.407803+00:00,2026-10-06T14:37:21.318547+00:00,6c5c365356f63c6ed33923718810c1d4d4959e4e6e5b22b0e1d8fcd447264f40,e87bf8d198aa6764e46246bdcb03b5d199eeab2fcf28c702d710efc683341257,6604076,final,2.0,https://ncaa-api.henrygd.me/scoreboard/football/fbs/2026/05/all-conf,2026-10-06T14:37:19.520724+00:00,e25d7d23b021fffbb6bda77a03166d1e9115cbdc52f0220df70178ef28d24a6f
401871089,UL Monroe,South Alabama,35,52,STATUS_FINAL,COMPLETED,False,0,2026-10-03T23:00Z,EXACT,https://site.api.espn.com/apis/site/v2/sports/football/college-football/scoreboard?year=2026&week=5&seasontype=2&groups=80&limit=300,https://site.api.espn.com/apis/site/v2/sports/football/college-football/summary?event=401871089,2026-10-06T14:37:19.407803+00:00,2026-10-06T14:37:21.435525+00:00,6c5c365356f63c6ed33923718810c1d4d4959e4e6e5b22b0e1d8fcd447264f40,e517b0c0b92b4e452210d809dc86ccc55669a45d6165474451dd824c04b5baa1,6603703,final,1.545455,https://ncaa-api.henrygd.me/scoreboard/football/fbs/2026/05/all-conf,2026-10-06T14:37:19.520724+00:00,e25d7d23b021fffbb6bda77a03166d1e9115cbdc52f0220df70178ef28d24a6f
