game_id,away,home,locked_home_spread,selected_side,pick,selected_spread,projected_home_margin,raw_home_ats_edge,raw_selected_ats_edge,shadow_uncertainty_points,confidence,rank,governed_top_five,analytical_shortlist,decision_shortlist,final_away_score,final_home_score,actual_home_margin,ats_result,ats_grading_margin,model_home_margin_error,favorite_status,location,spread_bucket,raw_edge_bucket,fcs_contaminated_prior_sample,prior_fcs_games,prior_blowout_35_plus,qb_status,oct1_market_locked_advantage,closing_clv_status,score_source,score_retrieved_at_utc
401856705,Vanderbilt,Georgia,-24.5,away,Vanderbilt,24.5,21.748178616650588,-2.7518213833494123,2.7518213833494123,18.290927446326037,1,,False,False,False,14,38,24,WIN,0.5,2.2518213833494123,underdog,away,21+,<3,True,2,True,QB_UNCERTAINTY_PRESENT,-1.0,UNAVAILABLE_NO_TIMESTAMPED_CLOSE,https://site.api.espn.com/apis/site/v2/sports/football/college-football/summary?event=401856705,2026-10-06T14:37:19.755832+00:00
401856707,Alabama,Mississippi State,5.5,home,Mississippi State,5.5,1.821660623297891,7.321660623297891,7.321660623297891,18.282235890222548,1,,False,True,True,56,23,-33,LOSS,-27.5,-34.82166062329789,underdog,home,3-6.5,7-9.9,False,0,True,PROBABLE/PROBABLE,0.0,UNAVAILABLE_NO_TIMESTAMPED_CLOSE,https://site.api.espn.com/apis/site/v2/sports/football/college-football/summary?event=401856707,2026-10-06T14:37:19.780467+00:00
401856708,Florida,Missouri,5.5,home,Missouri,5.5,-2.445883592679558,3.054116407320442,3.054116407320442,18.283296097924456,1,,False,False,False,17,45,28,WIN,33.5,30.445883592679557,underdog,home,3-6.5,3-4.9,True,2,True,QB_UNCERTAINTY_PRESENT,0.0,UNAVAILABLE_NO_TIMESTAMPED_CLOSE,https://site.api.espn.com/apis/site/v2/sports/football/college-football/summary?event=401856708,2026-10-06T14:37:19.699029+00:00
401856709,Kentucky,South Carolina,-2.5,away,Kentucky,2.5,-2.7487719309940735,-5.2487719309940735,5.2487719309940735,18.283410519729106,1,,False,False,False,35,34,-1,WIN,3.5,1.7487719309940735,underdog,away,0-2.5,5-6.9,True,2,True,QB_UNCERTAINTY_PRESENT,-0.5,UNAVAILABLE_NO_TIMESTAMPED_CLOSE,https://site.api.espn.com/apis/site/v2/sports/football/college-football/summary?event=401856709,2026-10-06T14:37:19.838759+00:00
401856710,Auburn,Tennessee,-7.5,home,Tennessee,-7.5,11.344136568663671,3.8441365686636715,3.8441365686636715,18.283586459588765,1,,False,False,False,14,24,10,WIN,2.5,-1.3441365686636715,favorite,home,7-13.5,3-4.9,True,1,True,QB_UNCERTAINTY_PRESENT,-0.5,UNAVAILABLE_NO_TIMESTAMPED_CLOSE,https://site.api.espn.com/apis/site/v2/sports/football/college-football/summary?event=401856710,2026-10-06T14:37:19.821697+00:00
401856711,Arkansas,Texas A&M,-14.5,away,Arkansas,14.5,7.426709841285708,-7.073290158714292,7.073290158714292,18.28240945612757,1,,False,False,False,7,34,27,LOSS,-12.5,19.573290158714293,underdog,away,14-20.5,7-9.9,True,1,True,QB_UNCERTAINTY_PRESENT,0.5,UNAVAILABLE_NO_TIMESTAMPED_CLOSE,https://site.api.espn.com/apis/site/v2/sports/football/college-football/summary?event=401856711,2026-10-06T14:37:19.830212+00:00
401856807,Middle Tennessee,Kansas,-19.5,away,Middle Tennessee,19.5,7.069072766029998,-12.430927233970003,12.430927233970003,18.28234526958166,1,,False,False,False,0,55,55,LOSS,-35.5,47.93092723397,underdog,away,14-20.5,10+,True,2,True,QB_UNCERTAINTY_PRESENT,1.0,UNAVAILABLE_NO_TIMESTAMPED_CLOSE,https://site.api.espn.com/apis/site/v2/sports/football/college-football/summary?event=401856807,2026-10-06T14:37:19.665880+00:00
401856817,Baylor,Arizona State,-3.5,away,Baylor,3.5,-2.2145947853889085,-5.7145947853889085,5.7145947853889085,18.283212220147544,1,,False,False,False,55,19,-36,WIN,39.5,-33.78540521461109,underdog,away,3-6.5,5-6.9,True,2,True,QB_UNCERTAINTY_PRESENT,-0.5,UNAVAILABLE_NO_TIMESTAMPED_CLOSE,https://site.api.espn.com/apis/site/v2/sports/football/college-football/summary?event=401856817,2026-10-06T14:37:19.810111+00:00
401856818,BYU,TCU,6.5,away,BYU,-6.5,-10.61913791833006,-4.119137918330059,4.119137918330059,18.288203476450796,1,,False,False,False,17,10,-7,WIN,0.5,3.6191379183300594,favorite,away,3-6.5,3-4.9,True,2,True,QB_UNCERTAINTY_PRESENT,0.0,UNAVAILABLE_NO_TIMESTAMPED_CLOSE,https://site.api.espn.com/apis/site/v2/sports/football/college-football/summary?event=401856818,2026-10-06T14:37:19.900639+00:00
401856819,UCF,Houston,-12.5,away,UCF,12.5,10.672197771213074,-1.8278022287869256,1.8278022287869256,18.283322863703564,1,,False,False,False,17,27,10,WIN,2.5,-0.6721977712130744,underdog,away,7-13.5,<3,True,2,True,QB_UNCERTAINTY_PRESENT,1.0,UNAVAILABLE_NO_TIMESTAMPED_CLOSE,https://site.api.espn.com/apis/site/v2/sports/football/college-football/summary?event=401856819,2026-10-06T14:37:19.949855+00:00
401856820,Cincinnati,Arizona,-7.5,away,Cincinnati,7.5,3.736138890967289,-3.763861109032711,3.763861109032711,18.282095209482648,1,,False,True,True,7,34,27,LOSS,-19.5,23.26386110903271,underdog,away,7-13.5,3-4.9,True,2,True,PROBABLE/PROBABLE,1.0,UNAVAILABLE_NO_TIMESTAMPED_CLOSE,https://site.api.espn.com/apis/site/v2/sports/football/college-football/summary?event=401856820,2026-10-06T14:37:19.977047+00:00
401856821,Texas Tech,Colorado,13.5,home,Colorado,13.5,-2.0692822195692697,11.43071778043073,11.43071778043073,18.283161070503432,1,,False,False,False,29,7,-22,LOSS,-8.5,-19.93071778043073,underdog,home,7-13.5,10+,True,2,True,QB_UNCERTAINTY_PRESENT,1.0,UNAVAILABLE_NO_TIMESTAMPED_CLOSE,https://site.api.espn.com/apis/site/v2/sports/football/college-football/summary?event=401856821,2026-10-06T14:37:20.221988+00:00
401856822,West Virginia,Iowa State,-2.5,home,Iowa State,-2.5,7.643975064670211,5.143975064670211,5.143975064670211,18.282451984453534,1,,False,False,False,42,45,3,WIN,0.5,-4.643975064670211,favorite,home,0-2.5,5-6.9,True,2,True,QB_UNCERTAINTY_PRESENT,0.5,UNAVAILABLE_NO_TIMESTAMPED_CLOSE,https://site.api.espn.com/apis/site/v2/sports/football/college-football/summary?event=401856822,2026-10-06T14:37:20.006414+00:00
401858245,Pittsburgh,Virginia Tech,-3.5,away,Pittsburgh,3.5,-1.0105241773538909,-4.510524177353891,4.510524177353891,18.282824464190686,1,2,True,True,True,35,33,-2,WIN,5.5,-0.9894758226461091,underdog,away,3-6.5,3-4.9,True,2,True,PROBABLE/PROBABLE,0.5,UNAVAILABLE_NO_TIMESTAMPED_CLOSE,https://site.api.espn.com/apis/site/v2/sports/football/college-football/summary?event=401858245,2026-10-06T14:37:20.025718+00:00
401858246,Boston College,SMU,-20.5,away,Boston College,20.5,13.217921689590305,-7.282078310409695,7.282078310409695,18.28445649534071,1,,False,False,False,16,25,9,WIN,11.5,-4.217921689590305,underdog,away,14-20.5,7-9.9,True,2,True,QB_UNCERTAINTY_PRESENT,-0.5,UNAVAILABLE_NO_TIMESTAMPED_CLOSE,https://site.api.espn.com/apis/site/v2/sports/football/college-football/summary?event=401858246,2026-10-06T14:37:20.012921+00:00
401858247,California,UNLV,-2.5,home,UNLV,-2.5,5.48391943076167,2.98391943076167,2.98391943076167,18.28214793137523,1,,False,True,False,31,39,8,WIN,5.5,2.51608056923833,favorite,home,0-2.5,<3,True,1,True,QB_UNCERTAINTY_PRESENT,0.0,UNAVAILABLE_NO_TIMESTAMPED_CLOSE,https://site.api.espn.com/apis/site/v2/sports/football/college-football/summary?event=401858247,2026-10-06T14:37:20.057189+00:00
401858248,Louisville,NC State,4.5,home,NC State,4.5,-2.76044629161046,1.7395537083895398,1.7395537083895398,18.283415033850662,1,,False,False,False,28,31,3,WIN,7.5,5.76044629161046,underdog,home,3-6.5,<3,True,2,True,QB_UNCERTAINTY_PRESENT,1.0,UNAVAILABLE_NO_TIMESTAMPED_CLOSE,https://site.api.espn.com/apis/site/v2/sports/football/college-football/summary?event=401858248,2026-10-06T14:37:20.291767+00:00
401858249,Miami,Clemson,16.5,home,Clemson,16.5,-15.845485424950486,0.6545145750495145,0.6545145750495145,18.293321667836516,1,,False,False,False,41,13,-28,LOSS,-11.5,-12.154514575049514,underdog,home,14-20.5,<3,True,1,True,QB_UNCERTAINTY_PRESENT,0.0,UNAVAILABLE_NO_TIMESTAMPED_CLOSE,https://site.api.espn.com/apis/site/v2/sports/football/college-football/summary?event=401858249,2026-10-06T14:37:20.450286+00:00
401858250,Notre Dame,North Carolina,21.5,home,North Carolina,21.5,-11.16767280457704,10.33232719542296,10.33232719542296,18.288668132854383,1,,False,False,False,37,26,-11,WIN,10.5,0.16767280457703926,underdog,home,21+,10+,True,1,True,QB_UNCERTAINTY_PRESENT,0.5,UNAVAILABLE_NO_TIMESTAMPED_CLOSE,https://site.api.espn.com/apis/site/v2/sports/football/college-football/summary?event=401858250,2026-10-06T14:37:20.488041+00:00
401858251,Stanford,Wake Forest,-12.5,away,Stanford,12.5,11.297282058170108,-1.2027179418298921,1.2027179418298921,18.283567250253206,1,,False,False,False,3,57,54,LOSS,-41.5,42.70271794182989,underdog,away,7-13.5,<3,False,0,True,QB_UNCERTAINTY_PRESENT,-1.0,UNAVAILABLE_NO_TIMESTAMPED_CLOSE,https://site.api.espn.com/apis/site/v2/sports/football/college-football/summary?event=401858251,2026-10-06T14:37:20.170811+00:00
401858252,Syracuse,UConn,6.5,home,UConn,6.5,7.186460924726764,13.686460924726763,13.686460924726763,18.28236553956374,1,,False,False,False,42,41,-1,WIN,5.5,-8.186460924726763,underdog,home,3-6.5,10+,True,2,True,QB_UNCERTAINTY_PRESENT,0.0,UNAVAILABLE_NO_TIMESTAMPED_CLOSE,https://site.api.espn.com/apis/site/v2/sports/football/college-football/summary?event=401858252,2026-10-06T14:37:20.246142+00:00
401858253,Virginia,Florida State,2.5,away,Virginia,-2.5,-8.456345539305211,-5.956345539305211,5.956345539305211,18.28653721186362,1,,False,False,False,7,38,31,LOSS,-33.5,39.45634553930521,favorite,away,0-2.5,5-6.9,True,2,True,QB_UNCERTAINTY_PRESENT,0.0,UNAVAILABLE_NO_TIMESTAMPED_CLOSE,https://site.api.espn.com/apis/site/v2/sports/football/college-football/summary?event=401858253,2026-10-06T14:37:20.234597+00:00
401858472,Purdue,Illinois,-10.5,away,Purdue,10.5,7.820546371949928,-2.679453628050072,2.679453628050072,18.28248851518409,1,,False,False,False,24,17,-7,WIN,17.5,-14.820546371949927,underdog,away,7-13.5,<3,True,2,True,QB_UNCERTAINTY_PRESENT,0.5,UNAVAILABLE_NO_TIMESTAMPED_CLOSE,https://site.api.espn.com/apis/site/v2/sports/football/college-football/summary?event=401858472,2026-10-06T14:37:20.253134+00:00
401858473,Ohio State,Iowa,13.5,home,Iowa,13.5,-0.6684040026968701,12.831595997303129,12.831595997303129,18.282729257719694,1,,False,False,False,31,14,-17,LOSS,-3.5,-16.33159599730313,underdog,home,7-13.5,10+,True,1,True,QB_UNCERTAINTY_PRESENT,-1.0,UNAVAILABLE_NO_TIMESTAMPED_CLOSE,https://site.api.espn.com/apis/site/v2/sports/football/college-football/summary?event=401858473,2026-10-06T14:37:20.858457+00:00
401858474,Michigan,Minnesota,5.5,home,Minnesota,5.5,-2.449608255647341,3.050391744352659,3.050391744352659,18.28329747345678,1,,False,False,False,14,20,6,WIN,11.5,8.449608255647341,underdog,home,3-6.5,3-4.9,True,1,True,QB_UNCERTAINTY_PRESENT,0.0,UNAVAILABLE_NO_TIMESTAMPED_CLOSE,https://site.api.espn.com/apis/site/v2/sports/football/college-football/summary?event=401858474,2026-10-06T14:37:20.368222+00:00
401858475,Maryland,Nebraska,-14.5,home,Nebraska,-14.5,18.467522839939242,3.9675228399392424,3.9675228399392424,18.28795179895718,1,,False,False,False,23,48,25,WIN,10.5,6.532477160060758,favorite,home,14-20.5,3-4.9,True,2,True,QB_UNCERTAINTY_PRESENT,0.0,UNAVAILABLE_NO_TIMESTAMPED_CLOSE,https://site.api.espn.com/apis/site/v2/sports/football/college-football/summary?event=401858475,2026-10-06T14:37:20.429217+00:00
401858476,Penn State,Northwestern,2.5,home,Northwestern,2.5,1.0469349711726084,3.5469349711726084,3.5469349711726084,18.28235178149733,1,1,True,True,True,13,34,21,WIN,23.5,19.953065028827393,underdog,home,0-2.5,3-4.9,True,1,True,PROBABLE/PROBABLE,-0.5,UNAVAILABLE_NO_TIMESTAMPED_CLOSE,https://site.api.espn.com/apis/site/v2/sports/football/college-football/summary?event=401858476,2026-10-06T14:37:20.719131+00:00
401858477,Indiana,Rutgers,24.5,home,Rutgers,24.5,-15.069139463852235,9.430860536147765,9.430860536147765,18.292463759307932,1,,False,False,False,47,15,-32,LOSS,-7.5,-16.930860536147765,underdog,home,21+,7-9.9,True,2,True,QB_UNCERTAINTY_PRESENT,1.0,UNAVAILABLE_NO_TIMESTAMPED_CLOSE,https://site.api.espn.com/apis/site/v2/sports/football/college-football/summary?event=401858477,2026-10-06T14:37:20.478508+00:00
401858478,Washington,USC,-9.5,away,Washington,9.5,-0.3163521771578628,-9.816352177157864,9.816352177157864,18.282638203192825,1,,False,False,False,21,25,4,WIN,5.5,4.316352177157863,underdog,away,7-13.5,7-9.9,True,1,True,QB_UNCERTAINTY_PRESENT,0.0,UNAVAILABLE_NO_TIMESTAMPED_CLOSE,https://site.api.espn.com/apis/site/v2/sports/football/college-football/summary?event=401858478,2026-10-06T14:37:20.494568+00:00
401858479,Michigan State,Wisconsin,-10.5,home,Wisconsin,-10.5,13.413875741161636,2.913875741161636,2.913875741161636,18.28455895517817,1,,False,False,False,3,31,28,WIN,17.5,14.586124258838364,favorite,home,7-13.5,<3,True,1,True,QB_UNCERTAINTY_PRESENT,-0.5,UNAVAILABLE_NO_TIMESTAMPED_CLOSE,https://site.api.espn.com/apis/site/v2/sports/football/college-football/summary?event=401858479,2026-10-06T14:37:20.746798+00:00
401860898,Utah State,Boise State,-20.5,away,Utah State,20.5,16.018576010624646,-4.4814239893753545,4.4814239893753545,18.28612725039816,1,,False,False,False,18,37,19,WIN,1.5,2.9814239893753545,underdog,away,14-20.5,3-4.9,True,2,False,QB_UNCERTAINTY_PRESENT,0.0,UNAVAILABLE_NO_TIMESTAMPED_CLOSE,https://site.api.espn.com/apis/site/v2/sports/football/college-football/summary?event=401860898,2026-10-06T14:37:20.651366+00:00
401860899,Oregon State,Colorado State,6.5,home,Colorado State,6.5,1.6397337504573302,8.13973375045733,8.13973375045733,18.282260052553024,1,,False,False,False,56,26,-30,LOSS,-23.5,-31.63973375045733,underdog,home,3-6.5,7-9.9,True,2,True,QB_UNCERTAINTY_PRESENT,0.5,UNAVAILABLE_NO_TIMESTAMPED_CLOSE,https://site.api.espn.com/apis/site/v2/sports/football/college-football/summary?event=401860899,2026-10-06T14:37:20.631753+00:00
401860900,Texas State,San Diego State,4.5,away,Texas State,-4.5,-9.14071546448306,-4.64071546448306,4.64071546448306,18.287035854990112,1,,False,False,False,29,31,2,LOSS,-6.5,11.14071546448306,favorite,away,3-6.5,3-4.9,True,2,True,QB_UNCERTAINTY_PRESENT,2.5,UNAVAILABLE_NO_TIMESTAMPED_CLOSE,https://site.api.espn.com/apis/site/v2/sports/football/college-football/summary?event=401860900,2026-10-06T14:37:20.604120+00:00
401860921,Fresno State,Washington State,-2.5,away,Fresno State,2.5,-3.5937475717664764,-6.093747571766476,6.093747571766476,18.28375716925987,1,,False,False,False,26,6,-20,WIN,22.5,-16.406252428233522,underdog,away,0-2.5,5-6.9,True,1,True,QB_UNCERTAINTY_PRESENT,1.0,UNAVAILABLE_NO_TIMESTAMPED_CLOSE,https://site.api.espn.com/apis/site/v2/sports/football/college-football/summary?event=401860921,2026-10-06T14:37:20.688911+00:00
401862786,North Texas,Tulsa,-1.5,home,Tulsa,-1.5,2.8699020479195756,1.3699020479195756,1.3699020479195756,18.282133164372567,1,4,True,False,False,45,44,-1,LOSS,-2.5,-3.8699020479195756,favorite,home,0-2.5,<3,True,2,True,QB_UNCERTAINTY_PRESENT,-3.0,UNAVAILABLE_NO_TIMESTAMPED_CLOSE,https://site.api.espn.com/apis/site/v2/sports/football/college-football/summary?event=401862786,2026-10-06T14:37:20.827769+00:00
401862787,Memphis,Charlotte,20.5,home,Charlotte,20.5,-9.639555594849394,10.860444405150606,10.860444405150606,18.287416009203856,1,,False,False,False,59,8,-51,LOSS,-30.5,-41.3604444051506,underdog,home,14-20.5,10+,True,2,False,QB_UNCERTAINTY_PRESENT,0.0,UNAVAILABLE_NO_TIMESTAMPED_CLOSE,https://site.api.espn.com/apis/site/v2/sports/football/college-football/summary?event=401862787,2026-10-06T14:37:20.812100+00:00
401862788,UTSA,Rice,11.5,home,Rice,11.5,-5.3671503440916855,6.1328496559083145,6.1328496559083145,18.284616082057447,1,,False,False,False,16,14,-2,WIN,9.5,3.3671503440916855,underdog,home,7-13.5,5-6.9,True,2,True,QB_UNCERTAINTY_PRESENT,0.0,UNAVAILABLE_NO_TIMESTAMPED_CLOSE,https://site.api.espn.com/apis/site/v2/sports/football/college-football/summary?event=401862788,2026-10-06T14:37:20.779446+00:00
401862791,Navy,Air Force,-3.5,home,Air Force,-3.5,12.298420042610918,8.798420042610918,8.798420042610918,18.284004726491872,1,,False,False,False,9,14,5,WIN,1.5,-7.298420042610918,favorite,home,3-6.5,7-9.9,True,2,False,QB_UNCERTAINTY_PRESENT,0.0,UNAVAILABLE_NO_TIMESTAMPED_CLOSE,https://site.api.espn.com/apis/site/v2/sports/football/college-football/summary?event=401862791,2026-10-06T14:37:20.933006+00:00
401862792,Temple,South Florida,-5.5,home,South Florida,-5.5,10.08742255589808,4.58742255589808,4.58742255589808,18.28311425585009,1,,False,False,False,17,13,-4,LOSS,-9.5,-14.08742255589808,favorite,home,3-6.5,3-4.9,True,2,True,QB_UNCERTAINTY_PRESENT,1.0,UNAVAILABLE_NO_TIMESTAMPED_CLOSE,https://site.api.espn.com/apis/site/v2/sports/football/college-football/summary?event=401862792,2026-10-06T14:37:20.888645+00:00
401864513,San José State,Hawai'i,-2.5,away,San José State,2.5,-2.0089920998429847,-4.508992099842985,4.508992099842985,18.283140199298263,1,,False,False,False,20,16,-4,WIN,6.5,-1.9910079001570153,underdog,away,0-2.5,3-4.9,True,1,False,QB_UNCERTAINTY_PRESENT,-0.5,UNAVAILABLE_NO_TIMESTAMPED_CLOSE,https://site.api.espn.com/apis/site/v2/sports/football/college-football/summary?event=401864513,2026-10-06T14:37:20.974418+00:00
401864514,UTEP,New Mexico,-22.5,home,New Mexico,-22.5,32.08614547441228,9.586145474412277,9.586145474412277,18.304281268305278,1,,False,False,False,7,61,54,WIN,31.5,21.913854525587723,favorite,home,21+,7-9.9,True,2,True,QB_UNCERTAINTY_PRESENT,0.0,UNAVAILABLE_NO_TIMESTAMPED_CLOSE,https://site.api.espn.com/apis/site/v2/sports/football/college-football/summary?event=401864514,2026-10-06T14:37:20.914370+00:00
401864515,Wyoming,North Dakota State,-18.5,away,Wyoming,18.5,15.144236463085504,-3.3557635369144965,3.3557635369144965,18.285558013776235,1,,False,False,False,0,28,28,LOSS,-9.5,12.855763536914496,underdog,away,14-20.5,3-4.9,True,2,True,QB_UNCERTAINTY_PRESENT,1.0,UNAVAILABLE_NO_TIMESTAMPED_CLOSE,https://site.api.espn.com/apis/site/v2/sports/football/college-football/summary?event=401864515,2026-10-06T14:37:21.045984+00:00
401866430,Akron,Central Michigan,-6.5,home,Central Michigan,-6.5,6.700109940983024,0.20010994098302426,0.20010994098302426,18.282286637384168,1,,False,False,False,17,41,24,WIN,17.5,17.299890059016974,favorite,home,3-6.5,<3,True,2,True,QB_UNCERTAINTY_PRESENT,0.0,UNAVAILABLE_NO_TIMESTAMPED_CLOSE,https://site.api.espn.com/apis/site/v2/sports/football/college-football/summary?event=401866430,2026-10-06T14:37:21.023101+00:00
401866431,Toledo,Ball State,19.5,home,Ball State,19.5,-14.706744844113597,4.793255155886403,4.793255155886403,18.292074950859984,1,,False,False,False,39,24,-15,WIN,4.5,-0.2932551558864027,underdog,home,14-20.5,3-4.9,True,2,True,QB_UNCERTAINTY_PRESENT,0.0,UNAVAILABLE_NO_TIMESTAMPED_CLOSE,https://site.api.espn.com/apis/site/v2/sports/football/college-football/summary?event=401866431,2026-10-06T14:37:21.058518+00:00
401866432,Western Michigan,Buffalo,13.5,home,Buffalo,13.5,-0.15911882782387288,13.340881172176127,13.340881172176127,18.282599802520103,1,,False,False,False,20,17,-3,WIN,10.5,-2.840881172176127,underdog,home,7-13.5,10+,True,3,True,QB_UNCERTAINTY_PRESENT,-0.5,UNAVAILABLE_NO_TIMESTAMPED_CLOSE,https://site.api.espn.com/apis/site/v2/sports/football/college-football/summary?event=401866432,2026-10-06T14:37:21.054514+00:00
401866433,Eastern Michigan,Massachusetts,-5.5,home,Massachusetts,-5.5,25.18990715171812,19.68990715171812,19.68990715171812,18.294703035757585,1,,False,False,False,38,14,-24,LOSS,-29.5,-49.18990715171812,favorite,home,3-6.5,10+,True,3,True,QB_UNCERTAINTY_PRESENT,1.0,UNAVAILABLE_NO_TIMESTAMPED_CLOSE,https://site.api.espn.com/apis/site/v2/sports/football/college-football/summary?event=401866433,2026-10-06T14:37:21.071590+00:00
401866434,Ohio,Kent State,3.5,home,Kent State,3.5,3.568407687524043,7.068407687524044,7.068407687524044,18.282099242918697,1,,False,False,False,13,10,-3,WIN,0.5,-6.568407687524044,underdog,home,3-6.5,7-9.9,True,2,True,QB_UNCERTAINTY_PRESENT,0.0,UNAVAILABLE_NO_TIMESTAMPED_CLOSE,https://site.api.espn.com/apis/site/v2/sports/football/college-football/summary?event=401866434,2026-10-06T14:37:21.140428+00:00
401866477,Bowling Green,Miami (OH),-13.5,home,Miami (OH),-13.5,21.114331420925154,7.614331420925154,7.614331420925154,18.290305107264672,1,,False,False,False,24,20,-4,LOSS,-17.5,-25.114331420925154,favorite,home,7-13.5,7-9.9,True,2,True,QB_UNCERTAINTY_PRESENT,0.0,UNAVAILABLE_NO_TIMESTAMPED_CLOSE,https://site.api.espn.com/apis/site/v2/sports/football/college-football/summary?event=401866477,2026-10-06T14:37:21.185231+00:00
401869842,Army,Louisiana Tech,2.5,home,Louisiana Tech,2.5,0.06739055489797563,2.5673905548979756,2.5673905548979756,18.282546942564082,1,,False,False,False,29,31,2,WIN,4.5,1.9326094451020244,underdog,home,0-2.5,<3,True,2,True,QB_UNCERTAINTY_PRESENT,0.0,UNAVAILABLE_NO_TIMESTAMPED_CLOSE,https://site.api.espn.com/apis/site/v2/sports/football/college-football/summary?event=401869842,2026-10-06T14:37:21.198274+00:00
401869932,Arkansas State,Louisiana,-6.5,home,Louisiana,-6.5,14.11639050933612,7.616390509336121,7.616390509336121,18.28494414003863,1,,False,False,False,20,23,3,LOSS,-3.5,-11.11639050933612,favorite,home,3-6.5,7-9.9,True,2,True,QB_UNCERTAINTY_PRESENT,0.0,UNAVAILABLE_NO_TIMESTAMPED_CLOSE,https://site.api.espn.com/apis/site/v2/sports/football/college-football/summary?event=401869932,2026-10-06T14:37:21.229397+00:00
401869942,Georgia Southern,Coastal Carolina,2.5,home,Coastal Carolina,2.5,5.886895199685181,8.386895199685181,8.386895199685181,18.282184616141837,1,,False,True,False,31,24,-7,LOSS,-4.5,-12.886895199685181,underdog,home,0-2.5,7-9.9,True,2,True,QB_UNCERTAINTY_PRESENT,0.0,UNAVAILABLE_NO_TIMESTAMPED_CLOSE,https://site.api.espn.com/apis/site/v2/sports/football/college-football/summary?event=401869942,2026-10-06T14:37:21.394874+00:00
401869956,Old Dominion,Georgia State,-1.5,home,Georgia State,-1.5,14.72643030336948,13.22643030336948,13.22643030336948,18.28530127227396,1,,False,False,False,10,42,32,WIN,30.5,17.27356969663052,favorite,home,0-2.5,10+,True,2,True,QB_UNCERTAINTY_PRESENT,1.0,UNAVAILABLE_NO_TIMESTAMPED_CLOSE,https://site.api.espn.com/apis/site/v2/sports/football/college-football/summary?event=401869956,2026-10-06T14:37:21.461031+00:00
401869962,Marshall,James Madison,-18.5,home,James Madison,-18.5,23.599711087063103,5.099711087063103,5.099711087063103,18.29287540219956,1,,False,False,False,17,45,28,WIN,9.5,4.400288912936897,favorite,home,14-20.5,5-6.9,True,2,True,QB_UNCERTAINTY_PRESENT,1.0,UNAVAILABLE_NO_TIMESTAMPED_CLOSE,https://site.api.espn.com/apis/site/v2/sports/football/college-football/summary?event=401869962,2026-10-06T14:37:21.421475+00:00
401871049,Western Kentucky,New Mexico State,-2.5,home,New Mexico State,-2.5,15.16791471653587,12.66791471653587,12.66791471653587,18.285572859730525,1,5,True,False,False,13,34,21,WIN,18.5,5.83208528346413,favorite,home,0-2.5,10+,True,2,True,QB_UNCERTAINTY_PRESENT,0.0,UNAVAILABLE_NO_TIMESTAMPED_CLOSE,https://site.api.espn.com/apis/site/v2/sports/football/college-football/summary?event=401871049,2026-10-06T14:37:21.428991+00:00
401871050,Liberty,Delaware,7.5,home,Delaware,7.5,-0.06763671237384417,7.432363287626156,7.432363287626156,18.28257810398574,1,3,True,True,True,30,14,-16,LOSS,-8.5,-15.932363287626156,underdog,home,7-13.5,7-9.9,True,2,True,QB_UNCERTAINTY_PRESENT,0.0,UNAVAILABLE_NO_TIMESTAMPED_CLOSE,https://site.api.espn.com/apis/site/v2/sports/football/college-football/summary?event=401871050,2026-10-06T14:37:21.318547+00:00
401871089,UL Monroe,South Alabama,-13.5,away,UL Monroe,13.5,12.840764439037947,-0.6592355609620526,0.6592355609620526,18.284265403690547,1,,False,False,False,35,52,17,LOSS,-3.5,4.159235560962053,underdog,away,7-13.5,<3,True,2,True,QB_UNCERTAINTY_PRESENT,-0.5,UNAVAILABLE_NO_TIMESTAMPED_CLOSE,https://site.api.espn.com/apis/site/v2/sports/football/college-football/summary?event=401871089,2026-10-06T14:37:21.435525+00:00
