game_id,away,home,pick,ats_result,raw_selected_edge,ats_grading_margin,model_home_margin_error,clv_status,fcs_prior_games,prior_blowout_35_plus,qb_status_at_review,opponent_strength_adjustment_availability,structural_warnings
401856707,Alabama,Mississippi State,Mississippi State,LOSS,7.321660623297891,-27.5,-34.82166062329789,UNAVAILABLE_NO_TIMESTAMPED_CLOSE,0,True,PROBABLE/PROBABLE,NOT_IN_BASELINE;MIX_UNCONTROLLED,PRIOR_35_PLUS_BLOWOUT
401856711,Arkansas,Texas A&M,Arkansas,LOSS,7.073290158714292,-12.5,19.573290158714293,UNAVAILABLE_NO_TIMESTAMPED_CLOSE,1,True,QB_UNCERTAINTY_PRESENT,NOT_IN_BASELINE;MIX_UNCONTROLLED,FCS_OPPONENT_IN_PRIOR_AGGREGATE;PRIOR_35_PLUS_BLOWOUT;QB_NOT_PROBABLE_BOTH_SIDES
401856807,Middle Tennessee,Kansas,Middle Tennessee,LOSS,12.430927233970003,-35.5,47.93092723397,UNAVAILABLE_NO_TIMESTAMPED_CLOSE,2,True,QB_UNCERTAINTY_PRESENT,NOT_IN_BASELINE;MIX_UNCONTROLLED,FCS_OPPONENT_IN_PRIOR_AGGREGATE;PRIOR_35_PLUS_BLOWOUT;QB_NOT_PROBABLE_BOTH_SIDES
401856821,Texas Tech,Colorado,Colorado,LOSS,11.43071778043073,-8.5,-19.93071778043073,UNAVAILABLE_NO_TIMESTAMPED_CLOSE,2,True,QB_UNCERTAINTY_PRESENT,NOT_IN_BASELINE;MIX_UNCONTROLLED,FCS_OPPONENT_IN_PRIOR_AGGREGATE;PRIOR_35_PLUS_BLOWOUT;QB_NOT_PROBABLE_BOTH_SIDES
401858246,Boston College,SMU,Boston College,WIN,7.282078310409695,11.5,-4.217921689590305,UNAVAILABLE_NO_TIMESTAMPED_CLOSE,2,True,QB_UNCERTAINTY_PRESENT,NOT_IN_BASELINE;MIX_UNCONTROLLED,FCS_OPPONENT_IN_PRIOR_AGGREGATE;PRIOR_35_PLUS_BLOWOUT;QB_NOT_PROBABLE_BOTH_SIDES
401858250,Notre Dame,North Carolina,North Carolina,WIN,10.33232719542296,10.5,0.16767280457703926,UNAVAILABLE_NO_TIMESTAMPED_CLOSE,1,True,QB_UNCERTAINTY_PRESENT,NOT_IN_BASELINE;MIX_UNCONTROLLED,FCS_OPPONENT_IN_PRIOR_AGGREGATE;PRIOR_35_PLUS_BLOWOUT;QB_NOT_PROBABLE_BOTH_SIDES
401858252,Syracuse,UConn,UConn,WIN,13.686460924726763,5.5,-8.186460924726763,UNAVAILABLE_NO_TIMESTAMPED_CLOSE,2,True,QB_UNCERTAINTY_PRESENT,NOT_IN_BASELINE;MIX_UNCONTROLLED,FCS_OPPONENT_IN_PRIOR_AGGREGATE;PRIOR_35_PLUS_BLOWOUT;QB_NOT_PROBABLE_BOTH_SIDES
401858473,Ohio State,Iowa,Iowa,LOSS,12.831595997303129,-3.5,-16.33159599730313,UNAVAILABLE_NO_TIMESTAMPED_CLOSE,1,True,QB_UNCERTAINTY_PRESENT,NOT_IN_BASELINE;MIX_UNCONTROLLED,FCS_OPPONENT_IN_PRIOR_AGGREGATE;PRIOR_35_PLUS_BLOWOUT;QB_NOT_PROBABLE_BOTH_SIDES
401858477,Indiana,Rutgers,Rutgers,LOSS,9.430860536147765,-7.5,-16.930860536147765,UNAVAILABLE_NO_TIMESTAMPED_CLOSE,2,True,QB_UNCERTAINTY_PRESENT,NOT_IN_BASELINE;MIX_UNCONTROLLED,FCS_OPPONENT_IN_PRIOR_AGGREGATE;PRIOR_35_PLUS_BLOWOUT;QB_NOT_PROBABLE_BOTH_SIDES
401858478,Washington,USC,Washington,WIN,9.816352177157864,5.5,4.316352177157863,UNAVAILABLE_NO_TIMESTAMPED_CLOSE,1,True,QB_UNCERTAINTY_PRESENT,NOT_IN_BASELINE;MIX_UNCONTROLLED,FCS_OPPONENT_IN_PRIOR_AGGREGATE;PRIOR_35_PLUS_BLOWOUT;QB_NOT_PROBABLE_BOTH_SIDES
401860899,Oregon State,Colorado State,Colorado State,LOSS,8.13973375045733,-23.5,-31.63973375045733,UNAVAILABLE_NO_TIMESTAMPED_CLOSE,2,True,QB_UNCERTAINTY_PRESENT,NOT_IN_BASELINE;MIX_UNCONTROLLED,FCS_OPPONENT_IN_PRIOR_AGGREGATE;PRIOR_35_PLUS_BLOWOUT;QB_NOT_PROBABLE_BOTH_SIDES
401862787,Memphis,Charlotte,Charlotte,LOSS,10.860444405150606,-30.5,-41.3604444051506,UNAVAILABLE_NO_TIMESTAMPED_CLOSE,2,False,QB_UNCERTAINTY_PRESENT,NOT_IN_BASELINE;MIX_UNCONTROLLED,FCS_OPPONENT_IN_PRIOR_AGGREGATE;QB_NOT_PROBABLE_BOTH_SIDES
401862791,Navy,Air Force,Air Force,WIN,8.798420042610918,1.5,-7.298420042610918,UNAVAILABLE_NO_TIMESTAMPED_CLOSE,2,False,QB_UNCERTAINTY_PRESENT,NOT_IN_BASELINE;MIX_UNCONTROLLED,FCS_OPPONENT_IN_PRIOR_AGGREGATE;QB_NOT_PROBABLE_BOTH_SIDES
401864514,UTEP,New Mexico,New Mexico,WIN,9.586145474412277,31.5,21.913854525587723,UNAVAILABLE_NO_TIMESTAMPED_CLOSE,2,True,QB_UNCERTAINTY_PRESENT,NOT_IN_BASELINE;MIX_UNCONTROLLED,FCS_OPPONENT_IN_PRIOR_AGGREGATE;PRIOR_35_PLUS_BLOWOUT;QB_NOT_PROBABLE_BOTH_SIDES
401866432,Western Michigan,Buffalo,Buffalo,WIN,13.340881172176127,10.5,-2.840881172176127,UNAVAILABLE_NO_TIMESTAMPED_CLOSE,3,True,QB_UNCERTAINTY_PRESENT,NOT_IN_BASELINE;MIX_UNCONTROLLED,FCS_OPPONENT_IN_PRIOR_AGGREGATE;PRIOR_35_PLUS_BLOWOUT;QB_NOT_PROBABLE_BOTH_SIDES
401866433,Eastern Michigan,Massachusetts,Massachusetts,LOSS,19.68990715171812,-29.5,-49.18990715171812,UNAVAILABLE_NO_TIMESTAMPED_CLOSE,3,True,QB_UNCERTAINTY_PRESENT,NOT_IN_BASELINE;MIX_UNCONTROLLED,FCS_OPPONENT_IN_PRIOR_AGGREGATE;PRIOR_35_PLUS_BLOWOUT;QB_NOT_PROBABLE_BOTH_SIDES
401866434,Ohio,Kent State,Kent State,WIN,7.068407687524044,0.5,-6.568407687524044,UNAVAILABLE_NO_TIMESTAMPED_CLOSE,2,True,QB_UNCERTAINTY_PRESENT,NOT_IN_BASELINE;MIX_UNCONTROLLED,FCS_OPPONENT_IN_PRIOR_AGGREGATE;PRIOR_35_PLUS_BLOWOUT;QB_NOT_PROBABLE_BOTH_SIDES
401866477,Bowling Green,Miami (OH),Miami (OH),LOSS,7.614331420925154,-17.5,-25.114331420925154,UNAVAILABLE_NO_TIMESTAMPED_CLOSE,2,True,QB_UNCERTAINTY_PRESENT,NOT_IN_BASELINE;MIX_UNCONTROLLED,FCS_OPPONENT_IN_PRIOR_AGGREGATE;PRIOR_35_PLUS_BLOWOUT;QB_NOT_PROBABLE_BOTH_SIDES
401869932,Arkansas State,Louisiana,Louisiana,LOSS,7.616390509336121,-3.5,-11.11639050933612,UNAVAILABLE_NO_TIMESTAMPED_CLOSE,2,True,QB_UNCERTAINTY_PRESENT,NOT_IN_BASELINE;MIX_UNCONTROLLED,FCS_OPPONENT_IN_PRIOR_AGGREGATE;PRIOR_35_PLUS_BLOWOUT;QB_NOT_PROBABLE_BOTH_SIDES
401869942,Georgia Southern,Coastal Carolina,Coastal Carolina,LOSS,8.386895199685181,-4.5,-12.886895199685181,UNAVAILABLE_NO_TIMESTAMPED_CLOSE,2,True,QB_UNCERTAINTY_PRESENT,NOT_IN_BASELINE;MIX_UNCONTROLLED,FCS_OPPONENT_IN_PRIOR_AGGREGATE;PRIOR_35_PLUS_BLOWOUT;QB_NOT_PROBABLE_BOTH_SIDES
401869956,Old Dominion,Georgia State,Georgia State,WIN,13.22643030336948,30.5,17.27356969663052,UNAVAILABLE_NO_TIMESTAMPED_CLOSE,2,True,QB_UNCERTAINTY_PRESENT,NOT_IN_BASELINE;MIX_UNCONTROLLED,FCS_OPPONENT_IN_PRIOR_AGGREGATE;PRIOR_35_PLUS_BLOWOUT;QB_NOT_PROBABLE_BOTH_SIDES
401871049,Western Kentucky,New Mexico State,New Mexico State,WIN,12.66791471653587,18.5,5.83208528346413,UNAVAILABLE_NO_TIMESTAMPED_CLOSE,2,True,QB_UNCERTAINTY_PRESENT,NOT_IN_BASELINE;MIX_UNCONTROLLED,FCS_OPPONENT_IN_PRIOR_AGGREGATE;PRIOR_35_PLUS_BLOWOUT;QB_NOT_PROBABLE_BOTH_SIDES
401871050,Liberty,Delaware,Delaware,LOSS,7.432363287626156,-8.5,-15.932363287626156,UNAVAILABLE_NO_TIMESTAMPED_CLOSE,2,True,QB_UNCERTAINTY_PRESENT,NOT_IN_BASELINE;MIX_UNCONTROLLED,FCS_OPPONENT_IN_PRIOR_AGGREGATE;PRIOR_35_PLUS_BLOWOUT;QB_NOT_PROBABLE_BOTH_SIDES
