game_id,away,home,market,selection,locked_line,closing_book,provider_labeled_close_line,provider_close_retrieved_at_utc,provider_close_quote_observed_at_utc,provider_close_source,indicative_locked_minus_provider_close_points,clv_points,clv_direction,clv_status
401856705,Vanderbilt,Georgia,ATS,away,-24.5,DraftKings,-25.5,2026-10-06T14:37:19.755832+00:00,,https://site.api.espn.com/apis/site/v2/sports/football/college-football/summary?event=401856705,-1.0,,UNAVAILABLE,UNAVAILABLE_NO_TIMESTAMPED_CLOSE
401856705,Vanderbilt,Georgia,TOTAL,under,51.5,DraftKings,49.5,2026-10-06T14:37:19.755832+00:00,,https://site.api.espn.com/apis/site/v2/sports/football/college-football/summary?event=401856705,2.0,,UNAVAILABLE,UNAVAILABLE_NO_TIMESTAMPED_CLOSE
401856707,Alabama,Mississippi State,ATS,home,5.5,DraftKings,+5.5,2026-10-06T14:37:19.780467+00:00,,https://site.api.espn.com/apis/site/v2/sports/football/college-football/summary?event=401856707,0.0,,UNAVAILABLE,UNAVAILABLE_NO_TIMESTAMPED_CLOSE
401856707,Alabama,Mississippi State,TOTAL,under,60.5,DraftKings,62.5,2026-10-06T14:37:19.780467+00:00,,https://site.api.espn.com/apis/site/v2/sports/football/college-football/summary?event=401856707,-2.0,,UNAVAILABLE,UNAVAILABLE_NO_TIMESTAMPED_CLOSE
401856708,Florida,Missouri,ATS,home,5.5,DraftKings,+5.5,2026-10-06T14:37:19.699029+00:00,,https://site.api.espn.com/apis/site/v2/sports/football/college-football/summary?event=401856708,0.0,,UNAVAILABLE,UNAVAILABLE_NO_TIMESTAMPED_CLOSE
401856708,Florida,Missouri,TOTAL,under,57.5,DraftKings,57.5,2026-10-06T14:37:19.699029+00:00,,https://site.api.espn.com/apis/site/v2/sports/football/college-football/summary?event=401856708,0.0,,UNAVAILABLE,UNAVAILABLE_NO_TIMESTAMPED_CLOSE
401856709,Kentucky,South Carolina,ATS,away,-2.5,DraftKings,-2.5,2026-10-06T14:37:19.838759+00:00,,https://site.api.espn.com/apis/site/v2/sports/football/college-football/summary?event=401856709,0.0,,UNAVAILABLE,UNAVAILABLE_NO_TIMESTAMPED_CLOSE
401856709,Kentucky,South Carolina,TOTAL,over,53.5,DraftKings,52.5,2026-10-06T14:37:19.838759+00:00,,https://site.api.espn.com/apis/site/v2/sports/football/college-football/summary?event=401856709,-1.0,,UNAVAILABLE,UNAVAILABLE_NO_TIMESTAMPED_CLOSE
401856710,Auburn,Tennessee,ATS,home,-7.5,DraftKings,-6,2026-10-06T14:37:19.821697+00:00,,https://site.api.espn.com/apis/site/v2/sports/football/college-football/summary?event=401856710,-1.5,,UNAVAILABLE,UNAVAILABLE_NO_TIMESTAMPED_CLOSE
401856710,Auburn,Tennessee,TOTAL,under,54.5,DraftKings,54.5,2026-10-06T14:37:19.821697+00:00,,https://site.api.espn.com/apis/site/v2/sports/football/college-football/summary?event=401856710,0.0,,UNAVAILABLE,UNAVAILABLE_NO_TIMESTAMPED_CLOSE
401856711,Arkansas,Texas A&M,ATS,away,-14.5,DraftKings,-13.5,2026-10-06T14:37:19.830212+00:00,,https://site.api.espn.com/apis/site/v2/sports/football/college-football/summary?event=401856711,1.0,,UNAVAILABLE,UNAVAILABLE_NO_TIMESTAMPED_CLOSE
401856711,Arkansas,Texas A&M,TOTAL,under,50.5,DraftKings,51.5,2026-10-06T14:37:19.830212+00:00,,https://site.api.espn.com/apis/site/v2/sports/football/college-football/summary?event=401856711,-1.0,,UNAVAILABLE,UNAVAILABLE_NO_TIMESTAMPED_CLOSE
401856807,Middle Tennessee,Kansas,ATS,away,-19.5,DraftKings,-21.5,2026-10-06T14:37:19.665880+00:00,,https://site.api.espn.com/apis/site/v2/sports/football/college-football/summary?event=401856807,-2.0,,UNAVAILABLE,UNAVAILABLE_NO_TIMESTAMPED_CLOSE
401856807,Middle Tennessee,Kansas,TOTAL,under,49.5,DraftKings,51.5,2026-10-06T14:37:19.665880+00:00,,https://site.api.espn.com/apis/site/v2/sports/football/college-football/summary?event=401856807,-2.0,,UNAVAILABLE,UNAVAILABLE_NO_TIMESTAMPED_CLOSE
401856817,Baylor,Arizona State,ATS,away,-3.5,DraftKings,-3.5,2026-10-06T14:37:19.810111+00:00,,https://site.api.espn.com/apis/site/v2/sports/football/college-football/summary?event=401856817,0.0,,UNAVAILABLE,UNAVAILABLE_NO_TIMESTAMPED_CLOSE
401856817,Baylor,Arizona State,TOTAL,under,48.5,DraftKings,49.5,2026-10-06T14:37:19.810111+00:00,,https://site.api.espn.com/apis/site/v2/sports/football/college-football/summary?event=401856817,-1.0,,UNAVAILABLE,UNAVAILABLE_NO_TIMESTAMPED_CLOSE
401856818,BYU,TCU,ATS,away,6.5,DraftKings,+5.5,2026-10-06T14:37:19.900639+00:00,,https://site.api.espn.com/apis/site/v2/sports/football/college-football/summary?event=401856818,-1.0,,UNAVAILABLE,UNAVAILABLE_NO_TIMESTAMPED_CLOSE
401856818,BYU,TCU,TOTAL,over,47.5,DraftKings,48.5,2026-10-06T14:37:19.900639+00:00,,https://site.api.espn.com/apis/site/v2/sports/football/college-football/summary?event=401856818,1.0,,UNAVAILABLE,UNAVAILABLE_NO_TIMESTAMPED_CLOSE
401856819,UCF,Houston,ATS,away,-12.5,DraftKings,-10.5,2026-10-06T14:37:19.949855+00:00,,https://site.api.espn.com/apis/site/v2/sports/football/college-football/summary?event=401856819,2.0,,UNAVAILABLE,UNAVAILABLE_NO_TIMESTAMPED_CLOSE
401856819,UCF,Houston,TOTAL,under,51.5,DraftKings,50.5,2026-10-06T14:37:19.949855+00:00,,https://site.api.espn.com/apis/site/v2/sports/football/college-football/summary?event=401856819,1.0,,UNAVAILABLE,UNAVAILABLE_NO_TIMESTAMPED_CLOSE
401856820,Cincinnati,Arizona,ATS,away,-7.5,DraftKings,-7,2026-10-06T14:37:19.977047+00:00,,https://site.api.espn.com/apis/site/v2/sports/football/college-football/summary?event=401856820,0.5,,UNAVAILABLE,UNAVAILABLE_NO_TIMESTAMPED_CLOSE
401856820,Cincinnati,Arizona,TOTAL,under,55.5,DraftKings,56.5,2026-10-06T14:37:19.977047+00:00,,https://site.api.espn.com/apis/site/v2/sports/football/college-football/summary?event=401856820,-1.0,,UNAVAILABLE,UNAVAILABLE_NO_TIMESTAMPED_CLOSE
401856821,Texas Tech,Colorado,ATS,home,13.5,DraftKings,+13.5,2026-10-06T14:37:20.221988+00:00,,https://site.api.espn.com/apis/site/v2/sports/football/college-football/summary?event=401856821,0.0,,UNAVAILABLE,UNAVAILABLE_NO_TIMESTAMPED_CLOSE
401856821,Texas Tech,Colorado,TOTAL,under,50.5,DraftKings,50.5,2026-10-06T14:37:20.221988+00:00,,https://site.api.espn.com/apis/site/v2/sports/football/college-football/summary?event=401856821,0.0,,UNAVAILABLE,UNAVAILABLE_NO_TIMESTAMPED_CLOSE
401856822,West Virginia,Iowa State,ATS,home,-2.5,DraftKings,-3,2026-10-06T14:37:20.006414+00:00,,https://site.api.espn.com/apis/site/v2/sports/football/college-football/summary?event=401856822,0.5,,UNAVAILABLE,UNAVAILABLE_NO_TIMESTAMPED_CLOSE
401856822,West Virginia,Iowa State,TOTAL,under,52.5,DraftKings,53.5,2026-10-06T14:37:20.006414+00:00,,https://site.api.espn.com/apis/site/v2/sports/football/college-football/summary?event=401856822,-1.0,,UNAVAILABLE,UNAVAILABLE_NO_TIMESTAMPED_CLOSE
401858245,Pittsburgh,Virginia Tech,ATS,away,-3.5,DraftKings,-1.5,2026-10-06T14:37:20.025718+00:00,,https://site.api.espn.com/apis/site/v2/sports/football/college-football/summary?event=401858245,2.0,,UNAVAILABLE,UNAVAILABLE_NO_TIMESTAMPED_CLOSE
401858245,Pittsburgh,Virginia Tech,TOTAL,under,54.5,DraftKings,53.5,2026-10-06T14:37:20.025718+00:00,,https://site.api.espn.com/apis/site/v2/sports/football/college-football/summary?event=401858245,1.0,,UNAVAILABLE,UNAVAILABLE_NO_TIMESTAMPED_CLOSE
401858246,Boston College,SMU,ATS,away,-20.5,DraftKings,-21.5,2026-10-06T14:37:20.012921+00:00,,https://site.api.espn.com/apis/site/v2/sports/football/college-football/summary?event=401858246,-1.0,,UNAVAILABLE,UNAVAILABLE_NO_TIMESTAMPED_CLOSE
401858246,Boston College,SMU,TOTAL,under,55.5,DraftKings,55.5,2026-10-06T14:37:20.012921+00:00,,https://site.api.espn.com/apis/site/v2/sports/football/college-football/summary?event=401858246,0.0,,UNAVAILABLE,UNAVAILABLE_NO_TIMESTAMPED_CLOSE
401858247,California,UNLV,ATS,home,-2.5,DraftKings,-1.5,2026-10-06T14:37:20.057189+00:00,,https://site.api.espn.com/apis/site/v2/sports/football/college-football/summary?event=401858247,-1.0,,UNAVAILABLE,UNAVAILABLE_NO_TIMESTAMPED_CLOSE
401858247,California,UNLV,TOTAL,under,52.5,DraftKings,51.5,2026-10-06T14:37:20.057189+00:00,,https://site.api.espn.com/apis/site/v2/sports/football/college-football/summary?event=401858247,1.0,,UNAVAILABLE,UNAVAILABLE_NO_TIMESTAMPED_CLOSE
401858248,Louisville,NC State,ATS,home,4.5,DraftKings,+5.5,2026-10-06T14:37:20.291767+00:00,,https://site.api.espn.com/apis/site/v2/sports/football/college-football/summary?event=401858248,-1.0,,UNAVAILABLE,UNAVAILABLE_NO_TIMESTAMPED_CLOSE
401858248,Louisville,NC State,TOTAL,under,59.5,DraftKings,56.5,2026-10-06T14:37:20.291767+00:00,,https://site.api.espn.com/apis/site/v2/sports/football/college-football/summary?event=401858248,3.0,,UNAVAILABLE,UNAVAILABLE_NO_TIMESTAMPED_CLOSE
401858249,Miami,Clemson,ATS,home,16.5,DraftKings,+14,2026-10-06T14:37:20.450286+00:00,,https://site.api.espn.com/apis/site/v2/sports/football/college-football/summary?event=401858249,2.5,,UNAVAILABLE,UNAVAILABLE_NO_TIMESTAMPED_CLOSE
401858249,Miami,Clemson,TOTAL,over,47.5,DraftKings,49.5,2026-10-06T14:37:20.450286+00:00,,https://site.api.espn.com/apis/site/v2/sports/football/college-football/summary?event=401858249,2.0,,UNAVAILABLE,UNAVAILABLE_NO_TIMESTAMPED_CLOSE
401858250,Notre Dame,North Carolina,ATS,home,21.5,DraftKings,+21,2026-10-06T14:37:20.488041+00:00,,https://site.api.espn.com/apis/site/v2/sports/football/college-football/summary?event=401858250,0.5,,UNAVAILABLE,UNAVAILABLE_NO_TIMESTAMPED_CLOSE
401858250,Notre Dame,North Carolina,TOTAL,over,46.5,DraftKings,46.5,2026-10-06T14:37:20.488041+00:00,,https://site.api.espn.com/apis/site/v2/sports/football/college-football/summary?event=401858250,0.0,,UNAVAILABLE,UNAVAILABLE_NO_TIMESTAMPED_CLOSE
401858251,Stanford,Wake Forest,ATS,away,-12.5,DraftKings,-14.5,2026-10-06T14:37:20.170811+00:00,,https://site.api.espn.com/apis/site/v2/sports/football/college-football/summary?event=401858251,-2.0,,UNAVAILABLE,UNAVAILABLE_NO_TIMESTAMPED_CLOSE
401858251,Stanford,Wake Forest,TOTAL,over,53.5,DraftKings,54.5,2026-10-06T14:37:20.170811+00:00,,https://site.api.espn.com/apis/site/v2/sports/football/college-football/summary?event=401858251,1.0,,UNAVAILABLE,UNAVAILABLE_NO_TIMESTAMPED_CLOSE
401858252,Syracuse,UConn,ATS,home,6.5,DraftKings,+6.5,2026-10-06T14:37:20.246142+00:00,,https://site.api.espn.com/apis/site/v2/sports/football/college-football/summary?event=401858252,0.0,,UNAVAILABLE,UNAVAILABLE_NO_TIMESTAMPED_CLOSE
401858252,Syracuse,UConn,TOTAL,under,50.5,DraftKings,51.5,2026-10-06T14:37:20.246142+00:00,,https://site.api.espn.com/apis/site/v2/sports/football/college-football/summary?event=401858252,-1.0,,UNAVAILABLE,UNAVAILABLE_NO_TIMESTAMPED_CLOSE
401858253,Virginia,Florida State,ATS,away,2.5,DraftKings,+1.5,2026-10-06T14:37:20.234597+00:00,,https://site.api.espn.com/apis/site/v2/sports/football/college-football/summary?event=401858253,-1.0,,UNAVAILABLE,UNAVAILABLE_NO_TIMESTAMPED_CLOSE
401858253,Virginia,Florida State,TOTAL,over,51.5,DraftKings,51.5,2026-10-06T14:37:20.234597+00:00,,https://site.api.espn.com/apis/site/v2/sports/football/college-football/summary?event=401858253,0.0,,UNAVAILABLE,UNAVAILABLE_NO_TIMESTAMPED_CLOSE
401858472,Purdue,Illinois,ATS,away,-10.5,DraftKings,-9.5,2026-10-06T14:37:20.253134+00:00,,https://site.api.espn.com/apis/site/v2/sports/football/college-football/summary?event=401858472,1.0,,UNAVAILABLE,UNAVAILABLE_NO_TIMESTAMPED_CLOSE
401858472,Purdue,Illinois,TOTAL,over,61.5,DraftKings,62.5,2026-10-06T14:37:20.253134+00:00,,https://site.api.espn.com/apis/site/v2/sports/football/college-football/summary?event=401858472,1.0,,UNAVAILABLE,UNAVAILABLE_NO_TIMESTAMPED_CLOSE
401858473,Ohio State,Iowa,ATS,home,13.5,DraftKings,+14.5,2026-10-06T14:37:20.858457+00:00,,https://site.api.espn.com/apis/site/v2/sports/football/college-football/summary?event=401858473,-1.0,,UNAVAILABLE,UNAVAILABLE_NO_TIMESTAMPED_CLOSE
401858473,Ohio State,Iowa,TOTAL,over,45.5,DraftKings,46.5,2026-10-06T14:37:20.858457+00:00,,https://site.api.espn.com/apis/site/v2/sports/football/college-football/summary?event=401858473,1.0,,UNAVAILABLE,UNAVAILABLE_NO_TIMESTAMPED_CLOSE
401858474,Michigan,Minnesota,ATS,home,5.5,DraftKings,+6.5,2026-10-06T14:37:20.368222+00:00,,https://site.api.espn.com/apis/site/v2/sports/football/college-football/summary?event=401858474,-1.0,,UNAVAILABLE,UNAVAILABLE_NO_TIMESTAMPED_CLOSE
401858474,Michigan,Minnesota,TOTAL,over,43.5,DraftKings,41.5,2026-10-06T14:37:20.368222+00:00,,https://site.api.espn.com/apis/site/v2/sports/football/college-football/summary?event=401858474,-2.0,,UNAVAILABLE,UNAVAILABLE_NO_TIMESTAMPED_CLOSE
401858475,Maryland,Nebraska,ATS,home,-14.5,DraftKings,-15.5,2026-10-06T14:37:20.429217+00:00,,https://site.api.espn.com/apis/site/v2/sports/football/college-football/summary?event=401858475,1.0,,UNAVAILABLE,UNAVAILABLE_NO_TIMESTAMPED_CLOSE
401858475,Maryland,Nebraska,TOTAL,under,52.5,DraftKings,52.5,2026-10-06T14:37:20.429217+00:00,,https://site.api.espn.com/apis/site/v2/sports/football/college-football/summary?event=401858475,0.0,,UNAVAILABLE,UNAVAILABLE_NO_TIMESTAMPED_CLOSE
401858476,Penn State,Northwestern,ATS,home,2.5,DraftKings,+3,2026-10-06T14:37:20.719131+00:00,,https://site.api.espn.com/apis/site/v2/sports/football/college-football/summary?event=401858476,-0.5,,UNAVAILABLE,UNAVAILABLE_NO_TIMESTAMPED_CLOSE
401858476,Penn State,Northwestern,TOTAL,over,45.5,DraftKings,46.5,2026-10-06T14:37:20.719131+00:00,,https://site.api.espn.com/apis/site/v2/sports/football/college-football/summary?event=401858476,1.0,,UNAVAILABLE,UNAVAILABLE_NO_TIMESTAMPED_CLOSE
401858477,Indiana,Rutgers,ATS,home,24.5,DraftKings,+24.5,2026-10-06T14:37:20.478508+00:00,,https://site.api.espn.com/apis/site/v2/sports/football/college-football/summary?event=401858477,0.0,,UNAVAILABLE,UNAVAILABLE_NO_TIMESTAMPED_CLOSE
401858477,Indiana,Rutgers,TOTAL,under,55.5,DraftKings,56.5,2026-10-06T14:37:20.478508+00:00,,https://site.api.espn.com/apis/site/v2/sports/football/college-football/summary?event=401858477,-1.0,,UNAVAILABLE,UNAVAILABLE_NO_TIMESTAMPED_CLOSE
401858478,Washington,USC,ATS,away,-9.5,DraftKings,-7.5,2026-10-06T14:37:20.494568+00:00,,https://site.api.espn.com/apis/site/v2/sports/football/college-football/summary?event=401858478,2.0,,UNAVAILABLE,UNAVAILABLE_NO_TIMESTAMPED_CLOSE
401858478,Washington,USC,TOTAL,under,58.5,DraftKings,58.5,2026-10-06T14:37:20.494568+00:00,,https://site.api.espn.com/apis/site/v2/sports/football/college-football/summary?event=401858478,0.0,,UNAVAILABLE,UNAVAILABLE_NO_TIMESTAMPED_CLOSE
401858479,Michigan State,Wisconsin,ATS,home,-10.5,DraftKings,-8.5,2026-10-06T14:37:20.746798+00:00,,https://site.api.espn.com/apis/site/v2/sports/football/college-football/summary?event=401858479,-2.0,,UNAVAILABLE,UNAVAILABLE_NO_TIMESTAMPED_CLOSE
401858479,Michigan State,Wisconsin,TOTAL,over,43.5,DraftKings,43.5,2026-10-06T14:37:20.746798+00:00,,https://site.api.espn.com/apis/site/v2/sports/football/college-football/summary?event=401858479,0.0,,UNAVAILABLE,UNAVAILABLE_NO_TIMESTAMPED_CLOSE
401860898,Utah State,Boise State,ATS,away,-20.5,DraftKings,-19.5,2026-10-06T14:37:20.651366+00:00,,https://site.api.espn.com/apis/site/v2/sports/football/college-football/summary?event=401860898,1.0,,UNAVAILABLE,UNAVAILABLE_NO_TIMESTAMPED_CLOSE
401860898,Utah State,Boise State,TOTAL,under,51.5,DraftKings,50.5,2026-10-06T14:37:20.651366+00:00,,https://site.api.espn.com/apis/site/v2/sports/football/college-football/summary?event=401860898,1.0,,UNAVAILABLE,UNAVAILABLE_NO_TIMESTAMPED_CLOSE
401860899,Oregon State,Colorado State,ATS,home,6.5,DraftKings,+7,2026-10-06T14:37:20.631753+00:00,,https://site.api.espn.com/apis/site/v2/sports/football/college-football/summary?event=401860899,-0.5,,UNAVAILABLE,UNAVAILABLE_NO_TIMESTAMPED_CLOSE
401860899,Oregon State,Colorado State,TOTAL,under,62.5,DraftKings,60.5,2026-10-06T14:37:20.631753+00:00,,https://site.api.espn.com/apis/site/v2/sports/football/college-football/summary?event=401860899,2.0,,UNAVAILABLE,UNAVAILABLE_NO_TIMESTAMPED_CLOSE
401860900,Texas State,San Diego State,ATS,away,4.5,DraftKings,+10,2026-10-06T14:37:20.604120+00:00,,https://site.api.espn.com/apis/site/v2/sports/football/college-football/summary?event=401860900,5.5,,UNAVAILABLE,UNAVAILABLE_NO_TIMESTAMPED_CLOSE
401860900,Texas State,San Diego State,TOTAL,under,59.5,DraftKings,57.5,2026-10-06T14:37:20.604120+00:00,,https://site.api.espn.com/apis/site/v2/sports/football/college-football/summary?event=401860900,2.0,,UNAVAILABLE,UNAVAILABLE_NO_TIMESTAMPED_CLOSE
401860921,Fresno State,Washington State,ATS,away,-2.5,DraftKings,-2.5,2026-10-06T14:37:20.688911+00:00,,https://site.api.espn.com/apis/site/v2/sports/football/college-football/summary?event=401860921,0.0,,UNAVAILABLE,UNAVAILABLE_NO_TIMESTAMPED_CLOSE
401860921,Fresno State,Washington State,TOTAL,under,46.5,DraftKings,44.5,2026-10-06T14:37:20.688911+00:00,,https://site.api.espn.com/apis/site/v2/sports/football/college-football/summary?event=401860921,2.0,,UNAVAILABLE,UNAVAILABLE_NO_TIMESTAMPED_CLOSE
401862786,North Texas,Tulsa,ATS,home,-1.5,DraftKings,+3,2026-10-06T14:37:20.827769+00:00,,https://site.api.espn.com/apis/site/v2/sports/football/college-football/summary?event=401862786,-4.5,,UNAVAILABLE,UNAVAILABLE_NO_TIMESTAMPED_CLOSE
401862786,North Texas,Tulsa,TOTAL,under,57.5,DraftKings,56.5,2026-10-06T14:37:20.827769+00:00,,https://site.api.espn.com/apis/site/v2/sports/football/college-football/summary?event=401862786,1.0,,UNAVAILABLE,UNAVAILABLE_NO_TIMESTAMPED_CLOSE
401862787,Memphis,Charlotte,ATS,home,20.5,DraftKings,+18.5,2026-10-06T14:37:20.812100+00:00,,https://site.api.espn.com/apis/site/v2/sports/football/college-football/summary?event=401862787,2.0,,UNAVAILABLE,UNAVAILABLE_NO_TIMESTAMPED_CLOSE
401862787,Memphis,Charlotte,TOTAL,under,52.5,DraftKings,52.5,2026-10-06T14:37:20.812100+00:00,,https://site.api.espn.com/apis/site/v2/sports/football/college-football/summary?event=401862787,0.0,,UNAVAILABLE,UNAVAILABLE_NO_TIMESTAMPED_CLOSE
401862788,UTSA,Rice,ATS,home,11.5,DraftKings,+11.5,2026-10-06T14:37:20.779446+00:00,,https://site.api.espn.com/apis/site/v2/sports/football/college-football/summary?event=401862788,0.0,,UNAVAILABLE,UNAVAILABLE_NO_TIMESTAMPED_CLOSE
401862788,UTSA,Rice,TOTAL,under,55.5,DraftKings,56.5,2026-10-06T14:37:20.779446+00:00,,https://site.api.espn.com/apis/site/v2/sports/football/college-football/summary?event=401862788,-1.0,,UNAVAILABLE,UNAVAILABLE_NO_TIMESTAMPED_CLOSE
401862791,Navy,Air Force,ATS,home,-3.5,DraftKings,-2.5,2026-10-06T14:37:20.933006+00:00,,https://site.api.espn.com/apis/site/v2/sports/football/college-football/summary?event=401862791,-1.0,,UNAVAILABLE,UNAVAILABLE_NO_TIMESTAMPED_CLOSE
401862791,Navy,Air Force,TOTAL,over,46.5,DraftKings,45.5,2026-10-06T14:37:20.933006+00:00,,https://site.api.espn.com/apis/site/v2/sports/football/college-football/summary?event=401862791,-1.0,,UNAVAILABLE,UNAVAILABLE_NO_TIMESTAMPED_CLOSE
401862792,Temple,South Florida,ATS,home,-5.5,DraftKings,-5.5,2026-10-06T14:37:20.888645+00:00,,https://site.api.espn.com/apis/site/v2/sports/football/college-football/summary?event=401862792,0.0,,UNAVAILABLE,UNAVAILABLE_NO_TIMESTAMPED_CLOSE
401862792,Temple,South Florida,TOTAL,over,48.5,DraftKings,50.5,2026-10-06T14:37:20.888645+00:00,,https://site.api.espn.com/apis/site/v2/sports/football/college-football/summary?event=401862792,2.0,,UNAVAILABLE,UNAVAILABLE_NO_TIMESTAMPED_CLOSE
401864513,San José State,Hawai'i,ATS,away,-2.5,DraftKings,-2.5,2026-10-06T14:37:20.974418+00:00,,https://site.api.espn.com/apis/site/v2/sports/football/college-football/summary?event=401864513,0.0,,UNAVAILABLE,UNAVAILABLE_NO_TIMESTAMPED_CLOSE
401864513,San José State,Hawai'i,TOTAL,under,51.5,DraftKings,51.5,2026-10-06T14:37:20.974418+00:00,,https://site.api.espn.com/apis/site/v2/sports/football/college-football/summary?event=401864513,0.0,,UNAVAILABLE,UNAVAILABLE_NO_TIMESTAMPED_CLOSE
401864514,UTEP,New Mexico,ATS,home,-22.5,DraftKings,-23.5,2026-10-06T14:37:20.914370+00:00,,https://site.api.espn.com/apis/site/v2/sports/football/college-football/summary?event=401864514,1.0,,UNAVAILABLE,UNAVAILABLE_NO_TIMESTAMPED_CLOSE
401864514,UTEP,New Mexico,TOTAL,under,48.5,DraftKings,47.5,2026-10-06T14:37:20.914370+00:00,,https://site.api.espn.com/apis/site/v2/sports/football/college-football/summary?event=401864514,1.0,,UNAVAILABLE,UNAVAILABLE_NO_TIMESTAMPED_CLOSE
401864515,Wyoming,North Dakota State,ATS,away,-18.5,DraftKings,-17.5,2026-10-06T14:37:21.045984+00:00,,https://site.api.espn.com/apis/site/v2/sports/football/college-football/summary?event=401864515,1.0,,UNAVAILABLE,UNAVAILABLE_NO_TIMESTAMPED_CLOSE
401864515,Wyoming,North Dakota State,TOTAL,over,45.5,DraftKings,44.5,2026-10-06T14:37:21.045984+00:00,,https://site.api.espn.com/apis/site/v2/sports/football/college-football/summary?event=401864515,-1.0,,UNAVAILABLE,UNAVAILABLE_NO_TIMESTAMPED_CLOSE
401866430,Akron,Central Michigan,ATS,home,-6.5,DraftKings,-6.5,2026-10-06T14:37:21.023101+00:00,,https://site.api.espn.com/apis/site/v2/sports/football/college-football/summary?event=401866430,0.0,,UNAVAILABLE,UNAVAILABLE_NO_TIMESTAMPED_CLOSE
401866430,Akron,Central Michigan,TOTAL,over,47.5,DraftKings,47.5,2026-10-06T14:37:21.023101+00:00,,https://site.api.espn.com/apis/site/v2/sports/football/college-football/summary?event=401866430,0.0,,UNAVAILABLE,UNAVAILABLE_NO_TIMESTAMPED_CLOSE
401866431,Toledo,Ball State,ATS,home,19.5,DraftKings,+20.5,2026-10-06T14:37:21.058518+00:00,,https://site.api.espn.com/apis/site/v2/sports/football/college-football/summary?event=401866431,-1.0,,UNAVAILABLE,UNAVAILABLE_NO_TIMESTAMPED_CLOSE
401866431,Toledo,Ball State,TOTAL,over,51.5,DraftKings,52.5,2026-10-06T14:37:21.058518+00:00,,https://site.api.espn.com/apis/site/v2/sports/football/college-football/summary?event=401866431,1.0,,UNAVAILABLE,UNAVAILABLE_NO_TIMESTAMPED_CLOSE
401866432,Western Michigan,Buffalo,ATS,home,13.5,DraftKings,+13.5,2026-10-06T14:37:21.054514+00:00,,https://site.api.espn.com/apis/site/v2/sports/football/college-football/summary?event=401866432,0.0,,UNAVAILABLE,UNAVAILABLE_NO_TIMESTAMPED_CLOSE
401866432,Western Michigan,Buffalo,TOTAL,over,46.5,DraftKings,46.5,2026-10-06T14:37:21.054514+00:00,,https://site.api.espn.com/apis/site/v2/sports/football/college-football/summary?event=401866432,0.0,,UNAVAILABLE,UNAVAILABLE_NO_TIMESTAMPED_CLOSE
401866433,Eastern Michigan,Massachusetts,ATS,home,-5.5,DraftKings,-5.5,2026-10-06T14:37:21.071590+00:00,,https://site.api.espn.com/apis/site/v2/sports/football/college-football/summary?event=401866433,0.0,,UNAVAILABLE,UNAVAILABLE_NO_TIMESTAMPED_CLOSE
401866433,Eastern Michigan,Massachusetts,TOTAL,under,48.5,DraftKings,49.5,2026-10-06T14:37:21.071590+00:00,,https://site.api.espn.com/apis/site/v2/sports/football/college-football/summary?event=401866433,-1.0,,UNAVAILABLE,UNAVAILABLE_NO_TIMESTAMPED_CLOSE
401866434,Ohio,Kent State,ATS,home,3.5,DraftKings,+3.5,2026-10-06T14:37:21.140428+00:00,,https://site.api.espn.com/apis/site/v2/sports/football/college-football/summary?event=401866434,0.0,,UNAVAILABLE,UNAVAILABLE_NO_TIMESTAMPED_CLOSE
401866434,Ohio,Kent State,TOTAL,over,50.5,DraftKings,50.5,2026-10-06T14:37:21.140428+00:00,,https://site.api.espn.com/apis/site/v2/sports/football/college-football/summary?event=401866434,0.0,,UNAVAILABLE,UNAVAILABLE_NO_TIMESTAMPED_CLOSE
401866477,Bowling Green,Miami (OH),ATS,home,-13.5,DraftKings,-10.5,2026-10-06T14:37:21.185231+00:00,,https://site.api.espn.com/apis/site/v2/sports/football/college-football/summary?event=401866477,-3.0,,UNAVAILABLE,UNAVAILABLE_NO_TIMESTAMPED_CLOSE
401866477,Bowling Green,Miami (OH),TOTAL,over,43.5,DraftKings,41.5,2026-10-06T14:37:21.185231+00:00,,https://site.api.espn.com/apis/site/v2/sports/football/college-football/summary?event=401866477,-2.0,,UNAVAILABLE,UNAVAILABLE_NO_TIMESTAMPED_CLOSE
401869842,Army,Louisiana Tech,ATS,home,2.5,DraftKings,-1.5,2026-10-06T14:37:21.198274+00:00,,https://site.api.espn.com/apis/site/v2/sports/football/college-football/summary?event=401869842,4.0,,UNAVAILABLE,UNAVAILABLE_NO_TIMESTAMPED_CLOSE
401869842,Army,Louisiana Tech,TOTAL,over,46.5,DraftKings,46.5,2026-10-06T14:37:21.198274+00:00,,https://site.api.espn.com/apis/site/v2/sports/football/college-football/summary?event=401869842,0.0,,UNAVAILABLE,UNAVAILABLE_NO_TIMESTAMPED_CLOSE
401869932,Arkansas State,Louisiana,ATS,home,-6.5,DraftKings,-4.5,2026-10-06T14:37:21.229397+00:00,,https://site.api.espn.com/apis/site/v2/sports/football/college-football/summary?event=401869932,-2.0,,UNAVAILABLE,UNAVAILABLE_NO_TIMESTAMPED_CLOSE
401869932,Arkansas State,Louisiana,TOTAL,under,47.5,DraftKings,49.5,2026-10-06T14:37:21.229397+00:00,,https://site.api.espn.com/apis/site/v2/sports/football/college-football/summary?event=401869932,-2.0,,UNAVAILABLE,UNAVAILABLE_NO_TIMESTAMPED_CLOSE
401869942,Georgia Southern,Coastal Carolina,ATS,home,2.5,DraftKings,+2.5,2026-10-06T14:37:21.394874+00:00,,https://site.api.espn.com/apis/site/v2/sports/football/college-football/summary?event=401869942,0.0,,UNAVAILABLE,UNAVAILABLE_NO_TIMESTAMPED_CLOSE
401869942,Georgia Southern,Coastal Carolina,TOTAL,under,54.5,DraftKings,53.5,2026-10-06T14:37:21.394874+00:00,,https://site.api.espn.com/apis/site/v2/sports/football/college-football/summary?event=401869942,1.0,,UNAVAILABLE,UNAVAILABLE_NO_TIMESTAMPED_CLOSE
401869956,Old Dominion,Georgia State,ATS,home,-1.5,DraftKings,-1.5,2026-10-06T14:37:21.461031+00:00,,https://site.api.espn.com/apis/site/v2/sports/football/college-football/summary?event=401869956,0.0,,UNAVAILABLE,UNAVAILABLE_NO_TIMESTAMPED_CLOSE
401869956,Old Dominion,Georgia State,TOTAL,under,51.5,DraftKings,51.5,2026-10-06T14:37:21.461031+00:00,,https://site.api.espn.com/apis/site/v2/sports/football/college-football/summary?event=401869956,0.0,,UNAVAILABLE,UNAVAILABLE_NO_TIMESTAMPED_CLOSE
401869962,Marshall,James Madison,ATS,home,-18.5,DraftKings,-14.5,2026-10-06T14:37:21.421475+00:00,,https://site.api.espn.com/apis/site/v2/sports/football/college-football/summary?event=401869962,-4.0,,UNAVAILABLE,UNAVAILABLE_NO_TIMESTAMPED_CLOSE
401869962,Marshall,James Madison,TOTAL,under,55.5,DraftKings,55.5,2026-10-06T14:37:21.421475+00:00,,https://site.api.espn.com/apis/site/v2/sports/football/college-football/summary?event=401869962,0.0,,UNAVAILABLE,UNAVAILABLE_NO_TIMESTAMPED_CLOSE
401871049,Western Kentucky,New Mexico State,ATS,home,-2.5,DraftKings,-1.5,2026-10-06T14:37:21.428991+00:00,,https://site.api.espn.com/apis/site/v2/sports/football/college-football/summary?event=401871049,-1.0,,UNAVAILABLE,UNAVAILABLE_NO_TIMESTAMPED_CLOSE
401871049,Western Kentucky,New Mexico State,TOTAL,under,57.5,DraftKings,55.5,2026-10-06T14:37:21.428991+00:00,,https://site.api.espn.com/apis/site/v2/sports/football/college-football/summary?event=401871049,2.0,,UNAVAILABLE,UNAVAILABLE_NO_TIMESTAMPED_CLOSE
401871050,Liberty,Delaware,ATS,home,7.5,DraftKings,+7,2026-10-06T14:37:21.318547+00:00,,https://site.api.espn.com/apis/site/v2/sports/football/college-football/summary?event=401871050,0.5,,UNAVAILABLE,UNAVAILABLE_NO_TIMESTAMPED_CLOSE
401871050,Liberty,Delaware,TOTAL,under,49.5,DraftKings,51.5,2026-10-06T14:37:21.318547+00:00,,https://site.api.espn.com/apis/site/v2/sports/football/college-football/summary?event=401871050,-2.0,,UNAVAILABLE,UNAVAILABLE_NO_TIMESTAMPED_CLOSE
401871089,UL Monroe,South Alabama,ATS,away,-13.5,DraftKings,-12.5,2026-10-06T14:37:21.435525+00:00,,https://site.api.espn.com/apis/site/v2/sports/football/college-football/summary?event=401871089,1.0,,UNAVAILABLE,UNAVAILABLE_NO_TIMESTAMPED_CLOSE
401871089,UL Monroe,South Alabama,TOTAL,under,57.5,DraftKings,57.5,2026-10-06T14:37:21.435525+00:00,,https://site.api.espn.com/apis/site/v2/sports/football/college-football/summary?event=401871089,0.0,,UNAVAILABLE,UNAVAILABLE_NO_TIMESTAMPED_CLOSE
