game_id,away,home,pick,ats_result,classification,decisive_score,game_clock,period,score_before_late_play,score_after_late_play,scoring_sequence_status,source,source_payload_sha256
401856705,Vanderbilt,Georgia,Vanderbilt,WIN,NOT_APPLICABLE,,,,,,COMPLETE,https://site.api.espn.com/apis/site/v2/sports/football/college-football/summary?event=401856705,15ac65c2f9475b9f9a84d594f16ea6ad0c3ba8bf02bc3581b4a2190c004698ab
401856707,Alabama,Mississippi State,Mississippi State,LOSS,NOT_APPLICABLE,,,,,,COMPLETE,https://site.api.espn.com/apis/site/v2/sports/football/college-football/summary?event=401856707,9f4f7dc1a6a2a7f0ebb9d504b6597961d8a31a60099e0f3ca1565df8cf96a968
401856708,Florida,Missouri,Missouri,WIN,LATE_SCORE_NONDETERMINATIVE,,,,,,COMPLETE,https://site.api.espn.com/apis/site/v2/sports/football/college-football/summary?event=401856708,74fb149dba9b9127110af99829a70838549f2a7ad238271d3f0f7d496e0798e1
401856709,Kentucky,South Carolina,Kentucky,WIN,LATE_FRONTDOOR_COVER,Henry Boyer 6 Yd pass from Kenny Minchey (Kenny Minchey Pass to Willie Rodriguez for Two-Point Conversion),0:00,5,27-34,35-34,COMPLETE,https://site.api.espn.com/apis/site/v2/sports/football/college-football/summary?event=401856709,e6628730f146795b235db3e188b06dd92683721186d5548d1a96775c676d748d
401856710,Auburn,Tennessee,Tennessee,WIN,LATE_FRONTDOOR_COVER,DeSean Bishop 5 Yd Run (Cooper Ranvier Kick),3:30,4,14-17,14-24,COMPLETE,https://site.api.espn.com/apis/site/v2/sports/football/college-football/summary?event=401856710,96c58d2ef5482841c8b98c06b0e3d7506b37cc5d8ff415d618c4431bf121cde3
401856711,Arkansas,Texas A&M,Arkansas,LOSS,NOT_APPLICABLE,,,,,,COMPLETE,https://site.api.espn.com/apis/site/v2/sports/football/college-football/summary?event=401856711,080228a637b0f1e9dd578866fd32ddbfcf8ac46d6040b2235cda548b802dd6d0
401856807,Middle Tennessee,Kansas,Middle Tennessee,LOSS,NOT_APPLICABLE,,,,,,COMPLETE,https://site.api.espn.com/apis/site/v2/sports/football/college-football/summary?event=401856807,8a3fbc0c2bea56d229c34ca6f4b87f579da85ff56fbff33a54765e9e2f081e8b
401856817,Baylor,Arizona State,Baylor,WIN,LATE_SCORE_NONDETERMINATIVE,,,,,,COMPLETE,https://site.api.espn.com/apis/site/v2/sports/football/college-football/summary?event=401856817,827c45bce4922bbdea893d20c0193d58db8a67a60d2c5b6b0ae1c077cdd0e67b
401856818,BYU,TCU,BYU,WIN,LATE_FRONTDOOR_COVER,Bear Bachmeier 21 Yd Run (Matthias Dunn Kick),2:06,4,10-7,17-7,COMPLETE,https://site.api.espn.com/apis/site/v2/sports/football/college-football/summary?event=401856818,ab0b688772aaf94745d600a9eb669ceafc79a2ba26743668ac52caa38ffc5a84
401856819,UCF,Houston,UCF,WIN,LATE_SCORE_NONDETERMINATIVE,,,,,,COMPLETE,https://site.api.espn.com/apis/site/v2/sports/football/college-football/summary?event=401856819,5ea7ef2b5551efa51cb4deb2c4f711133981a88e6c5bf85091439ed9303905a9
401856820,Cincinnati,Arizona,Cincinnati,LOSS,BACKDOOR_FAILURE,JC French IV 2 Yd Run (Stephen Rusnak Kick),1:56,4,0-34,7-34,COMPLETE,https://site.api.espn.com/apis/site/v2/sports/football/college-football/summary?event=401856820,07bd7a48d8cd54eba591965a28dd8b8ca2cddcb7aae1549be0b448018560761a
401856821,Texas Tech,Colorado,Colorado,LOSS,LATE_SCORE_NONDETERMINATIVE,,,,,,COMPLETE,https://site.api.espn.com/apis/site/v2/sports/football/college-football/summary?event=401856821,d179199e0525c192bba20ad19c3f02ef8fe2b46d1698411077a8bb4d4a2de006
401856822,West Virginia,Iowa State,Iowa State,WIN,LATE_FRONTDOOR_COVER,Aiden Flora 2 Yd Run (Kyle Konrardy Kick),1:57,4,42-38,42-45,COMPLETE,https://site.api.espn.com/apis/site/v2/sports/football/college-football/summary?event=401856822,c7e6aceae3ea4b7953bcf27f35a6f3aa1a9428c13b7fa3af96364f9cdaa9244a
401858245,Pittsburgh,Virginia Tech,Pittsburgh,WIN,NOT_APPLICABLE,,,,,,COMPLETE,https://site.api.espn.com/apis/site/v2/sports/football/college-football/summary?event=401858245,d711462b72cfa3e1399432291dcaf534f74686a350a85f3bdcf9507d5c7dc13a
401858246,Boston College,SMU,Boston College,WIN,LATE_SCORE_NONDETERMINATIVE,,,,,,COMPLETE,https://site.api.espn.com/apis/site/v2/sports/football/college-football/summary?event=401858246,7cd04a190c19565a5d2a9cff24bda3b34583779b4d6be4e329fab6eb6e5be4e2
401858247,California,UNLV,UNLV,WIN,LATE_SCORE_NONDETERMINATIVE,,,,,,COMPLETE,https://site.api.espn.com/apis/site/v2/sports/football/college-football/summary?event=401858247,260c26f6e6619ec9f7620947926ca70897735f608a9ea10437089f22cc53c644
401858248,Louisville,NC State,NC State,WIN,NOT_APPLICABLE,,,,,,COMPLETE,https://site.api.espn.com/apis/site/v2/sports/football/college-football/summary?event=401858248,917bd1c0232f8557a8778a28301fc512121f9c29726d6bea81725b1623068237
401858249,Miami,Clemson,Clemson,LOSS,LATE_SCORE_NONDETERMINATIVE,,,,,,COMPLETE,https://site.api.espn.com/apis/site/v2/sports/football/college-football/summary?event=401858249,b30003feb21a4a3eab3a27aeb5c136fc44e15a1a5de552ca8cf56e08c60e674d
401858250,Notre Dame,North Carolina,North Carolina,WIN,LATE_SCORE_NONDETERMINATIVE,,,,,,COMPLETE,https://site.api.espn.com/apis/site/v2/sports/football/college-football/summary?event=401858250,684cfefa986ede4417317248a8a8d17ae7d552d2fa8bd2e467939a448db9d7ea
401858251,Stanford,Wake Forest,Stanford,LOSS,LATE_SCORE_NONDETERMINATIVE,,,,,,COMPLETE,https://site.api.espn.com/apis/site/v2/sports/football/college-football/summary?event=401858251,57d8bc0deeb995e5c7e70a9a87e55fbd0362f88d925c6fd351825dd0b96b9325
401858252,Syracuse,UConn,UConn,WIN,LATE_SCORE_NONDETERMINATIVE,,,,,,COMPLETE,https://site.api.espn.com/apis/site/v2/sports/football/college-football/summary?event=401858252,adc58bd1b590e763d6b172e28b0068f6c67bafe5f830869a1d7d6663c46d9c8f
401858253,Virginia,Florida State,Virginia,LOSS,LATE_SCORE_NONDETERMINATIVE,,,,,,COMPLETE,https://site.api.espn.com/apis/site/v2/sports/football/college-football/summary?event=401858253,5ebaf30c6292632885976fd9e6efc6b1f84cf77d4360df7fced0990d5f80a44e
401858472,Purdue,Illinois,Purdue,WIN,LATE_SCORE_NONDETERMINATIVE,,,,,,COMPLETE,https://site.api.espn.com/apis/site/v2/sports/football/college-football/summary?event=401858472,d765ca3c33c6cb12260552bab0a5c66f78e651d64bb14007684681621ae46dac
401858473,Ohio State,Iowa,Iowa,LOSS,NOT_APPLICABLE,,,,,,COMPLETE,https://site.api.espn.com/apis/site/v2/sports/football/college-football/summary?event=401858473,bb2e6fec34ebf4c0bec574cbaa8f10a72aa501a9a561344267e136e3e342476d
401858474,Michigan,Minnesota,Minnesota,WIN,NOT_APPLICABLE,,,,,,COMPLETE,https://site.api.espn.com/apis/site/v2/sports/football/college-football/summary?event=401858474,00ee51be505f70c16aab3929d20cc3d9c8fe37fe81f1d0e5578ba525efd66f3c
401858475,Maryland,Nebraska,Nebraska,WIN,NOT_APPLICABLE,,,,,,COMPLETE,https://site.api.espn.com/apis/site/v2/sports/football/college-football/summary?event=401858475,911874d7dc75b7c69055fa321dadcc4b0689ce4d3ba2e8f7b7667dfba9880854
401858476,Penn State,Northwestern,Northwestern,WIN,LATE_SCORE_NONDETERMINATIVE,,,,,,COMPLETE,https://site.api.espn.com/apis/site/v2/sports/football/college-football/summary?event=401858476,a0c9d1552d34fe6536eb6996080e553459635e2a6b0d6f691ab1090c442888d0
401858477,Indiana,Rutgers,Rutgers,LOSS,LATE_SCORE_NONDETERMINATIVE,,,,,,COMPLETE,https://site.api.espn.com/apis/site/v2/sports/football/college-football/summary?event=401858477,0816b66db2223453bac8cf95e96875cae8f8eaf81e0d50a2bb017c0465a01dc5
401858478,Washington,USC,Washington,WIN,NOT_APPLICABLE,,,,,,COMPLETE,https://site.api.espn.com/apis/site/v2/sports/football/college-football/summary?event=401858478,1b4a97af2f08c04c64cc24c9e1dd0057f59d1bdc73cfc7c7d3d052b9e94f3ec6
401858479,Michigan State,Wisconsin,Wisconsin,WIN,NOT_APPLICABLE,,,,,,COMPLETE,https://site.api.espn.com/apis/site/v2/sports/football/college-football/summary?event=401858479,2c625e12365428e4d14e9e33b09e192eefede903d7d6c641c1031876e3ba758d
401860898,Utah State,Boise State,Utah State,WIN,NOT_APPLICABLE,,,,,,COMPLETE,https://site.api.espn.com/apis/site/v2/sports/football/college-football/summary?event=401860898,42cda56ca6ab7c029b483b9feef22faa5f66729910376f81f106bdc7a8e9f2fc
401860899,Oregon State,Colorado State,Colorado State,LOSS,NOT_APPLICABLE,,,,,,COMPLETE,https://site.api.espn.com/apis/site/v2/sports/football/college-football/summary?event=401860899,b1573fee221cfd476187407fda106ab96832f8facf1df56bc6bebc550a6edb0f
401860900,Texas State,San Diego State,Texas State,LOSS,BACKDOOR_FAILURE,Beau Sparks 40 Yd pass from Brad Jackson (Jacob Bonilla Kick),1:54,4,22-31,29-31,COMPLETE,https://site.api.espn.com/apis/site/v2/sports/football/college-football/summary?event=401860900,3fa91a89cd7fe1694809fc3cb94c668e41026ef02dfa92c743d7b0dc5054e6ce
401860921,Fresno State,Washington State,Fresno State,WIN,LATE_SCORE_NONDETERMINATIVE,,,,,,COMPLETE,https://site.api.espn.com/apis/site/v2/sports/football/college-football/summary?event=401860921,cb02c19085709094718aab3a0b52a07947b14ea76a3c8bb280ef8351b99e3bb0
401862786,North Texas,Tulsa,Tulsa,LOSS,BACKDOOR_FAILURE,Damari Alston 2 Yd Run (Two-Point Pass Conversion Failed),0:00,5,45-38,45-44,COMPLETE,https://site.api.espn.com/apis/site/v2/sports/football/college-football/summary?event=401862786,96b192bb728f761553473696022dbdba5afddc72056ae77299dbfb2e3586903f
401862787,Memphis,Charlotte,Charlotte,LOSS,NOT_APPLICABLE,,,,,,COMPLETE,https://site.api.espn.com/apis/site/v2/sports/football/college-football/summary?event=401862787,d97318415201eff6f8bd91e254e94becac26b0af80600c0197a93e4beeaf2a1e
401862788,UTSA,Rice,Rice,WIN,NOT_APPLICABLE,,,,,,COMPLETE,https://site.api.espn.com/apis/site/v2/sports/football/college-football/summary?event=401862788,5c517dd00866a1af520c056002ad1f0cbcb395789d92ea11c7d2e7613edd1e7a
401862791,Navy,Air Force,Air Force,WIN,NOT_APPLICABLE,,,,,,COMPLETE,https://site.api.espn.com/apis/site/v2/sports/football/college-football/summary?event=401862791,512aec8f2af7dca03186614ab95594e35349f4fd79fb38ab1172b31ef511e3a8
401862792,Temple,South Florida,South Florida,LOSS,LATE_SCORE_NONDETERMINATIVE,,,,,,COMPLETE,https://site.api.espn.com/apis/site/v2/sports/football/college-football/summary?event=401862792,c18e0fd37ef5f9bffe5ee224c70ee8617b9c5da9301ae099afdde17cb0fa80bc
401864513,San José State,Hawai'i,San José State,WIN,LATE_SCORE_NONDETERMINATIVE,,,,,,COMPLETE,https://site.api.espn.com/apis/site/v2/sports/football/college-football/summary?event=401864513,8ab530deb3d2776d8d459d7f6ef79a29a338be6408c19c05100830ca81848f6c
401864514,UTEP,New Mexico,New Mexico,WIN,NOT_EVALUATED_NO_PBP,,,,,,PARTIAL_OR_UNAVAILABLE_FINAL_SCORE_MISMATCH,https://site.api.espn.com/apis/site/v2/sports/football/college-football/summary?event=401864514,853ec3f66af79acf48729cf064b829a52f1005beb7b13da2e67d9e86144ee4ab
401864515,Wyoming,North Dakota State,Wyoming,LOSS,NOT_APPLICABLE,,,,,,COMPLETE,https://site.api.espn.com/apis/site/v2/sports/football/college-football/summary?event=401864515,aca97e0eb455344e30b62e7582b138b2c7f7e23529ec4483e4d53758ef55e35c
401866430,Akron,Central Michigan,Central Michigan,WIN,LATE_SCORE_NONDETERMINATIVE,,,,,,COMPLETE,https://site.api.espn.com/apis/site/v2/sports/football/college-football/summary?event=401866430,3b612ad57ee974d5a232b78831637a29734d5065e83d1a18abe55511f9faba8e
401866431,Toledo,Ball State,Ball State,WIN,LATE_SCORE_NONDETERMINATIVE,,,,,,COMPLETE,https://site.api.espn.com/apis/site/v2/sports/football/college-football/summary?event=401866431,1a038559a7235ca09ea422c2f6a18f975e1058128bdc2d564a4266f7711fb094
401866432,Western Michigan,Buffalo,Buffalo,WIN,LATE_SCORE_NONDETERMINATIVE,,,,,,COMPLETE,https://site.api.espn.com/apis/site/v2/sports/football/college-football/summary?event=401866432,68f985a903e602b4bce662d42275249336a1b3c7e3a1a9a790c6247daf18c33c
401866433,Eastern Michigan,Massachusetts,Massachusetts,LOSS,BACKDOOR_FAILURE,Curtis Kimmons IV 3 Yd Run (Derek Morris Kick),1:02,4,38-7,38-14,COMPLETE,https://site.api.espn.com/apis/site/v2/sports/football/college-football/summary?event=401866433,8e6e0707b8ea830a01c0f9b56177b71a517b65104b66846cbc3c399ad21908a2
401866434,Ohio,Kent State,Kent State,WIN,NOT_APPLICABLE,,,,,,COMPLETE,https://site.api.espn.com/apis/site/v2/sports/football/college-football/summary?event=401866434,61c8589cd64742699e6ba137e5b12f3941d7eb97a3748a057cc67e036edc138b
401866477,Bowling Green,Miami (OH),Miami (OH),LOSS,LATE_SCORE_NONDETERMINATIVE,,,,,,COMPLETE,https://site.api.espn.com/apis/site/v2/sports/football/college-football/summary?event=401866477,c4e02b1da132221c8b6963e9776b5781ced486557948ba8d12969dc8b2a74799
401869842,Army,Louisiana Tech,Louisiana Tech,WIN,LATE_SCORE_NONDETERMINATIVE,,,,,,COMPLETE,https://site.api.espn.com/apis/site/v2/sports/football/college-football/summary?event=401869842,b1f528354c1e13489a90e68162331cdee0ef558fffa0bb230ac5afc884c41df4
401869932,Arkansas State,Louisiana,Louisiana,LOSS,LATE_SCORE_NONDETERMINATIVE,,,,,,COMPLETE,https://site.api.espn.com/apis/site/v2/sports/football/college-football/summary?event=401869932,bd46671f0fb403d10c8f3f5cecff5da3227fd562d93cc7d9614c1f3ff78070d3
401869942,Georgia Southern,Coastal Carolina,Coastal Carolina,LOSS,BACKDOOR_FAILURE,Karmello English 29 Yd pass from Deuce Bailey (Nico Cavanillas Alti Kick),0:57,4,31-17,31-24,COMPLETE,https://site.api.espn.com/apis/site/v2/sports/football/college-football/summary?event=401869942,94952e736dd1d5050c0888b1e57713f74f7e3e6b01608aeb6a871a89cc2da8d2
401869956,Old Dominion,Georgia State,Georgia State,WIN,NOT_APPLICABLE,,,,,,COMPLETE,https://site.api.espn.com/apis/site/v2/sports/football/college-football/summary?event=401869956,9cb5e119bf5531d23b23c41748f6c31fb3974f0de807431b120c9368bf737bf3
401869962,Marshall,James Madison,James Madison,WIN,LATE_SCORE_NONDETERMINATIVE,,,,,,COMPLETE,https://site.api.espn.com/apis/site/v2/sports/football/college-football/summary?event=401869962,b8f07233be162be3d86011651fc8c07196a014b15ff3ce47e60b02230fc7bf5e
401871049,Western Kentucky,New Mexico State,New Mexico State,WIN,LATE_SCORE_NONDETERMINATIVE,,,,,,COMPLETE,https://site.api.espn.com/apis/site/v2/sports/football/college-football/summary?event=401871049,613dc48168450f736cd13ae11b048918d9e114aaa77d6cea3742289fd9909131
401871050,Liberty,Delaware,Delaware,LOSS,BACKDOOR_FAILURE,Matthew McKinley-Daniels 27 Yd pass from Tyler Bell (Tyler Bell Run for Two-Point Conversion),1:35,4,30-6,30-14,COMPLETE,https://site.api.espn.com/apis/site/v2/sports/football/college-football/summary?event=401871050,e87bf8d198aa6764e46246bdcb03b5d199eeab2fcf28c702d710efc683341257
401871089,UL Monroe,South Alabama,UL Monroe,LOSS,BACKDOOR_FAILURE,Darrion Gilliam 9 Yd pass from Aidan Armenta (Abram Murray Kick),0:53,4,28-52,35-52,COMPLETE,https://site.api.espn.com/apis/site/v2/sports/football/college-football/summary?event=401871089,e517b0c0b92b4e452210d809dc86ccc55669a45d6165474451dd824c04b5baa1
