game_id,away,home,review_scope,ats_result,model_home_margin_error,failure_code,failure_code_basis,fcs_prior_games,prior_blowout_35_plus,qb_status_at_review,late_score_classification,causal_explanation_status,score_source
401856705,Vanderbilt,Georgia,FULL_CARD_SCREEN,WIN,2.2518213833494123,NO_CLEAR_LOGIC_FAILURE,NO_CAUSAL_FAILURE_VERIFIED,2,True,QB_UNCERTAINTY_PRESENT,NOT_APPLICABLE,UNVERIFIED;NO_SPECULATIVE_TAXONOMY_ASSIGNED,https://site.api.espn.com/apis/site/v2/sports/football/college-football/summary?event=401856705
401856707,Alabama,Mississippi State,RAW_EDGE_GE_7;DECISION_SHORTLIST;ANALYTICAL_SHORTLIST,LOSS,-34.82166062329789,MODEL_PROJECTION_FAILURE,ABS_HOME_MARGIN_ERROR_GE_14_POINT_MEASUREMENT_ONLY,0,True,PROBABLE/PROBABLE,NOT_APPLICABLE,UNVERIFIED;NO_SPECULATIVE_TAXONOMY_ASSIGNED,https://site.api.espn.com/apis/site/v2/sports/football/college-football/summary?event=401856707
401856708,Florida,Missouri,FULL_CARD_SCREEN,WIN,30.445883592679557,MODEL_PROJECTION_FAILURE,ABS_HOME_MARGIN_ERROR_GE_14_POINT_MEASUREMENT_ONLY,2,True,QB_UNCERTAINTY_PRESENT,LATE_SCORE_NONDETERMINATIVE,UNVERIFIED;NO_SPECULATIVE_TAXONOMY_ASSIGNED,https://site.api.espn.com/apis/site/v2/sports/football/college-football/summary?event=401856708
401856709,Kentucky,South Carolina,FULL_CARD_SCREEN,WIN,1.7487719309940735,NO_CLEAR_LOGIC_FAILURE,NO_CAUSAL_FAILURE_VERIFIED,2,True,QB_UNCERTAINTY_PRESENT,LATE_FRONTDOOR_COVER,UNVERIFIED;NO_SPECULATIVE_TAXONOMY_ASSIGNED,https://site.api.espn.com/apis/site/v2/sports/football/college-football/summary?event=401856709
401856710,Auburn,Tennessee,SHADOW_TOTALS_TOP_FIVE,WIN,-1.3441365686636715,NO_CLEAR_LOGIC_FAILURE,NO_CAUSAL_FAILURE_VERIFIED,1,True,QB_UNCERTAINTY_PRESENT,LATE_FRONTDOOR_COVER,UNVERIFIED;NO_SPECULATIVE_TAXONOMY_ASSIGNED,https://site.api.espn.com/apis/site/v2/sports/football/college-football/summary?event=401856710
401856711,Arkansas,Texas A&M,RAW_EDGE_GE_7,LOSS,19.573290158714293,MODEL_PROJECTION_FAILURE,ABS_HOME_MARGIN_ERROR_GE_14_POINT_MEASUREMENT_ONLY,1,True,QB_UNCERTAINTY_PRESENT,NOT_APPLICABLE,UNVERIFIED;NO_SPECULATIVE_TAXONOMY_ASSIGNED,https://site.api.espn.com/apis/site/v2/sports/football/college-football/summary?event=401856711
401856807,Middle Tennessee,Kansas,RAW_EDGE_GE_7,LOSS,47.93092723397,MODEL_PROJECTION_FAILURE,ABS_HOME_MARGIN_ERROR_GE_14_POINT_MEASUREMENT_ONLY,2,True,QB_UNCERTAINTY_PRESENT,NOT_APPLICABLE,UNVERIFIED;NO_SPECULATIVE_TAXONOMY_ASSIGNED,https://site.api.espn.com/apis/site/v2/sports/football/college-football/summary?event=401856807
401856817,Baylor,Arizona State,FULL_CARD_SCREEN,WIN,-33.78540521461109,MODEL_PROJECTION_FAILURE,ABS_HOME_MARGIN_ERROR_GE_14_POINT_MEASUREMENT_ONLY,2,True,QB_UNCERTAINTY_PRESENT,LATE_SCORE_NONDETERMINATIVE,UNVERIFIED;NO_SPECULATIVE_TAXONOMY_ASSIGNED,https://site.api.espn.com/apis/site/v2/sports/football/college-football/summary?event=401856817
401856818,BYU,TCU,FULL_CARD_SCREEN,WIN,3.6191379183300594,NO_CLEAR_LOGIC_FAILURE,NO_CAUSAL_FAILURE_VERIFIED,2,True,QB_UNCERTAINTY_PRESENT,LATE_FRONTDOOR_COVER,UNVERIFIED;NO_SPECULATIVE_TAXONOMY_ASSIGNED,https://site.api.espn.com/apis/site/v2/sports/football/college-football/summary?event=401856818
401856819,UCF,Houston,FULL_CARD_SCREEN,WIN,-0.6721977712130744,NO_CLEAR_LOGIC_FAILURE,NO_CAUSAL_FAILURE_VERIFIED,2,True,QB_UNCERTAINTY_PRESENT,LATE_SCORE_NONDETERMINATIVE,UNVERIFIED;NO_SPECULATIVE_TAXONOMY_ASSIGNED,https://site.api.espn.com/apis/site/v2/sports/football/college-football/summary?event=401856819
401856820,Cincinnati,Arizona,DECISION_SHORTLIST;ANALYTICAL_SHORTLIST,LOSS,23.26386110903271,MODEL_PROJECTION_FAILURE,ABS_HOME_MARGIN_ERROR_GE_14_POINT_MEASUREMENT_ONLY,2,True,PROBABLE/PROBABLE,BACKDOOR_FAILURE,UNVERIFIED;NO_SPECULATIVE_TAXONOMY_ASSIGNED,https://site.api.espn.com/apis/site/v2/sports/football/college-football/summary?event=401856820
401856821,Texas Tech,Colorado,RAW_EDGE_GE_7,LOSS,-19.93071778043073,MODEL_PROJECTION_FAILURE,ABS_HOME_MARGIN_ERROR_GE_14_POINT_MEASUREMENT_ONLY,2,True,QB_UNCERTAINTY_PRESENT,LATE_SCORE_NONDETERMINATIVE,UNVERIFIED;NO_SPECULATIVE_TAXONOMY_ASSIGNED,https://site.api.espn.com/apis/site/v2/sports/football/college-football/summary?event=401856821
401856822,West Virginia,Iowa State,FULL_CARD_SCREEN,WIN,-4.643975064670211,NO_CLEAR_LOGIC_FAILURE,NO_CAUSAL_FAILURE_VERIFIED,2,True,QB_UNCERTAINTY_PRESENT,LATE_FRONTDOOR_COVER,UNVERIFIED;NO_SPECULATIVE_TAXONOMY_ASSIGNED,https://site.api.espn.com/apis/site/v2/sports/football/college-football/summary?event=401856822
401858245,Pittsburgh,Virginia Tech,DECISION_SHORTLIST;GOVERNED_TOP_FIVE;ANALYTICAL_SHORTLIST,WIN,-0.9894758226461091,NO_CLEAR_LOGIC_FAILURE,NO_CAUSAL_FAILURE_VERIFIED,2,True,PROBABLE/PROBABLE,NOT_APPLICABLE,UNVERIFIED;NO_SPECULATIVE_TAXONOMY_ASSIGNED,https://site.api.espn.com/apis/site/v2/sports/football/college-football/summary?event=401858245
401858246,Boston College,SMU,RAW_EDGE_GE_7;SHADOW_TOTALS_TOP_FIVE,WIN,-4.217921689590305,NO_CLEAR_LOGIC_FAILURE,NO_CAUSAL_FAILURE_VERIFIED,2,True,QB_UNCERTAINTY_PRESENT,LATE_SCORE_NONDETERMINATIVE,UNVERIFIED;NO_SPECULATIVE_TAXONOMY_ASSIGNED,https://site.api.espn.com/apis/site/v2/sports/football/college-football/summary?event=401858246
401858247,California,UNLV,ANALYTICAL_SHORTLIST;SHADOW_TOTALS_TOP_FIVE,WIN,2.51608056923833,NO_CLEAR_LOGIC_FAILURE,NO_CAUSAL_FAILURE_VERIFIED,1,True,QB_UNCERTAINTY_PRESENT,LATE_SCORE_NONDETERMINATIVE,UNVERIFIED;NO_SPECULATIVE_TAXONOMY_ASSIGNED,https://site.api.espn.com/apis/site/v2/sports/football/college-football/summary?event=401858247
401858248,Louisville,NC State,FULL_CARD_SCREEN,WIN,5.76044629161046,NO_CLEAR_LOGIC_FAILURE,NO_CAUSAL_FAILURE_VERIFIED,2,True,QB_UNCERTAINTY_PRESENT,NOT_APPLICABLE,UNVERIFIED;NO_SPECULATIVE_TAXONOMY_ASSIGNED,https://site.api.espn.com/apis/site/v2/sports/football/college-football/summary?event=401858248
401858249,Miami,Clemson,FULL_CARD_SCREEN,LOSS,-12.154514575049514,NO_CLEAR_LOGIC_FAILURE,NO_CAUSAL_FAILURE_VERIFIED,1,True,QB_UNCERTAINTY_PRESENT,LATE_SCORE_NONDETERMINATIVE,UNVERIFIED;NO_SPECULATIVE_TAXONOMY_ASSIGNED,https://site.api.espn.com/apis/site/v2/sports/football/college-football/summary?event=401858249
401858250,Notre Dame,North Carolina,RAW_EDGE_GE_7,WIN,0.16767280457703926,NO_CLEAR_LOGIC_FAILURE,NO_CAUSAL_FAILURE_VERIFIED,1,True,QB_UNCERTAINTY_PRESENT,LATE_SCORE_NONDETERMINATIVE,UNVERIFIED;NO_SPECULATIVE_TAXONOMY_ASSIGNED,https://site.api.espn.com/apis/site/v2/sports/football/college-football/summary?event=401858250
401858251,Stanford,Wake Forest,FULL_CARD_SCREEN,LOSS,42.70271794182989,MODEL_PROJECTION_FAILURE,ABS_HOME_MARGIN_ERROR_GE_14_POINT_MEASUREMENT_ONLY,0,True,QB_UNCERTAINTY_PRESENT,LATE_SCORE_NONDETERMINATIVE,UNVERIFIED;NO_SPECULATIVE_TAXONOMY_ASSIGNED,https://site.api.espn.com/apis/site/v2/sports/football/college-football/summary?event=401858251
401858252,Syracuse,UConn,RAW_EDGE_GE_7,WIN,-8.186460924726763,NO_CLEAR_LOGIC_FAILURE,NO_CAUSAL_FAILURE_VERIFIED,2,True,QB_UNCERTAINTY_PRESENT,LATE_SCORE_NONDETERMINATIVE,UNVERIFIED;NO_SPECULATIVE_TAXONOMY_ASSIGNED,https://site.api.espn.com/apis/site/v2/sports/football/college-football/summary?event=401858252
401858253,Virginia,Florida State,FULL_CARD_SCREEN,LOSS,39.45634553930521,MODEL_PROJECTION_FAILURE,ABS_HOME_MARGIN_ERROR_GE_14_POINT_MEASUREMENT_ONLY,2,True,QB_UNCERTAINTY_PRESENT,LATE_SCORE_NONDETERMINATIVE,UNVERIFIED;NO_SPECULATIVE_TAXONOMY_ASSIGNED,https://site.api.espn.com/apis/site/v2/sports/football/college-football/summary?event=401858253
401858472,Purdue,Illinois,FULL_CARD_SCREEN,WIN,-14.820546371949927,MODEL_PROJECTION_FAILURE,ABS_HOME_MARGIN_ERROR_GE_14_POINT_MEASUREMENT_ONLY,2,True,QB_UNCERTAINTY_PRESENT,LATE_SCORE_NONDETERMINATIVE,UNVERIFIED;NO_SPECULATIVE_TAXONOMY_ASSIGNED,https://site.api.espn.com/apis/site/v2/sports/football/college-football/summary?event=401858472
401858473,Ohio State,Iowa,RAW_EDGE_GE_7,LOSS,-16.33159599730313,MODEL_PROJECTION_FAILURE,ABS_HOME_MARGIN_ERROR_GE_14_POINT_MEASUREMENT_ONLY,1,True,QB_UNCERTAINTY_PRESENT,NOT_APPLICABLE,UNVERIFIED;NO_SPECULATIVE_TAXONOMY_ASSIGNED,https://site.api.espn.com/apis/site/v2/sports/football/college-football/summary?event=401858473
401858474,Michigan,Minnesota,FULL_CARD_SCREEN,WIN,8.449608255647341,NO_CLEAR_LOGIC_FAILURE,NO_CAUSAL_FAILURE_VERIFIED,1,True,QB_UNCERTAINTY_PRESENT,NOT_APPLICABLE,UNVERIFIED;NO_SPECULATIVE_TAXONOMY_ASSIGNED,https://site.api.espn.com/apis/site/v2/sports/football/college-football/summary?event=401858474
401858475,Maryland,Nebraska,FULL_CARD_SCREEN,WIN,6.532477160060758,NO_CLEAR_LOGIC_FAILURE,NO_CAUSAL_FAILURE_VERIFIED,2,True,QB_UNCERTAINTY_PRESENT,NOT_APPLICABLE,UNVERIFIED;NO_SPECULATIVE_TAXONOMY_ASSIGNED,https://site.api.espn.com/apis/site/v2/sports/football/college-football/summary?event=401858475
401858476,Penn State,Northwestern,DECISION_SHORTLIST;GOVERNED_TOP_FIVE;ANALYTICAL_SHORTLIST;SHADOW_TOTALS_TOP_FIVE,WIN,19.953065028827393,MODEL_PROJECTION_FAILURE,ABS_HOME_MARGIN_ERROR_GE_14_POINT_MEASUREMENT_ONLY,1,True,PROBABLE/PROBABLE,LATE_SCORE_NONDETERMINATIVE,UNVERIFIED;NO_SPECULATIVE_TAXONOMY_ASSIGNED,https://site.api.espn.com/apis/site/v2/sports/football/college-football/summary?event=401858476
401858477,Indiana,Rutgers,RAW_EDGE_GE_7,LOSS,-16.930860536147765,MODEL_PROJECTION_FAILURE,ABS_HOME_MARGIN_ERROR_GE_14_POINT_MEASUREMENT_ONLY,2,True,QB_UNCERTAINTY_PRESENT,LATE_SCORE_NONDETERMINATIVE,UNVERIFIED;NO_SPECULATIVE_TAXONOMY_ASSIGNED,https://site.api.espn.com/apis/site/v2/sports/football/college-football/summary?event=401858477
401858478,Washington,USC,RAW_EDGE_GE_7,WIN,4.316352177157863,NO_CLEAR_LOGIC_FAILURE,NO_CAUSAL_FAILURE_VERIFIED,1,True,QB_UNCERTAINTY_PRESENT,NOT_APPLICABLE,UNVERIFIED;NO_SPECULATIVE_TAXONOMY_ASSIGNED,https://site.api.espn.com/apis/site/v2/sports/football/college-football/summary?event=401858478
401858479,Michigan State,Wisconsin,FULL_CARD_SCREEN,WIN,14.586124258838364,MODEL_PROJECTION_FAILURE,ABS_HOME_MARGIN_ERROR_GE_14_POINT_MEASUREMENT_ONLY,1,True,QB_UNCERTAINTY_PRESENT,NOT_APPLICABLE,UNVERIFIED;NO_SPECULATIVE_TAXONOMY_ASSIGNED,https://site.api.espn.com/apis/site/v2/sports/football/college-football/summary?event=401858479
401860898,Utah State,Boise State,FULL_CARD_SCREEN,WIN,2.9814239893753545,NO_CLEAR_LOGIC_FAILURE,NO_CAUSAL_FAILURE_VERIFIED,2,False,QB_UNCERTAINTY_PRESENT,NOT_APPLICABLE,UNVERIFIED;NO_SPECULATIVE_TAXONOMY_ASSIGNED,https://site.api.espn.com/apis/site/v2/sports/football/college-football/summary?event=401860898
401860899,Oregon State,Colorado State,RAW_EDGE_GE_7,LOSS,-31.63973375045733,MODEL_PROJECTION_FAILURE,ABS_HOME_MARGIN_ERROR_GE_14_POINT_MEASUREMENT_ONLY,2,True,QB_UNCERTAINTY_PRESENT,NOT_APPLICABLE,UNVERIFIED;NO_SPECULATIVE_TAXONOMY_ASSIGNED,https://site.api.espn.com/apis/site/v2/sports/football/college-football/summary?event=401860899
401860900,Texas State,San Diego State,FULL_CARD_SCREEN,LOSS,11.14071546448306,NO_CLEAR_LOGIC_FAILURE,NO_CAUSAL_FAILURE_VERIFIED,2,True,QB_UNCERTAINTY_PRESENT,LATE_SCORE_NONDETERMINATIVE,UNVERIFIED;NO_SPECULATIVE_TAXONOMY_ASSIGNED,https://site.api.espn.com/apis/site/v2/sports/football/college-football/summary?event=401860900
401860921,Fresno State,Washington State,FULL_CARD_SCREEN,WIN,-16.406252428233522,MODEL_PROJECTION_FAILURE,ABS_HOME_MARGIN_ERROR_GE_14_POINT_MEASUREMENT_ONLY,1,True,QB_UNCERTAINTY_PRESENT,LATE_SCORE_NONDETERMINATIVE,UNVERIFIED;NO_SPECULATIVE_TAXONOMY_ASSIGNED,https://site.api.espn.com/apis/site/v2/sports/football/college-football/summary?event=401860921
401862786,North Texas,Tulsa,GOVERNED_TOP_FIVE,LOSS,-3.8699020479195756,NO_CLEAR_LOGIC_FAILURE,NO_CAUSAL_FAILURE_VERIFIED,2,True,QB_UNCERTAINTY_PRESENT,LATE_SCORE_NONDETERMINATIVE,UNVERIFIED;NO_SPECULATIVE_TAXONOMY_ASSIGNED,https://site.api.espn.com/apis/site/v2/sports/football/college-football/summary?event=401862786
401862787,Memphis,Charlotte,RAW_EDGE_GE_7,LOSS,-41.3604444051506,MODEL_PROJECTION_FAILURE,ABS_HOME_MARGIN_ERROR_GE_14_POINT_MEASUREMENT_ONLY,2,False,QB_UNCERTAINTY_PRESENT,NOT_APPLICABLE,UNVERIFIED;NO_SPECULATIVE_TAXONOMY_ASSIGNED,https://site.api.espn.com/apis/site/v2/sports/football/college-football/summary?event=401862787
401862788,UTSA,Rice,FULL_CARD_SCREEN,WIN,3.3671503440916855,NO_CLEAR_LOGIC_FAILURE,NO_CAUSAL_FAILURE_VERIFIED,2,True,QB_UNCERTAINTY_PRESENT,NOT_APPLICABLE,UNVERIFIED;NO_SPECULATIVE_TAXONOMY_ASSIGNED,https://site.api.espn.com/apis/site/v2/sports/football/college-football/summary?event=401862788
401862791,Navy,Air Force,RAW_EDGE_GE_7;SHADOW_TOTALS_TOP_FIVE,WIN,-7.298420042610918,NO_CLEAR_LOGIC_FAILURE,NO_CAUSAL_FAILURE_VERIFIED,2,False,QB_UNCERTAINTY_PRESENT,NOT_APPLICABLE,UNVERIFIED;NO_SPECULATIVE_TAXONOMY_ASSIGNED,https://site.api.espn.com/apis/site/v2/sports/football/college-football/summary?event=401862791
401862792,Temple,South Florida,FULL_CARD_SCREEN,LOSS,-14.08742255589808,MODEL_PROJECTION_FAILURE,ABS_HOME_MARGIN_ERROR_GE_14_POINT_MEASUREMENT_ONLY,2,True,QB_UNCERTAINTY_PRESENT,LATE_SCORE_NONDETERMINATIVE,UNVERIFIED;NO_SPECULATIVE_TAXONOMY_ASSIGNED,https://site.api.espn.com/apis/site/v2/sports/football/college-football/summary?event=401862792
401864513,San José State,Hawai'i,FULL_CARD_SCREEN,WIN,-1.9910079001570153,NO_CLEAR_LOGIC_FAILURE,NO_CAUSAL_FAILURE_VERIFIED,1,False,QB_UNCERTAINTY_PRESENT,LATE_SCORE_NONDETERMINATIVE,UNVERIFIED;NO_SPECULATIVE_TAXONOMY_ASSIGNED,https://site.api.espn.com/apis/site/v2/sports/football/college-football/summary?event=401864513
401864514,UTEP,New Mexico,RAW_EDGE_GE_7,WIN,21.913854525587723,MODEL_PROJECTION_FAILURE,ABS_HOME_MARGIN_ERROR_GE_14_POINT_MEASUREMENT_ONLY,2,True,QB_UNCERTAINTY_PRESENT,NOT_EVALUATED_NO_PBP,UNVERIFIED;NO_SPECULATIVE_TAXONOMY_ASSIGNED,https://site.api.espn.com/apis/site/v2/sports/football/college-football/summary?event=401864514
401864515,Wyoming,North Dakota State,FULL_CARD_SCREEN,LOSS,12.855763536914496,NO_CLEAR_LOGIC_FAILURE,NO_CAUSAL_FAILURE_VERIFIED,2,True,QB_UNCERTAINTY_PRESENT,NOT_APPLICABLE,UNVERIFIED;NO_SPECULATIVE_TAXONOMY_ASSIGNED,https://site.api.espn.com/apis/site/v2/sports/football/college-football/summary?event=401864515
401866430,Akron,Central Michigan,FULL_CARD_SCREEN,WIN,17.299890059016974,MODEL_PROJECTION_FAILURE,ABS_HOME_MARGIN_ERROR_GE_14_POINT_MEASUREMENT_ONLY,2,True,QB_UNCERTAINTY_PRESENT,LATE_SCORE_NONDETERMINATIVE,UNVERIFIED;NO_SPECULATIVE_TAXONOMY_ASSIGNED,https://site.api.espn.com/apis/site/v2/sports/football/college-football/summary?event=401866430
401866431,Toledo,Ball State,FULL_CARD_SCREEN,WIN,-0.2932551558864027,NO_CLEAR_LOGIC_FAILURE,NO_CAUSAL_FAILURE_VERIFIED,2,True,QB_UNCERTAINTY_PRESENT,LATE_SCORE_NONDETERMINATIVE,UNVERIFIED;NO_SPECULATIVE_TAXONOMY_ASSIGNED,https://site.api.espn.com/apis/site/v2/sports/football/college-football/summary?event=401866431
401866432,Western Michigan,Buffalo,RAW_EDGE_GE_7,WIN,-2.840881172176127,NO_CLEAR_LOGIC_FAILURE,NO_CAUSAL_FAILURE_VERIFIED,3,True,QB_UNCERTAINTY_PRESENT,LATE_SCORE_NONDETERMINATIVE,UNVERIFIED;NO_SPECULATIVE_TAXONOMY_ASSIGNED,https://site.api.espn.com/apis/site/v2/sports/football/college-football/summary?event=401866432
401866433,Eastern Michigan,Massachusetts,RAW_EDGE_GE_7,LOSS,-49.18990715171812,MODEL_PROJECTION_FAILURE,ABS_HOME_MARGIN_ERROR_GE_14_POINT_MEASUREMENT_ONLY,3,True,QB_UNCERTAINTY_PRESENT,LATE_SCORE_NONDETERMINATIVE,UNVERIFIED;NO_SPECULATIVE_TAXONOMY_ASSIGNED,https://site.api.espn.com/apis/site/v2/sports/football/college-football/summary?event=401866433
401866434,Ohio,Kent State,RAW_EDGE_GE_7,WIN,-6.568407687524044,NO_CLEAR_LOGIC_FAILURE,NO_CAUSAL_FAILURE_VERIFIED,2,True,QB_UNCERTAINTY_PRESENT,NOT_APPLICABLE,UNVERIFIED;NO_SPECULATIVE_TAXONOMY_ASSIGNED,https://site.api.espn.com/apis/site/v2/sports/football/college-football/summary?event=401866434
401866477,Bowling Green,Miami (OH),RAW_EDGE_GE_7,LOSS,-25.114331420925154,MODEL_PROJECTION_FAILURE,ABS_HOME_MARGIN_ERROR_GE_14_POINT_MEASUREMENT_ONLY,2,True,QB_UNCERTAINTY_PRESENT,LATE_SCORE_NONDETERMINATIVE,UNVERIFIED;NO_SPECULATIVE_TAXONOMY_ASSIGNED,https://site.api.espn.com/apis/site/v2/sports/football/college-football/summary?event=401866477
401869842,Army,Louisiana Tech,FULL_CARD_SCREEN,WIN,1.9326094451020244,NO_CLEAR_LOGIC_FAILURE,NO_CAUSAL_FAILURE_VERIFIED,2,True,QB_UNCERTAINTY_PRESENT,LATE_SCORE_NONDETERMINATIVE,UNVERIFIED;NO_SPECULATIVE_TAXONOMY_ASSIGNED,https://site.api.espn.com/apis/site/v2/sports/football/college-football/summary?event=401869842
401869932,Arkansas State,Louisiana,RAW_EDGE_GE_7,LOSS,-11.11639050933612,NO_CLEAR_LOGIC_FAILURE,NO_CAUSAL_FAILURE_VERIFIED,2,True,QB_UNCERTAINTY_PRESENT,LATE_SCORE_NONDETERMINATIVE,UNVERIFIED;NO_SPECULATIVE_TAXONOMY_ASSIGNED,https://site.api.espn.com/apis/site/v2/sports/football/college-football/summary?event=401869932
401869942,Georgia Southern,Coastal Carolina,RAW_EDGE_GE_7;ANALYTICAL_SHORTLIST,LOSS,-12.886895199685181,NO_CLEAR_LOGIC_FAILURE,NO_CAUSAL_FAILURE_VERIFIED,2,True,QB_UNCERTAINTY_PRESENT,BACKDOOR_FAILURE,UNVERIFIED;NO_SPECULATIVE_TAXONOMY_ASSIGNED,https://site.api.espn.com/apis/site/v2/sports/football/college-football/summary?event=401869942
401869956,Old Dominion,Georgia State,RAW_EDGE_GE_7,WIN,17.27356969663052,MODEL_PROJECTION_FAILURE,ABS_HOME_MARGIN_ERROR_GE_14_POINT_MEASUREMENT_ONLY,2,True,QB_UNCERTAINTY_PRESENT,NOT_APPLICABLE,UNVERIFIED;NO_SPECULATIVE_TAXONOMY_ASSIGNED,https://site.api.espn.com/apis/site/v2/sports/football/college-football/summary?event=401869956
401869962,Marshall,James Madison,FULL_CARD_SCREEN,WIN,4.400288912936897,NO_CLEAR_LOGIC_FAILURE,NO_CAUSAL_FAILURE_VERIFIED,2,True,QB_UNCERTAINTY_PRESENT,LATE_SCORE_NONDETERMINATIVE,UNVERIFIED;NO_SPECULATIVE_TAXONOMY_ASSIGNED,https://site.api.espn.com/apis/site/v2/sports/football/college-football/summary?event=401869962
401871049,Western Kentucky,New Mexico State,RAW_EDGE_GE_7;GOVERNED_TOP_FIVE,WIN,5.83208528346413,NO_CLEAR_LOGIC_FAILURE,NO_CAUSAL_FAILURE_VERIFIED,2,True,QB_UNCERTAINTY_PRESENT,LATE_SCORE_NONDETERMINATIVE,UNVERIFIED;NO_SPECULATIVE_TAXONOMY_ASSIGNED,https://site.api.espn.com/apis/site/v2/sports/football/college-football/summary?event=401871049
401871050,Liberty,Delaware,RAW_EDGE_GE_7;DECISION_SHORTLIST;GOVERNED_TOP_FIVE;ANALYTICAL_SHORTLIST,LOSS,-15.932363287626156,MODEL_PROJECTION_FAILURE,ABS_HOME_MARGIN_ERROR_GE_14_POINT_MEASUREMENT_ONLY,2,True,QB_UNCERTAINTY_PRESENT,BACKDOOR_FAILURE,UNVERIFIED;NO_SPECULATIVE_TAXONOMY_ASSIGNED,https://site.api.espn.com/apis/site/v2/sports/football/college-football/summary?event=401871050
401871089,UL Monroe,South Alabama,FULL_CARD_SCREEN,LOSS,4.159235560962053,NO_CLEAR_LOGIC_FAILURE,NO_CAUSAL_FAILURE_VERIFIED,2,True,QB_UNCERTAINTY_PRESENT,BACKDOOR_FAILURE,UNVERIFIED;NO_SPECULATIVE_TAXONOMY_ASSIGNED,https://site.api.espn.com/apis/site/v2/sports/football/college-football/summary?event=401871089
