game_id,away,home,pick,selected_spread,actual_home_margin,ats_grading_margin,hook_classification,key_number_classification,key_number,one_point_boundary
401856705,Vanderbilt,Georgia,Vanderbilt,24.5,24,0.5,HOOK_WIN,NOT_APPLICABLE,,False
401856707,Alabama,Mississippi State,Mississippi State,5.5,-33,-27.5,NOT_APPLICABLE,NOT_APPLICABLE,,False
401856708,Florida,Missouri,Missouri,5.5,28,33.5,NOT_APPLICABLE,NOT_APPLICABLE,,False
401856709,Kentucky,South Carolina,Kentucky,2.5,-1,3.5,NOT_APPLICABLE,NOT_APPLICABLE,,False
401856710,Auburn,Tennessee,Tennessee,-7.5,10,2.5,NOT_APPLICABLE,NOT_APPLICABLE,,False
401856711,Arkansas,Texas A&M,Arkansas,14.5,27,-12.5,NOT_APPLICABLE,NOT_APPLICABLE,,False
401856807,Middle Tennessee,Kansas,Middle Tennessee,19.5,55,-35.5,NOT_APPLICABLE,NOT_APPLICABLE,,False
401856817,Baylor,Arizona State,Baylor,3.5,-36,39.5,NOT_APPLICABLE,NOT_APPLICABLE,,False
401856818,BYU,TCU,BYU,-6.5,-7,0.5,HOOK_WIN,KEY_NUMBER_WIN,7,False
401856819,UCF,Houston,UCF,12.5,10,2.5,NOT_APPLICABLE,NOT_APPLICABLE,,False
401856820,Cincinnati,Arizona,Cincinnati,7.5,27,-19.5,NOT_APPLICABLE,NOT_APPLICABLE,,False
401856821,Texas Tech,Colorado,Colorado,13.5,-22,-8.5,NOT_APPLICABLE,NOT_APPLICABLE,,False
401856822,West Virginia,Iowa State,Iowa State,-2.5,3,0.5,HOOK_WIN,KEY_NUMBER_WIN,3,False
401858245,Pittsburgh,Virginia Tech,Pittsburgh,3.5,-2,5.5,NOT_APPLICABLE,NOT_APPLICABLE,,False
401858246,Boston College,SMU,Boston College,20.5,9,11.5,NOT_APPLICABLE,NOT_APPLICABLE,,False
401858247,California,UNLV,UNLV,-2.5,8,5.5,NOT_APPLICABLE,NOT_APPLICABLE,,False
401858248,Louisville,NC State,NC State,4.5,3,7.5,NOT_APPLICABLE,NOT_APPLICABLE,3,False
401858249,Miami,Clemson,Clemson,16.5,-28,-11.5,NOT_APPLICABLE,NOT_APPLICABLE,,False
401858250,Notre Dame,North Carolina,North Carolina,21.5,-11,10.5,NOT_APPLICABLE,NOT_APPLICABLE,,False
401858251,Stanford,Wake Forest,Stanford,12.5,54,-41.5,NOT_APPLICABLE,NOT_APPLICABLE,,False
401858252,Syracuse,UConn,UConn,6.5,-1,5.5,NOT_APPLICABLE,NOT_APPLICABLE,,False
401858253,Virginia,Florida State,Virginia,-2.5,31,-33.5,NOT_APPLICABLE,NOT_APPLICABLE,,False
401858472,Purdue,Illinois,Purdue,10.5,-7,17.5,NOT_APPLICABLE,NOT_APPLICABLE,7,False
401858473,Ohio State,Iowa,Iowa,13.5,-17,-3.5,NOT_APPLICABLE,NOT_APPLICABLE,,False
401858474,Michigan,Minnesota,Minnesota,5.5,6,11.5,NOT_APPLICABLE,NOT_APPLICABLE,,False
401858475,Maryland,Nebraska,Nebraska,-14.5,25,10.5,NOT_APPLICABLE,NOT_APPLICABLE,,False
401858476,Penn State,Northwestern,Northwestern,2.5,21,23.5,NOT_APPLICABLE,NOT_APPLICABLE,,False
401858477,Indiana,Rutgers,Rutgers,24.5,-32,-7.5,NOT_APPLICABLE,NOT_APPLICABLE,,False
401858478,Washington,USC,Washington,9.5,4,5.5,NOT_APPLICABLE,NOT_APPLICABLE,,False
401858479,Michigan State,Wisconsin,Wisconsin,-10.5,28,17.5,NOT_APPLICABLE,NOT_APPLICABLE,,False
401860898,Utah State,Boise State,Utah State,20.5,19,1.5,NOT_APPLICABLE,NOT_APPLICABLE,,False
401860899,Oregon State,Colorado State,Colorado State,6.5,-30,-23.5,NOT_APPLICABLE,NOT_APPLICABLE,,False
401860900,Texas State,San Diego State,Texas State,-4.5,2,-6.5,NOT_APPLICABLE,NOT_APPLICABLE,,False
401860921,Fresno State,Washington State,Fresno State,2.5,-20,22.5,NOT_APPLICABLE,NOT_APPLICABLE,,False
401862786,North Texas,Tulsa,Tulsa,-1.5,-1,-2.5,NOT_APPLICABLE,NOT_APPLICABLE,,False
401862787,Memphis,Charlotte,Charlotte,20.5,-51,-30.5,NOT_APPLICABLE,NOT_APPLICABLE,,False
401862788,UTSA,Rice,Rice,11.5,-2,9.5,NOT_APPLICABLE,NOT_APPLICABLE,,False
401862791,Navy,Air Force,Air Force,-3.5,5,1.5,NOT_APPLICABLE,NOT_APPLICABLE,,False
401862792,Temple,South Florida,South Florida,-5.5,-4,-9.5,NOT_APPLICABLE,NOT_APPLICABLE,,False
401864513,San José State,Hawai'i,San José State,2.5,-4,6.5,NOT_APPLICABLE,NOT_APPLICABLE,,False
401864514,UTEP,New Mexico,New Mexico,-22.5,54,31.5,NOT_APPLICABLE,NOT_APPLICABLE,,False
401864515,Wyoming,North Dakota State,Wyoming,18.5,28,-9.5,NOT_APPLICABLE,NOT_APPLICABLE,,False
401866430,Akron,Central Michigan,Central Michigan,-6.5,24,17.5,NOT_APPLICABLE,NOT_APPLICABLE,,False
401866431,Toledo,Ball State,Ball State,19.5,-15,4.5,NOT_APPLICABLE,NOT_APPLICABLE,,False
401866432,Western Michigan,Buffalo,Buffalo,13.5,-3,10.5,NOT_APPLICABLE,NOT_APPLICABLE,3,False
401866433,Eastern Michigan,Massachusetts,Massachusetts,-5.5,-24,-29.5,NOT_APPLICABLE,NOT_APPLICABLE,,False
401866434,Ohio,Kent State,Kent State,3.5,-3,0.5,HOOK_WIN,KEY_NUMBER_WIN,3,False
401866477,Bowling Green,Miami (OH),Miami (OH),-13.5,-4,-17.5,NOT_APPLICABLE,NOT_APPLICABLE,,False
401869842,Army,Louisiana Tech,Louisiana Tech,2.5,2,4.5,NOT_APPLICABLE,NOT_APPLICABLE,,False
401869932,Arkansas State,Louisiana,Louisiana,-6.5,3,-3.5,NOT_APPLICABLE,NOT_APPLICABLE,3,False
401869942,Georgia Southern,Coastal Carolina,Coastal Carolina,2.5,-7,-4.5,NOT_APPLICABLE,NOT_APPLICABLE,7,False
401869956,Old Dominion,Georgia State,Georgia State,-1.5,32,30.5,NOT_APPLICABLE,NOT_APPLICABLE,,False
401869962,Marshall,James Madison,James Madison,-18.5,28,9.5,NOT_APPLICABLE,NOT_APPLICABLE,,False
401871049,Western Kentucky,New Mexico State,New Mexico State,-2.5,21,18.5,NOT_APPLICABLE,NOT_APPLICABLE,,False
401871050,Liberty,Delaware,Delaware,7.5,-16,-8.5,NOT_APPLICABLE,NOT_APPLICABLE,,False
401871089,UL Monroe,South Alabama,UL Monroe,13.5,17,-3.5,NOT_APPLICABLE,NOT_APPLICABLE,,False
