game_id,away,home,expected_away_qb,away_qb_status,away_qb_evidence,away_qb_source,away_qb_source_observed_at_utc,away_qb_evidence_confidence,material_away_injuries,expected_home_qb,home_qb_status,home_qb_evidence,home_qb_source,home_qb_source_observed_at_utc,home_qb_evidence_confidence,material_home_injuries,injury_source,injury_observed_at_utc,injury_evidence_confidence
401856705,Vanderbilt,Georgia,Jared Curtis,UNCERTAIN,ESPN season passing leader only; this does not establish a Week 5 starter or availability.,https://site.api.espn.com/apis/site/v2/sports/football/college-football/summary?event=401856705,2026-10-01T13:31:19.596127+00:00,LOW,UNVERIFIED; ESPN injury feed records are from 2020/2022 and cannot establish 2026 health,Gunner Stockton,UNCERTAIN,ESPN season passing leader only; this does not establish a Week 5 starter or availability.,https://site.api.espn.com/apis/site/v2/sports/football/college-football/summary?event=401856705,2026-10-01T13:31:19.596127+00:00,LOW,UNVERIFIED; ESPN injury feed records are from 2020/2022 and cannot establish 2026 health,https://site.api.espn.com/apis/site/v2/sports/football/college-football/injuries,2026-10-01T13:31:19.596127+00:00,LOW;UNVERIFIED_EXCEPT_TULSA_QB_CONCERN
401856707,Alabama,Mississippi State,Keelon Russell,PROBABLE,Alabama's current player bio and September 22 award item identify Russell's 2026 quarterback role; Week 5 designation unconfirmed.,https://rolltide.com/sports/football/roster/russell-keelon/17477,2026-10-01T13:31:19.596127+00:00,MEDIUM,UNVERIFIED; ESPN injury feed records are from 2020/2022 and cannot establish 2026 health,Kamario Taylor,PROBABLE,Mississippi State's September 26 Missouri recap identifies Taylor as its quarterback; Week 5 designation unconfirmed.,https://hailstate.com/news/2026/9/26/football-ferries-record-setting-night-memorable-in-many-ways,2026-10-01T13:31:19.596127+00:00,MEDIUM,UNVERIFIED; ESPN injury feed records are from 2020/2022 and cannot establish 2026 health,https://site.api.espn.com/apis/site/v2/sports/football/college-football/injuries,2026-10-01T13:31:19.596127+00:00,LOW;UNVERIFIED_EXCEPT_TULSA_QB_CONCERN
401856708,Florida,Missouri,Aaron Philo,UNCERTAIN,ESPN season passing leader only; this does not establish a Week 5 starter or availability.,https://site.api.espn.com/apis/site/v2/sports/football/college-football/summary?event=401856708,2026-10-01T13:31:19.596127+00:00,LOW,UNVERIFIED; ESPN injury feed records are from 2020/2022 and cannot establish 2026 health,Austin Simmons,UNCERTAIN,ESPN season passing leader only; this does not establish a Week 5 starter or availability.,https://site.api.espn.com/apis/site/v2/sports/football/college-football/summary?event=401856708,2026-10-01T13:31:19.596127+00:00,LOW,UNVERIFIED; ESPN injury feed records are from 2020/2022 and cannot establish 2026 health,https://site.api.espn.com/apis/site/v2/sports/football/college-football/injuries,2026-10-01T13:31:19.596127+00:00,LOW;UNVERIFIED_EXCEPT_TULSA_QB_CONCERN
401856709,Kentucky,South Carolina,Kenny Minchey,UNCERTAIN,ESPN season passing leader only; this does not establish a Week 5 starter or availability.,https://site.api.espn.com/apis/site/v2/sports/football/college-football/summary?event=401856709,2026-10-01T13:31:19.596127+00:00,LOW,UNVERIFIED; ESPN injury feed records are from 2020/2022 and cannot establish 2026 health,LaNorris Sellers,UNCERTAIN,ESPN season passing leader only; this does not establish a Week 5 starter or availability.,https://site.api.espn.com/apis/site/v2/sports/football/college-football/summary?event=401856709,2026-10-01T13:31:19.596127+00:00,LOW,UNVERIFIED; ESPN injury feed records are from 2020/2022 and cannot establish 2026 health,https://site.api.espn.com/apis/site/v2/sports/football/college-football/injuries,2026-10-01T13:31:19.596127+00:00,LOW;UNVERIFIED_EXCEPT_TULSA_QB_CONCERN
401856710,Auburn,Tennessee,Byrum Brown,UNCERTAIN,ESPN season passing leader only; this does not establish a Week 5 starter or availability.,https://site.api.espn.com/apis/site/v2/sports/football/college-football/summary?event=401856710,2026-10-01T13:31:19.596127+00:00,LOW,UNVERIFIED; ESPN injury feed records are from 2020/2022 and cannot establish 2026 health,Faizon Brandon,UNCERTAIN,ESPN season passing leader only; this does not establish a Week 5 starter or availability.,https://site.api.espn.com/apis/site/v2/sports/football/college-football/summary?event=401856710,2026-10-01T13:31:19.596127+00:00,LOW,UNVERIFIED; ESPN injury feed records are from 2020/2022 and cannot establish 2026 health,https://site.api.espn.com/apis/site/v2/sports/football/college-football/injuries,2026-10-01T13:31:19.596127+00:00,LOW;UNVERIFIED_EXCEPT_TULSA_QB_CONCERN
401856711,Arkansas,Texas A&M,KJ Jackson,UNCERTAIN,ESPN season passing leader only; this does not establish a Week 5 starter or availability.,https://site.api.espn.com/apis/site/v2/sports/football/college-football/summary?event=401856711,2026-10-01T13:31:19.596127+00:00,LOW,UNVERIFIED; ESPN injury feed records are from 2020/2022 and cannot establish 2026 health,Marcel Reed,UNCERTAIN,ESPN season passing leader only; this does not establish a Week 5 starter or availability.,https://site.api.espn.com/apis/site/v2/sports/football/college-football/summary?event=401856711,2026-10-01T13:31:19.596127+00:00,LOW,UNVERIFIED; ESPN injury feed records are from 2020/2022 and cannot establish 2026 health,https://site.api.espn.com/apis/site/v2/sports/football/college-football/injuries,2026-10-01T13:31:19.596127+00:00,LOW;UNVERIFIED_EXCEPT_TULSA_QB_CONCERN
401856807,Middle Tennessee,Kansas,Roman Gagliano,UNCERTAIN,ESPN season passing leader only; this does not establish a Week 5 starter or availability.,https://site.api.espn.com/apis/site/v2/sports/football/college-football/summary?event=401856807,2026-10-01T13:31:19.596127+00:00,LOW,UNVERIFIED; ESPN injury feed records are from 2020/2022 and cannot establish 2026 health,Isaiah Marshall,UNCERTAIN,ESPN season passing leader only; this does not establish a Week 5 starter or availability.,https://site.api.espn.com/apis/site/v2/sports/football/college-football/summary?event=401856807,2026-10-01T13:31:19.596127+00:00,LOW,UNVERIFIED; ESPN injury feed records are from 2020/2022 and cannot establish 2026 health,https://site.api.espn.com/apis/site/v2/sports/football/college-football/injuries,2026-10-01T13:31:19.596127+00:00,LOW;UNVERIFIED_EXCEPT_TULSA_QB_CONCERN
401856817,Baylor,Arizona State,Nate Bennett,UNCERTAIN,ESPN season passing leader only; this does not establish a Week 5 starter or availability.,https://site.api.espn.com/apis/site/v2/sports/football/college-football/summary?event=401856817,2026-10-01T13:31:19.596127+00:00,LOW,UNVERIFIED; ESPN injury feed records are from 2020/2022 and cannot establish 2026 health,Cutter Boley,UNCERTAIN,ESPN season passing leader only; this does not establish a Week 5 starter or availability.,https://site.api.espn.com/apis/site/v2/sports/football/college-football/summary?event=401856817,2026-10-01T13:31:19.596127+00:00,LOW,UNVERIFIED; ESPN injury feed records are from 2020/2022 and cannot establish 2026 health,https://site.api.espn.com/apis/site/v2/sports/football/college-football/injuries,2026-10-01T13:31:19.596127+00:00,LOW;UNVERIFIED_EXCEPT_TULSA_QB_CONCERN
401856818,BYU,TCU,Bear Bachmeier,UNCERTAIN,ESPN season passing leader only; this does not establish a Week 5 starter or availability.,https://site.api.espn.com/apis/site/v2/sports/football/college-football/summary?event=401856818,2026-10-01T13:31:19.596127+00:00,LOW,UNVERIFIED; ESPN injury feed records are from 2020/2022 and cannot establish 2026 health,Jaden Craig,UNCERTAIN,ESPN season passing leader only; this does not establish a Week 5 starter or availability.,https://site.api.espn.com/apis/site/v2/sports/football/college-football/summary?event=401856818,2026-10-01T13:31:19.596127+00:00,LOW,UNVERIFIED; ESPN injury feed records are from 2020/2022 and cannot establish 2026 health,https://site.api.espn.com/apis/site/v2/sports/football/college-football/injuries,2026-10-01T13:31:19.596127+00:00,LOW;UNVERIFIED_EXCEPT_TULSA_QB_CONCERN
401856819,UCF,Houston,Alonza Barnett III,UNCERTAIN,ESPN season passing leader only; this does not establish a Week 5 starter or availability.,https://site.api.espn.com/apis/site/v2/sports/football/college-football/summary?event=401856819,2026-10-01T13:31:19.596127+00:00,LOW,UNVERIFIED; ESPN injury feed records are from 2020/2022 and cannot establish 2026 health,Conner Weigman,UNCERTAIN,ESPN season passing leader only; this does not establish a Week 5 starter or availability.,https://site.api.espn.com/apis/site/v2/sports/football/college-football/summary?event=401856819,2026-10-01T13:31:19.596127+00:00,LOW,UNVERIFIED; ESPN injury feed records are from 2020/2022 and cannot establish 2026 health,https://site.api.espn.com/apis/site/v2/sports/football/college-football/injuries,2026-10-01T13:31:19.596127+00:00,LOW;UNVERIFIED_EXCEPT_TULSA_QB_CONCERN
401856820,Cincinnati,Arizona,JC French IV,PROBABLE,Cincinnati's current Arizona preview includes French among the players speaking; not a confirmed starter.,https://gobearcats.com/news/2026/09/29/watch-head-coach-scott-satterfield-players-preview-arizona-game-1,2026-10-01T13:31:19.596127+00:00,MEDIUM,UNVERIFIED; ESPN injury feed records are from 2020/2022 and cannot establish 2026 health,Noah Fifita,PROBABLE,Arizona's Week 5 game preview identifies Fifita as the quarterback; not a confirmed starter.,https://arizonawildcats.com/news/2026/9/28/football-wildcats-welcome-bearcats-for-big-12-home-opener,2026-10-01T13:31:19.596127+00:00,MEDIUM,UNVERIFIED; ESPN injury feed records are from 2020/2022 and cannot establish 2026 health,https://site.api.espn.com/apis/site/v2/sports/football/college-football/injuries,2026-10-01T13:31:19.596127+00:00,LOW;UNVERIFIED_EXCEPT_TULSA_QB_CONCERN
401856821,Texas Tech,Colorado,Will Hammond,UNCERTAIN,ESPN season passing leader only; this does not establish a Week 5 starter or availability.,https://site.api.espn.com/apis/site/v2/sports/football/college-football/summary?event=401856821,2026-10-01T13:31:19.596127+00:00,LOW,UNVERIFIED; ESPN injury feed records are from 2020/2022 and cannot establish 2026 health,Julian Lewis,UNCERTAIN,ESPN season passing leader only; this does not establish a Week 5 starter or availability.,https://site.api.espn.com/apis/site/v2/sports/football/college-football/summary?event=401856821,2026-10-01T13:31:19.596127+00:00,LOW,UNVERIFIED; ESPN injury feed records are from 2020/2022 and cannot establish 2026 health,https://site.api.espn.com/apis/site/v2/sports/football/college-football/injuries,2026-10-01T13:31:19.596127+00:00,LOW;UNVERIFIED_EXCEPT_TULSA_QB_CONCERN
401856822,West Virginia,Iowa State,Michael Hawkins Jr.,UNCERTAIN,ESPN season passing leader only; this does not establish a Week 5 starter or availability.,https://site.api.espn.com/apis/site/v2/sports/football/college-football/summary?event=401856822,2026-10-01T13:31:19.596127+00:00,LOW,UNVERIFIED; ESPN injury feed records are from 2020/2022 and cannot establish 2026 health,Jaylen Raynor,UNCERTAIN,ESPN season passing leader only; this does not establish a Week 5 starter or availability.,https://site.api.espn.com/apis/site/v2/sports/football/college-football/summary?event=401856822,2026-10-01T13:31:19.596127+00:00,LOW,UNVERIFIED; ESPN injury feed records are from 2020/2022 and cannot establish 2026 health,https://site.api.espn.com/apis/site/v2/sports/football/college-football/injuries,2026-10-01T13:31:19.596127+00:00,LOW;UNVERIFIED_EXCEPT_TULSA_QB_CONCERN
401858245,Pittsburgh,Virginia Tech,Mason Heintschel,PROBABLE,Pitt's September 29 quarterback interview and opponent preview identify Heintschel for Virginia Tech; not a confirmed starter.,https://pittsburghpanthers.com/news/2026/9/29/football-talkin-pitt-taking-the-standard-on-the-road,2026-10-01T13:31:19.596127+00:00,MEDIUM,UNVERIFIED; ESPN injury feed records are from 2020/2022 and cannot establish 2026 health,Ethan Grunkemeyer,PROBABLE,Virginia Tech's current Pitt preview identifies Grunkemeyer as leading its offense.,https://hokiesports.com/news/2026/09/29/virginia-tech-football-first-look-virginia-tech-vs-pitt-2026,2026-10-01T13:31:19.596127+00:00,MEDIUM,UNVERIFIED; ESPN injury feed records are from 2020/2022 and cannot establish 2026 health,https://site.api.espn.com/apis/site/v2/sports/football/college-football/injuries,2026-10-01T13:31:19.596127+00:00,LOW;UNVERIFIED_EXCEPT_TULSA_QB_CONCERN
401858246,Boston College,SMU,Mason McKenzie,UNCERTAIN,ESPN season passing leader only; this does not establish a Week 5 starter or availability.,https://site.api.espn.com/apis/site/v2/sports/football/college-football/summary?event=401858246,2026-10-01T13:31:19.596127+00:00,LOW,UNVERIFIED; ESPN injury feed records are from 2020/2022 and cannot establish 2026 health,Kevin Jennings,PROBABLE,Boston College's current SMU personnel preview treats Jennings as the Mustang quarterback.,https://bceagles.com/news/2026/9/30/-forboston-files-know-your-personnel-smu,2026-10-01T13:31:19.596127+00:00,MEDIUM,UNVERIFIED; ESPN injury feed records are from 2020/2022 and cannot establish 2026 health,https://site.api.espn.com/apis/site/v2/sports/football/college-football/injuries,2026-10-01T13:31:19.596127+00:00,LOW;UNVERIFIED_EXCEPT_TULSA_QB_CONCERN
401858247,California,UNLV,Jaron-Keawe Sagapolutele,UNCERTAIN,ESPN season passing leader only; this does not establish a Week 5 starter or availability.,https://site.api.espn.com/apis/site/v2/sports/football/college-football/summary?event=401858247,2026-10-01T13:31:19.596127+00:00,LOW,UNVERIFIED; ESPN injury feed records are from 2020/2022 and cannot establish 2026 health,Jackson Arnold,PROBABLE,UNLV's 2026 recap identifies Arnold as its quarterback; no fresh Week 5 starter designation.,https://unlvrebels.com/news/2026/8/30/football-memphis-rallies-past-rebels-in-season-opener.aspx,2026-10-01T13:31:19.596127+00:00,MEDIUM,UNVERIFIED; ESPN injury feed records are from 2020/2022 and cannot establish 2026 health,https://site.api.espn.com/apis/site/v2/sports/football/college-football/injuries,2026-10-01T13:31:19.596127+00:00,LOW;UNVERIFIED_EXCEPT_TULSA_QB_CONCERN
401858248,Louisville,NC State,Lincoln Kienholz,UNCERTAIN,ESPN season passing leader only; this does not establish a Week 5 starter or availability.,https://site.api.espn.com/apis/site/v2/sports/football/college-football/summary?event=401858248,2026-10-01T13:31:19.596127+00:00,LOW,UNVERIFIED; ESPN injury feed records are from 2020/2022 and cannot establish 2026 health,CJ Bailey,UNCERTAIN,ESPN season passing leader only; this does not establish a Week 5 starter or availability.,https://site.api.espn.com/apis/site/v2/sports/football/college-football/summary?event=401858248,2026-10-01T13:31:19.596127+00:00,LOW,UNVERIFIED; ESPN injury feed records are from 2020/2022 and cannot establish 2026 health,https://site.api.espn.com/apis/site/v2/sports/football/college-football/injuries,2026-10-01T13:31:19.596127+00:00,LOW;UNVERIFIED_EXCEPT_TULSA_QB_CONCERN
401858249,Miami,Clemson,Darian Mensah,UNCERTAIN,ESPN season passing leader only; this does not establish a Week 5 starter or availability.,https://site.api.espn.com/apis/site/v2/sports/football/college-football/summary?event=401858249,2026-10-01T13:31:19.596127+00:00,LOW,UNVERIFIED; ESPN injury feed records are from 2020/2022 and cannot establish 2026 health,Tait Reynolds,UNCERTAIN,ESPN season passing leader only; this does not establish a Week 5 starter or availability.,https://site.api.espn.com/apis/site/v2/sports/football/college-football/summary?event=401858249,2026-10-01T13:31:19.596127+00:00,LOW,UNVERIFIED; ESPN injury feed records are from 2020/2022 and cannot establish 2026 health,https://site.api.espn.com/apis/site/v2/sports/football/college-football/injuries,2026-10-01T13:31:19.596127+00:00,LOW;UNVERIFIED_EXCEPT_TULSA_QB_CONCERN
401858250,Notre Dame,North Carolina,CJ Carr,UNCERTAIN,ESPN season passing leader only; this does not establish a Week 5 starter or availability.,https://site.api.espn.com/apis/site/v2/sports/football/college-football/summary?event=401858250,2026-10-01T13:31:19.596127+00:00,LOW,UNVERIFIED; ESPN injury feed records are from 2020/2022 and cannot establish 2026 health,Billy Edwards Jr.,UNCERTAIN,ESPN season passing leader only; this does not establish a Week 5 starter or availability.,https://site.api.espn.com/apis/site/v2/sports/football/college-football/summary?event=401858250,2026-10-01T13:31:19.596127+00:00,LOW,UNVERIFIED; ESPN injury feed records are from 2020/2022 and cannot establish 2026 health,https://site.api.espn.com/apis/site/v2/sports/football/college-football/injuries,2026-10-01T13:31:19.596127+00:00,LOW;UNVERIFIED_EXCEPT_TULSA_QB_CONCERN
401858251,Stanford,Wake Forest,Davis Warren,UNCERTAIN,ESPN season passing leader only; this does not establish a Week 5 starter or availability.,https://site.api.espn.com/apis/site/v2/sports/football/college-football/summary?event=401858251,2026-10-01T13:31:19.596127+00:00,LOW,UNVERIFIED; ESPN injury feed records are from 2020/2022 and cannot establish 2026 health,Gio Lopez,UNCERTAIN,ESPN season passing leader only; this does not establish a Week 5 starter or availability.,https://site.api.espn.com/apis/site/v2/sports/football/college-football/summary?event=401858251,2026-10-01T13:31:19.596127+00:00,LOW,UNVERIFIED; ESPN injury feed records are from 2020/2022 and cannot establish 2026 health,https://site.api.espn.com/apis/site/v2/sports/football/college-football/injuries,2026-10-01T13:31:19.596127+00:00,LOW;UNVERIFIED_EXCEPT_TULSA_QB_CONCERN
401858252,Syracuse,UConn,Steve Angeli,UNCERTAIN,ESPN season passing leader only; this does not establish a Week 5 starter or availability.,https://site.api.espn.com/apis/site/v2/sports/football/college-football/summary?event=401858252,2026-10-01T13:31:19.596127+00:00,LOW,UNVERIFIED; ESPN injury feed records are from 2020/2022 and cannot establish 2026 health,Kalieb Osborne,UNCERTAIN,ESPN season passing leader only; this does not establish a Week 5 starter or availability.,https://site.api.espn.com/apis/site/v2/sports/football/college-football/summary?event=401858252,2026-10-01T13:31:19.596127+00:00,LOW,UNVERIFIED; ESPN injury feed records are from 2020/2022 and cannot establish 2026 health,https://site.api.espn.com/apis/site/v2/sports/football/college-football/injuries,2026-10-01T13:31:19.596127+00:00,LOW;UNVERIFIED_EXCEPT_TULSA_QB_CONCERN
401858253,Virginia,Florida State,Beau Pribula,UNCERTAIN,ESPN season passing leader only; this does not establish a Week 5 starter or availability.,https://site.api.espn.com/apis/site/v2/sports/football/college-football/summary?event=401858253,2026-10-01T13:31:19.596127+00:00,LOW,UNVERIFIED; ESPN injury feed records are from 2020/2022 and cannot establish 2026 health,Ashton Daniels,UNCERTAIN,ESPN season passing leader only; this does not establish a Week 5 starter or availability.,https://site.api.espn.com/apis/site/v2/sports/football/college-football/summary?event=401858253,2026-10-01T13:31:19.596127+00:00,LOW,UNVERIFIED; ESPN injury feed records are from 2020/2022 and cannot establish 2026 health,https://site.api.espn.com/apis/site/v2/sports/football/college-football/injuries,2026-10-01T13:31:19.596127+00:00,LOW;UNVERIFIED_EXCEPT_TULSA_QB_CONCERN
401858472,Purdue,Illinois,Ryan Browne,UNCERTAIN,ESPN season passing leader only; this does not establish a Week 5 starter or availability.,https://site.api.espn.com/apis/site/v2/sports/football/college-football/summary?event=401858472,2026-10-01T13:31:19.596127+00:00,LOW,UNVERIFIED; ESPN injury feed records are from 2020/2022 and cannot establish 2026 health,Katin Houser,UNCERTAIN,ESPN season passing leader only; this does not establish a Week 5 starter or availability.,https://site.api.espn.com/apis/site/v2/sports/football/college-football/summary?event=401858472,2026-10-01T13:31:19.596127+00:00,LOW,UNVERIFIED; ESPN injury feed records are from 2020/2022 and cannot establish 2026 health,https://site.api.espn.com/apis/site/v2/sports/football/college-football/injuries,2026-10-01T13:31:19.596127+00:00,LOW;UNVERIFIED_EXCEPT_TULSA_QB_CONCERN
401858473,Ohio State,Iowa,Julian Sayin,UNCERTAIN,ESPN season passing leader only; this does not establish a Week 5 starter or availability.,https://site.api.espn.com/apis/site/v2/sports/football/college-football/summary?event=401858473,2026-10-01T13:31:19.596127+00:00,LOW,UNVERIFIED; ESPN injury feed records are from 2020/2022 and cannot establish 2026 health,Hank Brown,UNCERTAIN,ESPN season passing leader only; this does not establish a Week 5 starter or availability.,https://site.api.espn.com/apis/site/v2/sports/football/college-football/summary?event=401858473,2026-10-01T13:31:19.596127+00:00,LOW,UNVERIFIED; ESPN injury feed records are from 2020/2022 and cannot establish 2026 health,https://site.api.espn.com/apis/site/v2/sports/football/college-football/injuries,2026-10-01T13:31:19.596127+00:00,LOW;UNVERIFIED_EXCEPT_TULSA_QB_CONCERN
401858474,Michigan,Minnesota,Bryce Underwood,UNCERTAIN,ESPN season passing leader only; this does not establish a Week 5 starter or availability.,https://site.api.espn.com/apis/site/v2/sports/football/college-football/summary?event=401858474,2026-10-01T13:31:19.596127+00:00,LOW,UNVERIFIED; ESPN injury feed records are from 2020/2022 and cannot establish 2026 health,Drake Lindsey,UNCERTAIN,ESPN season passing leader only; this does not establish a Week 5 starter or availability.,https://site.api.espn.com/apis/site/v2/sports/football/college-football/summary?event=401858474,2026-10-01T13:31:19.596127+00:00,LOW,UNVERIFIED; ESPN injury feed records are from 2020/2022 and cannot establish 2026 health,https://site.api.espn.com/apis/site/v2/sports/football/college-football/injuries,2026-10-01T13:31:19.596127+00:00,LOW;UNVERIFIED_EXCEPT_TULSA_QB_CONCERN
401858475,Maryland,Nebraska,Malik Washington,UNCERTAIN,ESPN season passing leader only; this does not establish a Week 5 starter or availability.,https://site.api.espn.com/apis/site/v2/sports/football/college-football/summary?event=401858475,2026-10-01T13:31:19.596127+00:00,LOW,UNVERIFIED; ESPN injury feed records are from 2020/2022 and cannot establish 2026 health,Anthony Colandrea,UNCERTAIN,ESPN season passing leader only; this does not establish a Week 5 starter or availability.,https://site.api.espn.com/apis/site/v2/sports/football/college-football/summary?event=401858475,2026-10-01T13:31:19.596127+00:00,LOW,UNVERIFIED; ESPN injury feed records are from 2020/2022 and cannot establish 2026 health,https://site.api.espn.com/apis/site/v2/sports/football/college-football/injuries,2026-10-01T13:31:19.596127+00:00,LOW;UNVERIFIED_EXCEPT_TULSA_QB_CONCERN
401858476,Penn State,Northwestern,Rocco Becht,PROBABLE,Penn State coach discussed Becht's Week 4 play in its current Northwestern press conference.,https://gopsusports.com/news/2026/09/29/weekly-press-conference-transcript-head-coach-matt-campbell-northwestern,2026-10-01T13:31:19.596127+00:00,MEDIUM,UNVERIFIED; ESPN injury feed records are from 2020/2022 and cannot establish 2026 health,Aidan Chiles,PROBABLE,Northwestern reports Chiles led its Week 4 offense against Indiana.,https://nusports.com/news/2026/09/25/cats-comeback-falls-short-at-no-5-indiana-29-23,2026-10-01T13:31:19.596127+00:00,MEDIUM,UNVERIFIED; ESPN injury feed records are from 2020/2022 and cannot establish 2026 health,https://site.api.espn.com/apis/site/v2/sports/football/college-football/injuries,2026-10-01T13:31:19.596127+00:00,LOW;UNVERIFIED_EXCEPT_TULSA_QB_CONCERN
401858477,Indiana,Rutgers,Josh Hoover,UNCERTAIN,ESPN season passing leader only; this does not establish a Week 5 starter or availability.,https://site.api.espn.com/apis/site/v2/sports/football/college-football/summary?event=401858477,2026-10-01T13:31:19.596127+00:00,LOW,UNVERIFIED; ESPN injury feed records are from 2020/2022 and cannot establish 2026 health,Dylan Lonergan,UNCERTAIN,ESPN season passing leader only; this does not establish a Week 5 starter or availability.,https://site.api.espn.com/apis/site/v2/sports/football/college-football/summary?event=401858477,2026-10-01T13:31:19.596127+00:00,LOW,UNVERIFIED; ESPN injury feed records are from 2020/2022 and cannot establish 2026 health,https://site.api.espn.com/apis/site/v2/sports/football/college-football/injuries,2026-10-01T13:31:19.596127+00:00,LOW;UNVERIFIED_EXCEPT_TULSA_QB_CONCERN
401858478,Washington,USC,Demond Williams Jr.,UNCERTAIN,ESPN season passing leader only; this does not establish a Week 5 starter or availability.,https://site.api.espn.com/apis/site/v2/sports/football/college-football/summary?event=401858478,2026-10-01T13:31:19.596127+00:00,LOW,UNVERIFIED; ESPN injury feed records are from 2020/2022 and cannot establish 2026 health,Jayden Maiava,UNCERTAIN,ESPN season passing leader only; this does not establish a Week 5 starter or availability.,https://site.api.espn.com/apis/site/v2/sports/football/college-football/summary?event=401858478,2026-10-01T13:31:19.596127+00:00,LOW,UNVERIFIED; ESPN injury feed records are from 2020/2022 and cannot establish 2026 health,https://site.api.espn.com/apis/site/v2/sports/football/college-football/injuries,2026-10-01T13:31:19.596127+00:00,LOW;UNVERIFIED_EXCEPT_TULSA_QB_CONCERN
401858479,Michigan State,Wisconsin,Alessio Milivojevic,UNCERTAIN,ESPN season passing leader only; this does not establish a Week 5 starter or availability.,https://site.api.espn.com/apis/site/v2/sports/football/college-football/summary?event=401858479,2026-10-01T13:31:19.596127+00:00,LOW,UNVERIFIED; ESPN injury feed records are from 2020/2022 and cannot establish 2026 health,Colton Joseph,UNCERTAIN,ESPN season passing leader only; this does not establish a Week 5 starter or availability.,https://site.api.espn.com/apis/site/v2/sports/football/college-football/summary?event=401858479,2026-10-01T13:31:19.596127+00:00,LOW,UNVERIFIED; ESPN injury feed records are from 2020/2022 and cannot establish 2026 health,https://site.api.espn.com/apis/site/v2/sports/football/college-football/injuries,2026-10-01T13:31:19.596127+00:00,LOW;UNVERIFIED_EXCEPT_TULSA_QB_CONCERN
401860898,Utah State,Boise State,Grady Brosterhous,UNCERTAIN,ESPN season passing leader only; this does not establish a Week 5 starter or availability.,https://site.api.espn.com/apis/site/v2/sports/football/college-football/summary?event=401860898,2026-10-01T13:31:19.596127+00:00,LOW,UNVERIFIED; ESPN injury feed records are from 2020/2022 and cannot establish 2026 health,Maddux Madsen,UNCERTAIN,ESPN season passing leader only; this does not establish a Week 5 starter or availability.,https://site.api.espn.com/apis/site/v2/sports/football/college-football/summary?event=401860898,2026-10-01T13:31:19.596127+00:00,LOW,UNVERIFIED; ESPN injury feed records are from 2020/2022 and cannot establish 2026 health,https://site.api.espn.com/apis/site/v2/sports/football/college-football/injuries,2026-10-01T13:31:19.596127+00:00,LOW;UNVERIFIED_EXCEPT_TULSA_QB_CONCERN
401860899,Oregon State,Colorado State,Braden Atkinson,UNCERTAIN,ESPN season passing leader only; this does not establish a Week 5 starter or availability.,https://site.api.espn.com/apis/site/v2/sports/football/college-football/summary?event=401860899,2026-10-01T13:31:19.596127+00:00,LOW,UNVERIFIED; ESPN injury feed records are from 2020/2022 and cannot establish 2026 health,Hauss Hejny,UNCERTAIN,ESPN season passing leader only; this does not establish a Week 5 starter or availability.,https://site.api.espn.com/apis/site/v2/sports/football/college-football/summary?event=401860899,2026-10-01T13:31:19.596127+00:00,LOW,UNVERIFIED; ESPN injury feed records are from 2020/2022 and cannot establish 2026 health,https://site.api.espn.com/apis/site/v2/sports/football/college-football/injuries,2026-10-01T13:31:19.596127+00:00,LOW;UNVERIFIED_EXCEPT_TULSA_QB_CONCERN
401860900,Texas State,San Diego State,Brad Jackson,UNCERTAIN,ESPN season passing leader only; this does not establish a Week 5 starter or availability.,https://site.api.espn.com/apis/site/v2/sports/football/college-football/summary?event=401860900,2026-10-01T13:31:19.596127+00:00,LOW,UNVERIFIED; ESPN injury feed records are from 2020/2022 and cannot establish 2026 health,Jayden Denegal,UNCERTAIN,ESPN season passing leader only; this does not establish a Week 5 starter or availability.,https://site.api.espn.com/apis/site/v2/sports/football/college-football/summary?event=401860900,2026-10-01T13:31:19.596127+00:00,LOW,UNVERIFIED; ESPN injury feed records are from 2020/2022 and cannot establish 2026 health,https://site.api.espn.com/apis/site/v2/sports/football/college-football/injuries,2026-10-01T13:31:19.596127+00:00,LOW;UNVERIFIED_EXCEPT_TULSA_QB_CONCERN
401860921,Fresno State,Washington State,Jayden Mandal,UNCERTAIN,ESPN season passing leader only; this does not establish a Week 5 starter or availability.,https://site.api.espn.com/apis/site/v2/sports/football/college-football/summary?event=401860921,2026-10-01T13:31:19.596127+00:00,LOW,UNVERIFIED; ESPN injury feed records are from 2020/2022 and cannot establish 2026 health,Caden Pinnick,UNCERTAIN,ESPN season passing leader only; this does not establish a Week 5 starter or availability.,https://site.api.espn.com/apis/site/v2/sports/football/college-football/summary?event=401860921,2026-10-01T13:31:19.596127+00:00,LOW,UNVERIFIED; ESPN injury feed records are from 2020/2022 and cannot establish 2026 health,https://site.api.espn.com/apis/site/v2/sports/football/college-football/injuries,2026-10-01T13:31:19.596127+00:00,LOW;UNVERIFIED_EXCEPT_TULSA_QB_CONCERN
401862786,North Texas,Tulsa,Tayven Jackson,PROBABLE,North Texas identifies Jackson as its Week 4 starting quarterback; no Week 5 confirmation.,https://meangreensports.com/news/2026/9/26/football-white-scores-four-tds-as-mean-green-rout-huskies,2026-10-01T13:31:19.596127+00:00,MEDIUM,UNVERIFIED; ESPN injury feed records are from 2020/2022 and cannot establish 2026 health,Dexter Williams II / Baylor Hayes,UNCERTAIN,Tulsa says Hayes played Weeks 1-2 and Williams the last two; independent injury reporting identifies a Hayes knee concern. Starter unconfirmed.,https://tulsahurricane.com/news/2026/9/29/football-tulsa-opens-american-conference-play-thursday-against-north-texas,2026-10-01T13:31:19.596127+00:00,MEDIUM,Baylor Hayes knee concern; Week 5 availability unresolved,https://totalapexsports.com/north-texas-tulsa-preview-thursday/,2026-10-01T13:31:19.596127+00:00,LOW;UNVERIFIED_EXCEPT_TULSA_QB_CONCERN
401862787,Memphis,Charlotte,Marcus Stokes,UNCERTAIN,ESPN season passing leader only; this does not establish a Week 5 starter or availability.,https://site.api.espn.com/apis/site/v2/sports/football/college-football/summary?event=401862787,2026-10-01T13:31:19.596127+00:00,LOW,UNVERIFIED; ESPN injury feed records are from 2020/2022 and cannot establish 2026 health,Cole Gonzales,UNCERTAIN,ESPN season passing leader only; this does not establish a Week 5 starter or availability.,https://site.api.espn.com/apis/site/v2/sports/football/college-football/summary?event=401862787,2026-10-01T13:31:19.596127+00:00,LOW,UNVERIFIED; ESPN injury feed records are from 2020/2022 and cannot establish 2026 health,https://site.api.espn.com/apis/site/v2/sports/football/college-football/injuries,2026-10-01T13:31:19.596127+00:00,LOW;UNVERIFIED_EXCEPT_TULSA_QB_CONCERN
401862788,UTSA,Rice,Owen McCown,UNCERTAIN,ESPN season passing leader only; this does not establish a Week 5 starter or availability.,https://site.api.espn.com/apis/site/v2/sports/football/college-football/summary?event=401862788,2026-10-01T13:31:19.596127+00:00,LOW,UNVERIFIED; ESPN injury feed records are from 2020/2022 and cannot establish 2026 health,Jacurri Brown,UNCERTAIN,ESPN season passing leader only; this does not establish a Week 5 starter or availability.,https://site.api.espn.com/apis/site/v2/sports/football/college-football/summary?event=401862788,2026-10-01T13:31:19.596127+00:00,LOW,UNVERIFIED; ESPN injury feed records are from 2020/2022 and cannot establish 2026 health,https://site.api.espn.com/apis/site/v2/sports/football/college-football/injuries,2026-10-01T13:31:19.596127+00:00,LOW;UNVERIFIED_EXCEPT_TULSA_QB_CONCERN
401862791,Navy,Air Force,Jackson Gutierrez,UNCERTAIN,ESPN season passing leader only; this does not establish a Week 5 starter or availability.,https://site.api.espn.com/apis/site/v2/sports/football/college-football/summary?event=401862791,2026-10-01T13:31:19.596127+00:00,LOW,UNVERIFIED; ESPN injury feed records are from 2020/2022 and cannot establish 2026 health,Liam Szarka,UNCERTAIN,ESPN season passing leader only; this does not establish a Week 5 starter or availability.,https://site.api.espn.com/apis/site/v2/sports/football/college-football/summary?event=401862791,2026-10-01T13:31:19.596127+00:00,LOW,UNVERIFIED; ESPN injury feed records are from 2020/2022 and cannot establish 2026 health,https://site.api.espn.com/apis/site/v2/sports/football/college-football/injuries,2026-10-01T13:31:19.596127+00:00,LOW;UNVERIFIED_EXCEPT_TULSA_QB_CONCERN
401862792,Temple,South Florida,Ajani Sheppard,UNCERTAIN,ESPN season passing leader only; this does not establish a Week 5 starter or availability.,https://site.api.espn.com/apis/site/v2/sports/football/college-football/summary?event=401862792,2026-10-01T13:31:19.596127+00:00,LOW,UNVERIFIED; ESPN injury feed records are from 2020/2022 and cannot establish 2026 health,Michael Van Buren Jr.,UNCERTAIN,ESPN season passing leader only; this does not establish a Week 5 starter or availability.,https://site.api.espn.com/apis/site/v2/sports/football/college-football/summary?event=401862792,2026-10-01T13:31:19.596127+00:00,LOW,UNVERIFIED; ESPN injury feed records are from 2020/2022 and cannot establish 2026 health,https://site.api.espn.com/apis/site/v2/sports/football/college-football/injuries,2026-10-01T13:31:19.596127+00:00,LOW;UNVERIFIED_EXCEPT_TULSA_QB_CONCERN
401864513,San José State,Hawai'i,Luke Weaver,UNCERTAIN,ESPN season passing leader only; this does not establish a Week 5 starter or availability.,https://site.api.espn.com/apis/site/v2/sports/football/college-football/summary?event=401864513,2026-10-01T13:31:19.596127+00:00,LOW,UNVERIFIED; ESPN injury feed records are from 2020/2022 and cannot establish 2026 health,Micah Alejado,UNCERTAIN,ESPN season passing leader only; this does not establish a Week 5 starter or availability.,https://site.api.espn.com/apis/site/v2/sports/football/college-football/summary?event=401864513,2026-10-01T13:31:19.596127+00:00,LOW,UNVERIFIED; ESPN injury feed records are from 2020/2022 and cannot establish 2026 health,https://site.api.espn.com/apis/site/v2/sports/football/college-football/injuries,2026-10-01T13:31:19.596127+00:00,LOW;UNVERIFIED_EXCEPT_TULSA_QB_CONCERN
401864514,UTEP,New Mexico,EJ Colson Jr.,UNCERTAIN,ESPN season passing leader only; this does not establish a Week 5 starter or availability.,https://site.api.espn.com/apis/site/v2/sports/football/college-football/summary?event=401864514,2026-10-01T13:31:19.596127+00:00,LOW,UNVERIFIED; ESPN injury feed records are from 2020/2022 and cannot establish 2026 health,Toa Fa'avae,UNCERTAIN,ESPN season passing leader only; this does not establish a Week 5 starter or availability.,https://site.api.espn.com/apis/site/v2/sports/football/college-football/summary?event=401864514,2026-10-01T13:31:19.596127+00:00,LOW,UNVERIFIED; ESPN injury feed records are from 2020/2022 and cannot establish 2026 health,https://site.api.espn.com/apis/site/v2/sports/football/college-football/injuries,2026-10-01T13:31:19.596127+00:00,LOW;UNVERIFIED_EXCEPT_TULSA_QB_CONCERN
401864515,Wyoming,North Dakota State,Tyler Hughes,UNCERTAIN,ESPN season passing leader only; this does not establish a Week 5 starter or availability.,https://site.api.espn.com/apis/site/v2/sports/football/college-football/summary?event=401864515,2026-10-01T13:31:19.596127+00:00,LOW,UNVERIFIED; ESPN injury feed records are from 2020/2022 and cannot establish 2026 health,Nathan Hayes,UNCERTAIN,ESPN season passing leader only; this does not establish a Week 5 starter or availability.,https://site.api.espn.com/apis/site/v2/sports/football/college-football/summary?event=401864515,2026-10-01T13:31:19.596127+00:00,LOW,UNVERIFIED; ESPN injury feed records are from 2020/2022 and cannot establish 2026 health,https://site.api.espn.com/apis/site/v2/sports/football/college-football/injuries,2026-10-01T13:31:19.596127+00:00,LOW;UNVERIFIED_EXCEPT_TULSA_QB_CONCERN
401866430,Akron,Central Michigan,Brayden Roggow,UNCERTAIN,ESPN season passing leader only; this does not establish a Week 5 starter or availability.,https://site.api.espn.com/apis/site/v2/sports/football/college-football/summary?event=401866430,2026-10-01T13:31:19.596127+00:00,LOW,UNVERIFIED; ESPN injury feed records are from 2020/2022 and cannot establish 2026 health,Angel Flores,UNCERTAIN,ESPN season passing leader only; this does not establish a Week 5 starter or availability.,https://site.api.espn.com/apis/site/v2/sports/football/college-football/summary?event=401866430,2026-10-01T13:31:19.596127+00:00,LOW,UNVERIFIED; ESPN injury feed records are from 2020/2022 and cannot establish 2026 health,https://site.api.espn.com/apis/site/v2/sports/football/college-football/injuries,2026-10-01T13:31:19.596127+00:00,LOW;UNVERIFIED_EXCEPT_TULSA_QB_CONCERN
401866431,Toledo,Ball State,John Alan Richter,UNCERTAIN,ESPN season passing leader only; this does not establish a Week 5 starter or availability.,https://site.api.espn.com/apis/site/v2/sports/football/college-football/summary?event=401866431,2026-10-01T13:31:19.596127+00:00,LOW,UNVERIFIED; ESPN injury feed records are from 2020/2022 and cannot establish 2026 health,Keldric Luster,UNCERTAIN,ESPN season passing leader only; this does not establish a Week 5 starter or availability.,https://site.api.espn.com/apis/site/v2/sports/football/college-football/summary?event=401866431,2026-10-01T13:31:19.596127+00:00,LOW,UNVERIFIED; ESPN injury feed records are from 2020/2022 and cannot establish 2026 health,https://site.api.espn.com/apis/site/v2/sports/football/college-football/injuries,2026-10-01T13:31:19.596127+00:00,LOW;UNVERIFIED_EXCEPT_TULSA_QB_CONCERN
401866432,Western Michigan,Buffalo,Broc Lowry,UNCERTAIN,ESPN season passing leader only; this does not establish a Week 5 starter or availability.,https://site.api.espn.com/apis/site/v2/sports/football/college-football/summary?event=401866432,2026-10-01T13:31:19.596127+00:00,LOW,UNVERIFIED; ESPN injury feed records are from 2020/2022 and cannot establish 2026 health,Jason Wright,UNCERTAIN,ESPN season passing leader only; this does not establish a Week 5 starter or availability.,https://site.api.espn.com/apis/site/v2/sports/football/college-football/summary?event=401866432,2026-10-01T13:31:19.596127+00:00,LOW,UNVERIFIED; ESPN injury feed records are from 2020/2022 and cannot establish 2026 health,https://site.api.espn.com/apis/site/v2/sports/football/college-football/injuries,2026-10-01T13:31:19.596127+00:00,LOW;UNVERIFIED_EXCEPT_TULSA_QB_CONCERN
401866433,Eastern Michigan,Massachusetts,Noah Kim,UNCERTAIN,ESPN season passing leader only; this does not establish a Week 5 starter or availability.,https://site.api.espn.com/apis/site/v2/sports/football/college-football/summary?event=401866433,2026-10-01T13:31:19.596127+00:00,LOW,UNVERIFIED; ESPN injury feed records are from 2020/2022 and cannot establish 2026 health,William Watson III,UNCERTAIN,ESPN season passing leader only; this does not establish a Week 5 starter or availability.,https://site.api.espn.com/apis/site/v2/sports/football/college-football/summary?event=401866433,2026-10-01T13:31:19.596127+00:00,LOW,UNVERIFIED; ESPN injury feed records are from 2020/2022 and cannot establish 2026 health,https://site.api.espn.com/apis/site/v2/sports/football/college-football/injuries,2026-10-01T13:31:19.596127+00:00,LOW;UNVERIFIED_EXCEPT_TULSA_QB_CONCERN
401866434,Ohio,Kent State,Matt Vezza / UNVERIFIED,UNCERTAIN,Ohio reported Vezza left a September game injured; no credible Week 5 availability confirmation found.,https://ohiobobcats.com/news/2026/9/15/ohio-football-hits-the-road-to-take-on-south-alabama,2026-10-01T13:31:19.596127+00:00,MEDIUM,Matt Vezza left a September game injured; Week 5 availability unresolved; other injuries UNVERIFIED,Dru DeShields,PROBABLE,Kent State's 2026 cumulative statistics show DeShields played all four games; Week 5 designation unconfirmed.,https://kentstatesports.com/sports/football/stats/2026,2026-10-01T13:31:19.596127+00:00,MEDIUM,UNVERIFIED; ESPN injury feed records are from 2020/2022 and cannot establish 2026 health,https://ohiobobcats.com/news/2026/9/15/ohio-football-hits-the-road-to-take-on-south-alabama,2026-10-01T13:31:19.596127+00:00,LOW;UNVERIFIED_EXCEPT_TULSA_QB_CONCERN
401866477,Bowling Green,Miami (OH),Jay Kastantin,UNCERTAIN,ESPN season passing leader only; this does not establish a Week 5 starter or availability.,https://site.api.espn.com/apis/site/v2/sports/football/college-football/summary?event=401866477,2026-10-01T13:31:19.596127+00:00,LOW,UNVERIFIED; ESPN injury feed records are from 2020/2022 and cannot establish 2026 health,David McComb,UNCERTAIN,ESPN season passing leader only; this does not establish a Week 5 starter or availability.,https://site.api.espn.com/apis/site/v2/sports/football/college-football/summary?event=401866477,2026-10-01T13:31:19.596127+00:00,LOW,UNVERIFIED; ESPN injury feed records are from 2020/2022 and cannot establish 2026 health,https://site.api.espn.com/apis/site/v2/sports/football/college-football/injuries,2026-10-01T13:31:19.596127+00:00,LOW;UNVERIFIED_EXCEPT_TULSA_QB_CONCERN
401869842,Army,Louisiana Tech,Cale Hellums,UNCERTAIN,ESPN season passing leader only; this does not establish a Week 5 starter or availability.,https://site.api.espn.com/apis/site/v2/sports/football/college-football/summary?event=401869842,2026-10-01T13:31:19.596127+00:00,LOW,UNVERIFIED; ESPN injury feed records are from 2020/2022 and cannot establish 2026 health,Blake Baker,UNCERTAIN,ESPN season passing leader only; this does not establish a Week 5 starter or availability.,https://site.api.espn.com/apis/site/v2/sports/football/college-football/summary?event=401869842,2026-10-01T13:31:19.596127+00:00,LOW,UNVERIFIED; ESPN injury feed records are from 2020/2022 and cannot establish 2026 health,https://site.api.espn.com/apis/site/v2/sports/football/college-football/injuries,2026-10-01T13:31:19.596127+00:00,LOW;UNVERIFIED_EXCEPT_TULSA_QB_CONCERN
401869932,Arkansas State,Louisiana,Trey Owens,UNCERTAIN,ESPN season passing leader only; this does not establish a Week 5 starter or availability.,https://site.api.espn.com/apis/site/v2/sports/football/college-football/summary?event=401869932,2026-10-01T13:31:19.596127+00:00,LOW,UNVERIFIED; ESPN injury feed records are from 2020/2022 and cannot establish 2026 health,Lunch Winfield,UNCERTAIN,ESPN season passing leader only; this does not establish a Week 5 starter or availability.,https://site.api.espn.com/apis/site/v2/sports/football/college-football/summary?event=401869932,2026-10-01T13:31:19.596127+00:00,LOW,UNVERIFIED; ESPN injury feed records are from 2020/2022 and cannot establish 2026 health,https://site.api.espn.com/apis/site/v2/sports/football/college-football/injuries,2026-10-01T13:31:19.596127+00:00,LOW;UNVERIFIED_EXCEPT_TULSA_QB_CONCERN
401869942,Georgia Southern,Coastal Carolina,Max Johnson,UNCERTAIN,ESPN season passing leader only; this does not establish a Week 5 starter or availability.,https://site.api.espn.com/apis/site/v2/sports/football/college-football/summary?event=401869942,2026-10-01T13:31:19.596127+00:00,LOW,UNVERIFIED; ESPN injury feed records are from 2020/2022 and cannot establish 2026 health,Deuce Bailey,UNCERTAIN,ESPN season passing leader only; this does not establish a Week 5 starter or availability.,https://site.api.espn.com/apis/site/v2/sports/football/college-football/summary?event=401869942,2026-10-01T13:31:19.596127+00:00,LOW,UNVERIFIED; ESPN injury feed records are from 2020/2022 and cannot establish 2026 health,https://site.api.espn.com/apis/site/v2/sports/football/college-football/injuries,2026-10-01T13:31:19.596127+00:00,LOW;UNVERIFIED_EXCEPT_TULSA_QB_CONCERN
401869956,Old Dominion,Georgia State,Quinn Henicle,UNCERTAIN,ESPN season passing leader only; this does not establish a Week 5 starter or availability.,https://site.api.espn.com/apis/site/v2/sports/football/college-football/summary?event=401869956,2026-10-01T13:31:19.596127+00:00,LOW,UNVERIFIED; ESPN injury feed records are from 2020/2022 and cannot establish 2026 health,Cameran Brown,UNCERTAIN,ESPN season passing leader only; this does not establish a Week 5 starter or availability.,https://site.api.espn.com/apis/site/v2/sports/football/college-football/summary?event=401869956,2026-10-01T13:31:19.596127+00:00,LOW,UNVERIFIED; ESPN injury feed records are from 2020/2022 and cannot establish 2026 health,https://site.api.espn.com/apis/site/v2/sports/football/college-football/injuries,2026-10-01T13:31:19.596127+00:00,LOW;UNVERIFIED_EXCEPT_TULSA_QB_CONCERN
401869962,Marshall,James Madison,Carlos Del Rio-Wilson,UNCERTAIN,ESPN season passing leader only; this does not establish a Week 5 starter or availability.,https://site.api.espn.com/apis/site/v2/sports/football/college-football/summary?event=401869962,2026-10-01T13:31:19.596127+00:00,LOW,UNVERIFIED; ESPN injury feed records are from 2020/2022 and cannot establish 2026 health,Camden Coleman,UNCERTAIN,ESPN season passing leader only; this does not establish a Week 5 starter or availability.,https://site.api.espn.com/apis/site/v2/sports/football/college-football/summary?event=401869962,2026-10-01T13:31:19.596127+00:00,LOW,UNVERIFIED; ESPN injury feed records are from 2020/2022 and cannot establish 2026 health,https://site.api.espn.com/apis/site/v2/sports/football/college-football/injuries,2026-10-01T13:31:19.596127+00:00,LOW;UNVERIFIED_EXCEPT_TULSA_QB_CONCERN
401871049,Western Kentucky,New Mexico State,Rodney Tisdale Jr. / Brock Glenn,UNCERTAIN,WKU reports both played extensively in Week 4; no Week 5 starter designation.,https://wkusports.com/news/2026/9/29/football-hilltoppers-face-first-conference-usa-matchup-against-new-mexico-state-on-thursday,2026-10-01T13:31:19.596127+00:00,MEDIUM,UNVERIFIED; ESPN injury feed records are from 2020/2022 and cannot establish 2026 health,Trey Hedden / Adam Damante,UNCERTAIN,NM State reports Damante replaced Hedden late in Week 4; no Week 5 starter designation.,https://nmstatesports.com/news/2026/9/28/football-aggies-open-conference-usa-action-on-thursday-against-wku.aspx,2026-10-01T13:31:19.596127+00:00,MEDIUM,UNVERIFIED; ESPN injury feed records are from 2020/2022 and cannot establish 2026 health,https://site.api.espn.com/apis/site/v2/sports/football/college-football/injuries,2026-10-01T13:31:19.596127+00:00,LOW;UNVERIFIED_EXCEPT_TULSA_QB_CONCERN
401871050,Liberty,Delaware,Deshawn Purdie / Ethan Vasko,UNCERTAIN,Liberty's Week 4 recap describes both quarterbacks in scoring plays; Week 5 starter unconfirmed.,https://libertyflames.com/news/2026/9/25/football-liberty-shines-in-second-half-to-secure-primetime-win-over-coastal-carolina,2026-10-01T13:31:19.596127+00:00,MEDIUM,UNVERIFIED; ESPN injury feed records are from 2020/2022 and cannot establish 2026 health,Nick Minicucci,PROBABLE,Delaware's Week 5 preview identifies Minicucci as its leading quarterback; starter not formally confirmed.,https://bluehens.com/news/2026/9/30/football-hosts-liberty-on-friday-for-sold-out-parents-family-weekend-game,2026-10-01T13:31:19.596127+00:00,MEDIUM,UNVERIFIED; ESPN injury feed records are from 2020/2022 and cannot establish 2026 health,https://site.api.espn.com/apis/site/v2/sports/football/college-football/injuries,2026-10-01T13:31:19.596127+00:00,LOW;UNVERIFIED_EXCEPT_TULSA_QB_CONCERN
401871089,UL Monroe,South Alabama,Aidan Armenta,UNCERTAIN,ESPN season passing leader only; this does not establish a Week 5 starter or availability.,https://site.api.espn.com/apis/site/v2/sports/football/college-football/summary?event=401871089,2026-10-01T13:31:19.596127+00:00,LOW,UNVERIFIED; ESPN injury feed records are from 2020/2022 and cannot establish 2026 health,Jared Hollins,UNCERTAIN,ESPN season passing leader only; this does not establish a Week 5 starter or availability.,https://site.api.espn.com/apis/site/v2/sports/football/college-football/summary?event=401871089,2026-10-01T13:31:19.596127+00:00,LOW,UNVERIFIED; ESPN injury feed records are from 2020/2022 and cannot establish 2026 health,https://site.api.espn.com/apis/site/v2/sports/football/college-football/injuries,2026-10-01T13:31:19.596127+00:00,LOW;UNVERIFIED_EXCEPT_TULSA_QB_CONCERN
