game_id,away,home,locked_home_spread,current_dk_home_spread,current_minus_locked_home_spread,spread_move_flag_ge_1_5,ats_selected_locked_advantage,locked_total,current_dk_total,current_minus_locked_total,total_move_flag_ge_2_5,total_selected_locked_advantage,draftkings_offer_updated_at,market_capture_at,weather_status,wind_mph,precip_probability_pct,temperature_f,forecast_hour_utc,weather_capture_at
401856705,Vanderbilt,Georgia,-24.5,-25.5,-1.0,False,-1.0,51.5,50.5,-1.0,False,1.0,2026-10-01T13:15:43Z,2026-10-01T13:16:06.178220+00:00,CAPTURED,6.2,38,80.3,2026-10-03T17:00:00+00:00,2026-10-01T13:17:03.505761+00:00
401856707,Alabama,Mississippi State,5.5,5.5,0.0,False,0.0,60.5,59.5,-1.0,False,1.0,2026-10-01T13:15:43Z,2026-10-01T13:16:06.178220+00:00,CAPTURED,6.0,16,84.9,2026-10-03T16:00:00+00:00,2026-10-01T13:17:03.093649+00:00
401856708,Florida,Missouri,5.5,5.5,0.0,False,0.0,57.5,57.5,0.0,False,0.0,2026-10-01T13:15:43Z,2026-10-01T13:16:06.178220+00:00,CAPTURED,6.8,0,72.2,2026-10-03T19:00:00+00:00,2026-10-01T13:17:04.300468+00:00
401856709,Kentucky,South Carolina,-2.5,-3.0,-0.5,False,-0.5,53.5,53.5,0.0,False,0.0,2026-10-01T13:15:43Z,2026-10-01T13:16:06.178220+00:00,CAPTURED,7.4,77,89.0,2026-10-03T20:00:00+00:00,2026-10-01T13:17:04.705084+00:00
401856710,Auburn,Tennessee,-7.5,-7.0,0.5,False,-0.5,54.5,54.5,0.0,False,0.0,2026-10-01T13:15:43Z,2026-10-01T13:16:06.178220+00:00,CAPTURED,3.7,36,68.4,2026-10-03T19:00:00+00:00,2026-10-01T13:17:03.888460+00:00
401856711,Arkansas,Texas A&M,-14.5,-14.0,0.5,False,0.5,50.5,50.5,0.0,False,0.0,2026-10-01T13:15:43Z,2026-10-01T13:16:06.178220+00:00,CAPTURED,14.0,57,80.1,2026-10-03T23:00:00+00:00,2026-10-01T13:17:05.110674+00:00
401856807,Middle Tennessee,Kansas,-19.5,-18.5,1.0,False,1.0,49.5,49.5,0.0,False,0.0,2026-10-01T13:15:43Z,2026-10-01T13:16:06.178220+00:00,CAPTURED,7.9,0,64.1,2026-10-03T16:00:00+00:00,2026-10-01T13:17:03.490201+00:00
401856817,Baylor,Arizona State,-3.5,-4.0,-0.5,False,-0.5,48.5,49.5,1.0,False,-1.0,2026-10-01T13:15:43Z,2026-10-01T13:16:06.178220+00:00,CAPTURED,9.2,0,92.3,2026-10-04T02:00:00+00:00,2026-10-01T13:17:05.914654+00:00
401856818,BYU,TCU,6.5,6.5,0.0,False,0.0,47.5,47.5,0.0,False,0.0,2026-10-01T13:15:43Z,2026-10-01T13:16:06.178220+00:00,CAPTURED,5.6,24,70.7,2026-10-03T23:00:00+00:00,2026-10-01T13:17:05.109646+00:00
401856819,UCF,Houston,-12.5,-11.5,1.0,False,1.0,51.5,51.5,0.0,False,0.0,2026-10-01T13:15:43Z,2026-10-01T13:16:06.178220+00:00,CAPTURED,8.6,44,84.2,2026-10-03T16:00:00+00:00,2026-10-01T13:17:02.565905+00:00
401856820,Cincinnati,Arizona,-7.5,-6.5,1.0,False,1.0,55.5,55.5,0.0,False,0.0,2026-10-01T13:15:43Z,2026-10-01T13:16:06.178220+00:00,CAPTURED,12.3,0,84.0,2026-10-04T03:00:00+00:00,2026-10-01T13:17:05.923294+00:00
401856821,Texas Tech,Colorado,13.5,12.5,-1.0,False,1.0,50.5,50.5,0.0,False,0.0,2026-10-01T13:15:43Z,2026-10-01T13:16:06.178220+00:00,CAPTURED,12.0,1,82.7,2026-10-03T23:00:00+00:00,2026-10-01T13:17:05.524332+00:00
401856822,West Virginia,Iowa State,-2.5,-3.0,-0.5,False,0.5,52.5,53.5,1.0,False,-1.0,2026-10-01T13:15:43Z,2026-10-01T13:16:06.178220+00:00,CAPTURED,12.1,0,58.6,2026-10-03T16:00:00+00:00,2026-10-01T13:17:03.485898+00:00
401858245,Pittsburgh,Virginia Tech,-3.5,-3.0,0.5,False,0.5,54.5,54.5,0.0,False,0.0,2026-10-01T13:15:43Z,2026-10-01T13:16:06.178220+00:00,CAPTURED,5.8,3,78.1,2026-10-02T23:00:00+00:00,2026-10-01T13:17:02.563912+00:00
401858246,Boston College,SMU,-20.5,-21.0,-0.5,False,-0.5,55.5,55.5,0.0,False,0.0,2026-10-01T13:15:43Z,2026-10-01T13:16:06.178220+00:00,CAPTURED,5.8,61,70.8,2026-10-03T16:00:00+00:00,2026-10-01T13:17:03.104352+00:00
401858247,California,UNLV,-2.5,-2.5,0.0,False,0.0,52.5,53.5,1.0,False,-1.0,2026-10-01T13:15:43Z,2026-10-01T13:16:06.178220+00:00,INDOOR_DOME,,,,,2026-10-01T13:17:04.301379+00:00
401858248,Louisville,NC State,4.5,3.5,-1.0,False,1.0,59.5,58.5,-1.0,False,1.0,2026-10-01T13:15:43Z,2026-10-01T13:16:06.178220+00:00,CAPTURED,9.1,57,79.9,2026-10-03T19:00:00+00:00,2026-10-01T13:17:03.904663+00:00
401858249,Miami,Clemson,16.5,16.5,0.0,False,0.0,47.5,47.5,0.0,False,0.0,2026-10-01T13:15:43Z,2026-10-01T13:16:06.178220+00:00,CAPTURED,3.2,74,75.8,2026-10-03T23:00:00+00:00,2026-10-01T13:17:05.501895+00:00
401858250,Notre Dame,North Carolina,21.5,21.0,-0.5,False,0.5,46.5,47.5,1.0,False,1.0,2026-10-01T13:15:43Z,2026-10-01T13:16:06.178220+00:00,CAPTURED,7.4,28,79.6,2026-10-03T16:00:00+00:00,2026-10-01T13:17:03.492203+00:00
401858251,Stanford,Wake Forest,-12.5,-13.5,-1.0,False,-1.0,53.5,53.5,0.0,False,0.0,2026-10-01T13:15:43Z,2026-10-01T13:16:06.178220+00:00,CAPTURED,10.5,34,76.7,2026-10-03T16:00:00+00:00,2026-10-01T13:17:03.103313+00:00
401858252,Syracuse,UConn,6.5,6.5,0.0,False,0.0,50.5,50.5,0.0,False,0.0,2026-10-01T13:15:43Z,2026-10-01T13:16:06.178220+00:00,CAPTURED,7.3,0,69.1,2026-10-03T16:00:00+00:00,2026-10-01T13:17:03.090431+00:00
401858253,Virginia,Florida State,2.5,2.5,0.0,False,0.0,51.5,51.5,0.0,False,0.0,2026-10-01T13:15:43Z,2026-10-01T13:16:06.178220+00:00,CAPTURED,7.0,61,82.8,2026-10-03T19:00:00+00:00,2026-10-01T13:17:03.901695+00:00
401858472,Purdue,Illinois,-10.5,-10.0,0.5,False,0.5,61.5,61.5,0.0,False,0.0,2026-10-01T13:15:43Z,2026-10-01T13:16:06.178220+00:00,CAPTURED,9.5,0,68.9,2026-10-03T20:00:00+00:00,2026-10-01T13:17:04.703726+00:00
401858473,Ohio State,Iowa,13.5,14.5,1.0,False,-1.0,45.5,45.5,0.0,False,0.0,2026-10-01T13:15:43Z,2026-10-01T13:16:06.178220+00:00,CAPTURED,9.5,0,64.5,2026-10-03T19:00:00+00:00,2026-10-01T13:17:04.301379+00:00
401858474,Michigan,Minnesota,5.5,5.5,0.0,False,0.0,43.5,43.5,0.0,False,0.0,2026-10-01T13:15:43Z,2026-10-01T13:16:06.178220+00:00,CAPTURED,13.0,1,60.5,2026-10-03T16:00:00+00:00,2026-10-01T13:17:03.091418+00:00
401858475,Maryland,Nebraska,-14.5,-14.5,0.0,False,0.0,52.5,52.5,0.0,False,0.0,2026-10-01T13:15:43Z,2026-10-01T13:16:06.178220+00:00,CAPTURED,13.5,0,71.0,2026-10-03T20:00:00+00:00,2026-10-01T13:17:04.689006+00:00
401858476,Penn State,Northwestern,2.5,3.0,0.5,False,-0.5,45.5,45.5,0.0,False,0.0,2026-10-01T13:15:43Z,2026-10-01T13:16:06.178220+00:00,CAPTURED,13.6,0,53.8,2026-10-03T00:00:00+00:00,2026-10-01T13:17:02.564905+00:00
401858477,Indiana,Rutgers,24.5,23.5,-1.0,False,1.0,55.5,56.5,1.0,False,-1.0,2026-10-01T13:15:43Z,2026-10-01T13:16:06.178220+00:00,CAPTURED,3.8,2,63.9,2026-10-04T00:00:00+00:00,2026-10-01T13:17:05.527734+00:00
401858478,Washington,USC,-9.5,-9.5,0.0,False,0.0,58.5,58.5,0.0,False,0.0,2026-10-01T13:15:43Z,2026-10-01T13:16:06.178220+00:00,CAPTURED,11.9,0,93.8,2026-10-03T23:00:00+00:00,2026-10-01T13:17:05.517306+00:00
401858479,Michigan State,Wisconsin,-10.5,-10.0,0.5,False,-0.5,43.5,43.5,0.0,False,0.0,2026-10-01T13:15:43Z,2026-10-01T13:16:06.178220+00:00,CAPTURED,10.9,0,59.0,2026-10-03T16:00:00+00:00,2026-10-01T13:17:03.504766+00:00
401860898,Utah State,Boise State,-20.5,-20.5,0.0,False,0.0,51.5,51.5,0.0,False,0.0,2026-10-01T13:15:43Z,2026-10-01T13:16:06.178220+00:00,CAPTURED,1.1,0,85.0,2026-10-03T23:00:00+00:00,2026-10-01T13:17:05.112691+00:00
401860899,Oregon State,Colorado State,6.5,6.0,-0.5,False,0.5,62.5,61.5,-1.0,False,1.0,2026-10-01T13:15:43Z,2026-10-01T13:16:06.178220+00:00,CAPTURED,19.0,0,82.5,2026-10-03T22:00:00+00:00,2026-10-01T13:17:04.705695+00:00
401860900,Texas State,San Diego State,4.5,7.0,2.5,True,2.5,59.5,59.5,0.0,False,0.0,2026-10-01T13:15:43Z,2026-10-01T13:16:06.178220+00:00,CAPTURED,4.1,0,93.6,2026-10-04T02:00:00+00:00,2026-10-01T13:17:05.917326+00:00
401860921,Fresno State,Washington State,-2.5,-1.5,1.0,False,1.0,46.5,45.5,-1.0,False,1.0,2026-10-01T13:15:43Z,2026-10-01T13:16:06.178220+00:00,CAPTURED,3.6,0,69.3,2026-10-04T01:00:00+00:00,2026-10-01T13:17:05.896009+00:00
401862786,North Texas,Tulsa,-1.5,1.5,3.0,True,-3.0,57.5,57.5,0.0,False,0.0,2026-10-01T13:15:43Z,2026-10-01T13:16:06.178220+00:00,CAPTURED,7.6,24,71.0,2026-10-02T01:00:00+00:00,2026-10-01T13:17:02.563035+00:00
401862787,Memphis,Charlotte,20.5,20.5,0.0,False,0.0,52.5,52.5,0.0,False,0.0,2026-10-01T13:15:43Z,2026-10-01T13:16:06.178220+00:00,CAPTURED,2.9,73,82.8,2026-10-03T19:00:00+00:00,2026-10-01T13:17:04.289739+00:00
401862788,UTSA,Rice,11.5,11.5,0.0,False,0.0,55.5,56.5,1.0,False,-1.0,2026-10-01T13:15:43Z,2026-10-01T13:16:06.178220+00:00,CAPTURED,6.9,74,79.3,2026-10-03T23:00:00+00:00,2026-10-01T13:17:05.101337+00:00
401862791,Navy,Air Force,-3.5,-3.5,0.0,False,0.0,46.5,45.5,-1.0,False,-1.0,2026-10-01T13:15:43Z,2026-10-01T13:16:06.178220+00:00,CAPTURED,2.8,0,72.5,2026-10-03T16:00:00+00:00,2026-10-01T13:17:03.101307+00:00
401862792,Temple,South Florida,-5.5,-6.5,-1.0,False,1.0,48.5,48.5,0.0,False,0.0,2026-10-01T13:15:43Z,2026-10-01T13:16:06.178220+00:00,CAPTURED,7.7,71,78.6,2026-10-03T23:00:00+00:00,2026-10-01T13:17:05.469719+00:00
401864513,San José State,Hawai'i,-2.5,-3.0,-0.5,False,-0.5,51.5,51.5,0.0,False,0.0,2026-10-01T13:15:43Z,2026-10-01T13:16:06.178220+00:00,CAPTURED,8.4,2,77.3,2026-10-04T04:00:00+00:00,2026-10-01T13:17:05.923294+00:00
401864514,UTEP,New Mexico,-22.5,-22.5,0.0,False,0.0,48.5,48.5,0.0,False,0.0,2026-10-01T13:15:43Z,2026-10-01T13:16:06.178220+00:00,CAPTURED,6.4,0,72.6,2026-10-03T20:00:00+00:00,2026-10-01T13:17:04.690002+00:00
401864515,Wyoming,North Dakota State,-18.5,-17.5,1.0,False,1.0,45.5,45.5,0.0,False,0.0,2026-10-01T13:15:43Z,2026-10-01T13:16:06.178220+00:00,INDOOR_DOME,,,,,2026-10-01T13:17:03.888460+00:00
401866430,Akron,Central Michigan,-6.5,-6.5,0.0,False,0.0,47.5,46.5,-1.0,False,-1.0,2026-10-01T13:15:43Z,2026-10-01T13:16:06.178220+00:00,CAPTURED,5.7,0,62.6,2026-10-03T19:00:00+00:00,2026-10-01T13:17:04.303371+00:00
401866431,Toledo,Ball State,19.5,19.5,0.0,False,0.0,51.5,52.5,1.0,False,1.0,2026-10-01T13:15:43Z,2026-10-01T13:16:06.178220+00:00,CAPTURED,11.9,0,63.2,2026-10-03T18:00:00+00:00,2026-10-01T13:17:03.887442+00:00
401866432,Western Michigan,Buffalo,13.5,14.0,0.5,False,-0.5,46.5,46.5,0.0,False,0.0,2026-10-01T13:15:43Z,2026-10-01T13:16:06.178220+00:00,CAPTURED,7.8,0,61.3,2026-10-03T17:00:00+00:00,2026-10-01T13:17:03.507290+00:00
401866433,Eastern Michigan,Massachusetts,-5.5,-6.5,-1.0,False,1.0,48.5,48.5,0.0,False,0.0,2026-10-01T13:15:43Z,2026-10-01T13:16:06.178220+00:00,CAPTURED,5.6,0,69.3,2026-10-03T19:00:00+00:00,2026-10-01T13:17:04.283061+00:00
401866434,Ohio,Kent State,3.5,3.5,0.0,False,0.0,50.5,50.5,0.0,False,0.0,2026-10-01T13:15:43Z,2026-10-01T13:16:06.178220+00:00,CAPTURED,7.7,0,65.6,2026-10-03T19:00:00+00:00,2026-10-01T13:17:04.279468+00:00
401866477,Bowling Green,Miami (OH),-13.5,-13.5,0.0,False,0.0,43.5,43.5,0.0,False,0.0,2026-10-01T13:15:43Z,2026-10-01T13:16:06.178220+00:00,CAPTURED,11.1,0,66.4,2026-10-03T19:00:00+00:00,2026-10-01T13:17:03.900663+00:00
401869842,Army,Louisiana Tech,2.5,2.5,0.0,False,0.0,46.5,47.5,1.0,False,1.0,2026-10-01T13:15:43Z,2026-10-01T13:16:06.178220+00:00,CAPTURED,10.3,33,80.4,2026-10-03T23:00:00+00:00,2026-10-01T13:17:05.521330+00:00
401869932,Arkansas State,Louisiana,-6.5,-6.5,0.0,False,0.0,47.5,47.5,0.0,False,0.0,2026-10-01T13:15:43Z,2026-10-01T13:16:06.178220+00:00,CAPTURED,5.1,76,77.1,2026-10-04T00:00:00+00:00,2026-10-01T13:17:05.865542+00:00
401869942,Georgia Southern,Coastal Carolina,2.5,2.5,0.0,False,0.0,54.5,54.5,0.0,False,0.0,2026-10-01T13:15:43Z,2026-10-01T13:16:06.178220+00:00,CAPTURED,7.6,70,77.9,2026-10-03T23:00:00+00:00,2026-10-01T13:17:05.063818+00:00
401869956,Old Dominion,Georgia State,-1.5,-2.5,-1.0,False,1.0,51.5,51.5,0.0,False,0.0,2026-10-01T13:15:43Z,2026-10-01T13:16:06.178220+00:00,CAPTURED,6.6,66,86.4,2026-10-03T19:00:00+00:00,2026-10-01T13:17:03.890894+00:00
401869962,Marshall,James Madison,-18.5,-19.5,-1.0,False,1.0,55.5,56.5,1.0,False,-1.0,2026-10-01T13:15:43Z,2026-10-01T13:16:06.178220+00:00,CAPTURED,2.4,29,54.4,2026-10-03T20:00:00+00:00,2026-10-01T13:17:04.674350+00:00
401871049,Western Kentucky,New Mexico State,-2.5,-2.5,0.0,False,0.0,57.5,56.5,-1.0,False,1.0,2026-10-01T13:15:43Z,2026-10-01T13:16:06.178220+00:00,CAPTURED,10.0,1,75.4,2026-10-02T00:00:00+00:00,2026-10-01T13:17:02.562022+00:00
401871050,Liberty,Delaware,7.5,7.5,0.0,False,0.0,49.5,50.5,1.0,False,-1.0,2026-10-01T13:15:43Z,2026-10-01T13:16:06.178220+00:00,CAPTURED,5.5,24,76.1,2026-10-02T23:00:00+00:00,2026-10-01T13:17:02.563912+00:00
401871089,UL Monroe,South Alabama,-13.5,-14.0,-0.5,False,-0.5,57.5,57.5,0.0,False,0.0,2026-10-01T13:15:43Z,2026-10-01T13:16:06.178220+00:00,CAPTURED,3.7,86,74.4,2026-10-03T23:00:00+00:00,2026-10-01T13:17:05.108326+00:00
