game_id,away,home,pick,locked_pick_spread,home_ats_edge,away_completed_games,home_completed_games,away_fbs_games,home_fbs_games,away_fcs_games,home_fcs_games,away_max_prior_margin,home_max_prior_margin,away_offense_plays,home_offense_plays,home_away_model_adjustment,opponent_strength_adjustment,garbage_time,turnover_driven_performance,qb_change_status,structural_warnings,review_classification
401856707,Alabama,Mississippi State,Mississippi State,5.5,7.321660623297891,4,4,4,4,0,0,38,49,234,245,BASELINE_HOME_MARGIN_ONLY;NO_CURRENT_LOCATION_SPLIT,NOT_IN_BASELINE;MIX_UNCONTROLLED,CFBD_QUERY_EXCLUDES_GARBAGE_TIME;NOT_INDEPENDENTLY_VERIFIED,UNVERIFIED;NO_TURNOVER_FEATURE,PROBABLE/PROBABLE,PRIOR_35_PLUS_BLOWOUT,CONDITIONAL_RAW_SIGNAL_NOT_VALIDATED_EDGE
401856711,Arkansas,Texas A&M,Arkansas,14.5,-7.073290158714292,4,4,3,4,1,0,33,50,244,256,BASELINE_HOME_MARGIN_ONLY;NO_CURRENT_LOCATION_SPLIT,NOT_IN_BASELINE;MIX_UNCONTROLLED,CFBD_QUERY_EXCLUDES_GARBAGE_TIME;NOT_INDEPENDENTLY_VERIFIED,UNVERIFIED;NO_TURNOVER_FEATURE,UNCERTAIN/UNCERTAIN,FCS_OPPONENT_IN_PRIOR_AGGREGATE;PRIOR_35_PLUS_BLOWOUT;QB_NOT_PROBABLE_BOTH_SIDES,CONDITIONAL_RAW_SIGNAL_NOT_VALIDATED_EDGE
401856807,Middle Tennessee,Kansas,Middle Tennessee,19.5,-12.430927233970003,4,3,3,2,1,1,24,45,247,184,BASELINE_HOME_MARGIN_ONLY;NO_CURRENT_LOCATION_SPLIT,NOT_IN_BASELINE;MIX_UNCONTROLLED,CFBD_QUERY_EXCLUDES_GARBAGE_TIME;NOT_INDEPENDENTLY_VERIFIED,UNVERIFIED;NO_TURNOVER_FEATURE,UNCERTAIN/UNCERTAIN,FCS_OPPONENT_IN_PRIOR_AGGREGATE;PRIOR_35_PLUS_BLOWOUT;QB_NOT_PROBABLE_BOTH_SIDES,CONDITIONAL_RAW_SIGNAL_NOT_VALIDATED_EDGE
401856821,Texas Tech,Colorado,Colorado,13.5,11.43071778043073,4,4,3,3,1,1,35,34,251,260,BASELINE_HOME_MARGIN_ONLY;NO_CURRENT_LOCATION_SPLIT,NOT_IN_BASELINE;MIX_UNCONTROLLED,CFBD_QUERY_EXCLUDES_GARBAGE_TIME;NOT_INDEPENDENTLY_VERIFIED,UNVERIFIED;NO_TURNOVER_FEATURE,UNCERTAIN/UNCERTAIN,FCS_OPPONENT_IN_PRIOR_AGGREGATE;PRIOR_35_PLUS_BLOWOUT;QB_NOT_PROBABLE_BOTH_SIDES,CONDITIONAL_RAW_SIGNAL_NOT_VALIDATED_EDGE
401858246,Boston College,SMU,Boston College,20.5,-7.282078310409695,4,4,3,3,1,1,19,46,260,255,BASELINE_HOME_MARGIN_ONLY;NO_CURRENT_LOCATION_SPLIT,NOT_IN_BASELINE;MIX_UNCONTROLLED,CFBD_QUERY_EXCLUDES_GARBAGE_TIME;NOT_INDEPENDENTLY_VERIFIED,UNVERIFIED;NO_TURNOVER_FEATURE,UNCERTAIN/PROBABLE,FCS_OPPONENT_IN_PRIOR_AGGREGATE;PRIOR_35_PLUS_BLOWOUT;QB_NOT_PROBABLE_BOTH_SIDES,CONDITIONAL_RAW_SIGNAL_NOT_VALIDATED_EDGE
401858250,Notre Dame,North Carolina,North Carolina,21.5,10.33232719542296,4,3,4,2,0,1,52,32,193,165,BASELINE_HOME_MARGIN_ONLY;NO_CURRENT_LOCATION_SPLIT,NOT_IN_BASELINE;MIX_UNCONTROLLED,CFBD_QUERY_EXCLUDES_GARBAGE_TIME;NOT_INDEPENDENTLY_VERIFIED,UNVERIFIED;NO_TURNOVER_FEATURE,UNCERTAIN/UNCERTAIN,FCS_OPPONENT_IN_PRIOR_AGGREGATE;PRIOR_35_PLUS_BLOWOUT;QB_NOT_PROBABLE_BOTH_SIDES,CONDITIONAL_RAW_SIGNAL_NOT_VALIDATED_EDGE
401858252,Syracuse,UConn,UConn,6.5,13.686460924726763,3,4,2,3,1,1,63,49,202,215,BASELINE_HOME_MARGIN_ONLY;NO_CURRENT_LOCATION_SPLIT,NOT_IN_BASELINE;MIX_UNCONTROLLED,CFBD_QUERY_EXCLUDES_GARBAGE_TIME;NOT_INDEPENDENTLY_VERIFIED,UNVERIFIED;NO_TURNOVER_FEATURE,UNCERTAIN/UNCERTAIN,FCS_OPPONENT_IN_PRIOR_AGGREGATE;PRIOR_35_PLUS_BLOWOUT;QB_NOT_PROBABLE_BOTH_SIDES,CONDITIONAL_RAW_SIGNAL_NOT_VALIDATED_EDGE
401858473,Ohio State,Iowa,Iowa,13.5,12.831595997303129,4,4,4,3,0,1,56,55,216,207,BASELINE_HOME_MARGIN_ONLY;NO_CURRENT_LOCATION_SPLIT,NOT_IN_BASELINE;MIX_UNCONTROLLED,CFBD_QUERY_EXCLUDES_GARBAGE_TIME;NOT_INDEPENDENTLY_VERIFIED,UNVERIFIED;NO_TURNOVER_FEATURE,UNCERTAIN/UNCERTAIN,FCS_OPPONENT_IN_PRIOR_AGGREGATE;PRIOR_35_PLUS_BLOWOUT;QB_NOT_PROBABLE_BOTH_SIDES,CONDITIONAL_RAW_SIGNAL_NOT_VALIDATED_EDGE
401858477,Indiana,Rutgers,Rutgers,24.5,9.430860536147765,4,4,3,3,1,1,55,51,202,227,BASELINE_HOME_MARGIN_ONLY;NO_CURRENT_LOCATION_SPLIT,NOT_IN_BASELINE;MIX_UNCONTROLLED,CFBD_QUERY_EXCLUDES_GARBAGE_TIME;NOT_INDEPENDENTLY_VERIFIED,UNVERIFIED;NO_TURNOVER_FEATURE,UNCERTAIN/UNCERTAIN,FCS_OPPONENT_IN_PRIOR_AGGREGATE;PRIOR_35_PLUS_BLOWOUT;QB_NOT_PROBABLE_BOTH_SIDES,CONDITIONAL_RAW_SIGNAL_NOT_VALIDATED_EDGE
401858478,Washington,USC,Washington,9.5,-9.816352177157864,4,5,3,5,1,0,32,39,252,313,BASELINE_HOME_MARGIN_ONLY;NO_CURRENT_LOCATION_SPLIT,NOT_IN_BASELINE;MIX_UNCONTROLLED,CFBD_QUERY_EXCLUDES_GARBAGE_TIME;NOT_INDEPENDENTLY_VERIFIED,UNVERIFIED;NO_TURNOVER_FEATURE,UNCERTAIN/UNCERTAIN,FCS_OPPONENT_IN_PRIOR_AGGREGATE;PRIOR_35_PLUS_BLOWOUT;QB_NOT_PROBABLE_BOTH_SIDES,CONDITIONAL_RAW_SIGNAL_NOT_VALIDATED_EDGE
401860899,Oregon State,Colorado State,Colorado State,6.5,8.13973375045733,4,4,3,3,1,1,35,34,236,243,BASELINE_HOME_MARGIN_ONLY;NO_CURRENT_LOCATION_SPLIT,NOT_IN_BASELINE;MIX_UNCONTROLLED,CFBD_QUERY_EXCLUDES_GARBAGE_TIME;NOT_INDEPENDENTLY_VERIFIED,UNVERIFIED;NO_TURNOVER_FEATURE,UNCERTAIN/UNCERTAIN,FCS_OPPONENT_IN_PRIOR_AGGREGATE;PRIOR_35_PLUS_BLOWOUT;QB_NOT_PROBABLE_BOTH_SIDES,CONDITIONAL_RAW_SIGNAL_NOT_VALIDATED_EDGE
401862787,Memphis,Charlotte,Charlotte,20.5,10.860444405150606,4,4,3,3,1,1,24,32,252,226,BASELINE_HOME_MARGIN_ONLY;NO_CURRENT_LOCATION_SPLIT,NOT_IN_BASELINE;MIX_UNCONTROLLED,CFBD_QUERY_EXCLUDES_GARBAGE_TIME;NOT_INDEPENDENTLY_VERIFIED,UNVERIFIED;NO_TURNOVER_FEATURE,UNCERTAIN/UNCERTAIN,FCS_OPPONENT_IN_PRIOR_AGGREGATE;QB_NOT_PROBABLE_BOTH_SIDES,CONDITIONAL_RAW_SIGNAL_NOT_VALIDATED_EDGE
401862791,Navy,Air Force,Air Force,-3.5,8.798420042610918,3,3,2,2,1,1,27,34,186,210,BASELINE_HOME_MARGIN_ONLY;NO_CURRENT_LOCATION_SPLIT,NOT_IN_BASELINE;MIX_UNCONTROLLED,CFBD_QUERY_EXCLUDES_GARBAGE_TIME;NOT_INDEPENDENTLY_VERIFIED,UNVERIFIED;NO_TURNOVER_FEATURE,UNCERTAIN/UNCERTAIN,FCS_OPPONENT_IN_PRIOR_AGGREGATE;QB_NOT_PROBABLE_BOTH_SIDES,CONDITIONAL_RAW_SIGNAL_NOT_VALIDATED_EDGE
401864514,UTEP,New Mexico,New Mexico,-22.5,9.586145474412277,4,4,3,3,1,1,51,63,145,205,BASELINE_HOME_MARGIN_ONLY;NO_CURRENT_LOCATION_SPLIT,NOT_IN_BASELINE;MIX_UNCONTROLLED,CFBD_QUERY_EXCLUDES_GARBAGE_TIME;NOT_INDEPENDENTLY_VERIFIED,UNVERIFIED;NO_TURNOVER_FEATURE,UNCERTAIN/UNCERTAIN,FCS_OPPONENT_IN_PRIOR_AGGREGATE;PRIOR_35_PLUS_BLOWOUT;QB_NOT_PROBABLE_BOTH_SIDES,CONDITIONAL_RAW_SIGNAL_NOT_VALIDATED_EDGE
401866432,Western Michigan,Buffalo,Buffalo,13.5,13.340881172176127,4,4,3,2,1,2,35,42,212,283,BASELINE_HOME_MARGIN_ONLY;NO_CURRENT_LOCATION_SPLIT,NOT_IN_BASELINE;MIX_UNCONTROLLED,CFBD_QUERY_EXCLUDES_GARBAGE_TIME;NOT_INDEPENDENTLY_VERIFIED,UNVERIFIED;NO_TURNOVER_FEATURE,UNCERTAIN/UNCERTAIN,FCS_OPPONENT_IN_PRIOR_AGGREGATE;PRIOR_35_PLUS_BLOWOUT;QB_NOT_PROBABLE_BOTH_SIDES,CONDITIONAL_RAW_SIGNAL_NOT_VALIDATED_EDGE
401866433,Eastern Michigan,Massachusetts,Massachusetts,-5.5,19.68990715171812,5,4,4,2,1,2,44,29,306,198,BASELINE_HOME_MARGIN_ONLY;NO_CURRENT_LOCATION_SPLIT,NOT_IN_BASELINE;MIX_UNCONTROLLED,CFBD_QUERY_EXCLUDES_GARBAGE_TIME;NOT_INDEPENDENTLY_VERIFIED,UNVERIFIED;NO_TURNOVER_FEATURE,UNCERTAIN/UNCERTAIN,FCS_OPPONENT_IN_PRIOR_AGGREGATE;PRIOR_35_PLUS_BLOWOUT;QB_NOT_PROBABLE_BOTH_SIDES,CONDITIONAL_RAW_SIGNAL_NOT_VALIDATED_EDGE
401866434,Ohio,Kent State,Kent State,3.5,7.068407687524044,4,4,3,3,1,1,28,57,254,203,BASELINE_HOME_MARGIN_ONLY;NO_CURRENT_LOCATION_SPLIT,NOT_IN_BASELINE;MIX_UNCONTROLLED,CFBD_QUERY_EXCLUDES_GARBAGE_TIME;NOT_INDEPENDENTLY_VERIFIED,UNVERIFIED;NO_TURNOVER_FEATURE,UNCERTAIN/PROBABLE,FCS_OPPONENT_IN_PRIOR_AGGREGATE;PRIOR_35_PLUS_BLOWOUT;QB_NOT_PROBABLE_BOTH_SIDES,CONDITIONAL_RAW_SIGNAL_NOT_VALIDATED_EDGE
401866477,Bowling Green,Miami (OH),Miami (OH),-13.5,7.614331420925154,4,4,3,3,1,1,49,45,185,189,BASELINE_HOME_MARGIN_ONLY;NO_CURRENT_LOCATION_SPLIT,NOT_IN_BASELINE;MIX_UNCONTROLLED,CFBD_QUERY_EXCLUDES_GARBAGE_TIME;NOT_INDEPENDENTLY_VERIFIED,UNVERIFIED;NO_TURNOVER_FEATURE,UNCERTAIN/UNCERTAIN,FCS_OPPONENT_IN_PRIOR_AGGREGATE;PRIOR_35_PLUS_BLOWOUT;QB_NOT_PROBABLE_BOTH_SIDES,CONDITIONAL_RAW_SIGNAL_NOT_VALIDATED_EDGE
401869932,Arkansas State,Louisiana,Louisiana,-6.5,7.616390509336121,4,4,3,3,1,1,45,31,217,246,BASELINE_HOME_MARGIN_ONLY;NO_CURRENT_LOCATION_SPLIT,NOT_IN_BASELINE;MIX_UNCONTROLLED,CFBD_QUERY_EXCLUDES_GARBAGE_TIME;NOT_INDEPENDENTLY_VERIFIED,UNVERIFIED;NO_TURNOVER_FEATURE,UNCERTAIN/UNCERTAIN,FCS_OPPONENT_IN_PRIOR_AGGREGATE;PRIOR_35_PLUS_BLOWOUT;QB_NOT_PROBABLE_BOTH_SIDES,CONDITIONAL_RAW_SIGNAL_NOT_VALIDATED_EDGE
401869942,Georgia Southern,Coastal Carolina,Coastal Carolina,2.5,8.386895199685181,4,4,3,3,1,1,31,38,261,247,BASELINE_HOME_MARGIN_ONLY;NO_CURRENT_LOCATION_SPLIT,NOT_IN_BASELINE;MIX_UNCONTROLLED,CFBD_QUERY_EXCLUDES_GARBAGE_TIME;NOT_INDEPENDENTLY_VERIFIED,UNVERIFIED;NO_TURNOVER_FEATURE,UNCERTAIN/UNCERTAIN,FCS_OPPONENT_IN_PRIOR_AGGREGATE;PRIOR_35_PLUS_BLOWOUT;QB_NOT_PROBABLE_BOTH_SIDES,CONDITIONAL_RAW_SIGNAL_NOT_VALIDATED_EDGE
401869956,Old Dominion,Georgia State,Georgia State,-1.5,13.22643030336948,4,4,3,3,1,1,26,49,210,261,BASELINE_HOME_MARGIN_ONLY;NO_CURRENT_LOCATION_SPLIT,NOT_IN_BASELINE;MIX_UNCONTROLLED,CFBD_QUERY_EXCLUDES_GARBAGE_TIME;NOT_INDEPENDENTLY_VERIFIED,UNVERIFIED;NO_TURNOVER_FEATURE,UNCERTAIN/UNCERTAIN,FCS_OPPONENT_IN_PRIOR_AGGREGATE;PRIOR_35_PLUS_BLOWOUT;QB_NOT_PROBABLE_BOTH_SIDES,CONDITIONAL_RAW_SIGNAL_NOT_VALIDATED_EDGE
401871049,Western Kentucky,New Mexico State,New Mexico State,-2.5,12.66791471653587,4,4,3,3,1,1,50,37,186,239,BASELINE_HOME_MARGIN_ONLY;NO_CURRENT_LOCATION_SPLIT,NOT_IN_BASELINE;MIX_UNCONTROLLED,CFBD_QUERY_EXCLUDES_GARBAGE_TIME;NOT_INDEPENDENTLY_VERIFIED,UNVERIFIED;NO_TURNOVER_FEATURE,UNCERTAIN/UNCERTAIN,FCS_OPPONENT_IN_PRIOR_AGGREGATE;PRIOR_35_PLUS_BLOWOUT;QB_NOT_PROBABLE_BOTH_SIDES,CONDITIONAL_RAW_SIGNAL_NOT_VALIDATED_EDGE
401871050,Liberty,Delaware,Delaware,7.5,7.432363287626156,4,4,3,3,1,1,36,39,260,213,BASELINE_HOME_MARGIN_ONLY;NO_CURRENT_LOCATION_SPLIT,NOT_IN_BASELINE;MIX_UNCONTROLLED,CFBD_QUERY_EXCLUDES_GARBAGE_TIME;NOT_INDEPENDENTLY_VERIFIED,UNVERIFIED;NO_TURNOVER_FEATURE,UNCERTAIN/PROBABLE,FCS_OPPONENT_IN_PRIOR_AGGREGATE;PRIOR_35_PLUS_BLOWOUT;QB_NOT_PROBABLE_BOTH_SIDES,CONDITIONAL_RAW_SIGNAL_NOT_VALIDATED_EDGE
