game_id,away,home,locked_line_id,locked_home_spread,projected_home_margin,home_ats_edge,selected_side,pick,pick_spread,uncertainty_points,shadow_uncertainty_points,confidence,rank,top_five,fallback_code,context_adjustment_points,adjusted_home_margin,data_quality,selected_side_ats_edge,raw_confidence,final_confidence,current_market_home_spread,selected_side_lock_advantage,qb_evidence,injury_evidence,weather_evidence,sample_quality_warning,provenance
401856712,Georgia,Alabama,51,-1.5,0.43429571057040217,-1.0657042894295978,away,Georgia,1.5,,18.282467480358463,1,,False,,0,0.43429571057040217,WEEK5_PIT_EPA;INJURY_WEATHER_MARKET_UNVERIFIED,1.0657042894295978,1,1,-1.5,0.0,UNVERIFIED,UNVERIFIED_INCOMPLETE_ESPN_COVERAGE,CAPTURED,PRIOR_FCS_EXPOSURE;PRIOR_35_PLUS_BLOWOUT;QB_UNVERIFIED;WIND_WARNING;PRECIPITATION_WARNING,sealed ATS model; immutable SplashSports lock; separate context review
401856713,Tennessee,Arkansas,41,13.5,-13.936024891913824,-0.4360248919138243,away,Tennessee,-13.5,,18.29127273185711,1,,False,,0,-13.936024891913824,WEEK5_PIT_EPA;INJURY_WEATHER_MARKET_UNVERIFIED,0.4360248919138243,1,1,13.5,0.0,UNVERIFIED,UNVERIFIED_INCOMPLETE_ESPN_COVERAGE,CAPTURED,PRIOR_FCS_EXPOSURE;PRIOR_35_PLUS_BLOWOUT;QB_UNVERIFIED,sealed ATS model; immutable SplashSports lock; separate context review
401856714,South Carolina,Florida,22,-13.5,13.646403527403326,0.14640352740332574,home,Florida,-13.5,,18.284683357234645,1,,False,,0,13.646403527403326,WEEK5_PIT_EPA;INJURY_WEATHER_MARKET_UNVERIFIED,0.14640352740332574,1,1,-12.5,-1.0,UNVERIFIED,UNVERIFIED_INCOMPLETE_ESPN_COVERAGE,CAPTURED,PRIOR_FCS_EXPOSURE;PRIOR_35_PLUS_BLOWOUT;QB_UNVERIFIED;PRECIPITATION_WARNING,sealed ATS model; immutable SplashSports lock; separate context review
401856715,LSU,Kentucky,46,9.5,-4.150885658018682,5.349114341981318,home,Kentucky,9.5,,18.28400783654559,1,,False,,0,-4.150885658018682,WEEK5_PIT_EPA;INJURY_WEATHER_MARKET_UNVERIFIED,5.349114341981318,1,1,8.5,1.0,UNVERIFIED,UNVERIFIED_INCOMPLETE_ESPN_COVERAGE,CAPTURED,PRIOR_FCS_EXPOSURE;PRIOR_35_PLUS_BLOWOUT;QB_UNVERIFIED,sealed ATS model; immutable SplashSports lock; separate context review
401856716,Texas A&M,Missouri,16,-3.5,11.664562506153095,8.164562506153095,home,Missouri,-3.5,,18.28372115716539,1,,False,,0,11.664562506153095,WEEK5_PIT_EPA;INJURY_WEATHER_MARKET_UNVERIFIED,8.164562506153095,1,1,-3.5,0.0,UNVERIFIED,UNVERIFIED_INCOMPLETE_ESPN_COVERAGE,CAPTURED,PRIOR_FCS_EXPOSURE;PRIOR_35_PLUS_BLOWOUT;QB_UNVERIFIED,sealed ATS model; immutable SplashSports lock; separate context review
401856717,Texas,Oklahoma,36,7.5,2.59205754232226,10.09205754232226,home,Oklahoma,7.5,,18.28215433474986,1,,False,,0,2.59205754232226,WEEK5_PIT_EPA;INJURY_WEATHER_MARKET_UNVERIFIED,10.09205754232226,1,1,8.5,-1.0,UNVERIFIED,UNVERIFIED_INCOMPLETE_ESPN_COVERAGE,CAPTURED,PRIOR_35_PLUS_BLOWOUT;QB_UNVERIFIED,sealed ATS model; immutable SplashSports lock; separate context review
401856718,Ole Miss,Vanderbilt,33,10.5,4.444332275501417,14.944332275501417,home,Vanderbilt,10.5,,18.282095735724255,1,,False,,0,4.444332275501417,WEEK5_PIT_EPA;INJURY_WEATHER_MARKET_UNVERIFIED,14.944332275501417,1,1,10.0,0.5,UNVERIFIED,UNVERIFIED_INCOMPLETE_ESPN_COVERAGE,CAPTURED,PRIOR_FCS_EXPOSURE;QB_UNVERIFIED,sealed ATS model; immutable SplashSports lock; separate context review
401856808,Hawai'i,Arizona State,58,-20.5,5.14966882346099,-15.35033117653901,away,Hawai'i,20.5,,18.282124476959005,1,,False,,0,5.14966882346099,WEEK5_PIT_EPA;INJURY_WEATHER_MARKET_UNVERIFIED,15.35033117653901,1,1,-20.5,0.0,UNVERIFIED,UNVERIFIED_INCOMPLETE_ESPN_COVERAGE,CAPTURED,LIMITED_FBS_SAMPLE;PRIOR_FCS_EXPOSURE;PRIOR_35_PLUS_BLOWOUT;QB_UNVERIFIED,sealed ATS model; immutable SplashSports lock; separate context review
401856823,Arizona,West Virginia,20,3.5,-5.2053094716526225,-1.7053094716526225,away,Arizona,-3.5,,18.28453031873074,1,,False,,0,-5.2053094716526225,WEEK5_PIT_EPA;INJURY_WEATHER_MARKET_UNVERIFIED,1.7053094716526225,1,1,3.0,-0.5,UNVERIFIED,UNVERIFIED_INCOMPLETE_ESPN_COVERAGE,CAPTURED,PRIOR_FCS_EXPOSURE;PRIOR_35_PLUS_BLOWOUT;QB_UNVERIFIED,sealed ATS model; immutable SplashSports lock; separate context review
401856824,UCF,Oklahoma State,19,-9.5,5.540115728532282,-3.9598842714677183,away,UCF,9.5,,18.28215249565839,1,,False,,0,5.540115728532282,WEEK5_PIT_EPA;INJURY_WEATHER_MARKET_UNVERIFIED,3.9598842714677183,1,1,-9.5,0.0,UNVERIFIED,UNVERIFIED_INCOMPLETE_ESPN_COVERAGE,CAPTURED,LIMITED_FBS_SAMPLE;PRIOR_FCS_EXPOSURE;PRIOR_35_PLUS_BLOWOUT;QB_UNVERIFIED,sealed ATS model; immutable SplashSports lock; separate context review
401856825,Houston,Kansas State,25,-2.5,5.847093974638124,3.347093974638124,home,Kansas State,-2.5,,18.282180583761296,1,,False,,0,5.847093974638124,WEEK5_PIT_EPA;INJURY_WEATHER_MARKET_UNVERIFIED,3.347093974638124,1,1,-2.5,0.0,UNVERIFIED,UNVERIFIED_INCOMPLETE_ESPN_COVERAGE,CAPTURED,LIMITED_FBS_SAMPLE;PRIOR_FCS_EXPOSURE;PRIOR_35_PLUS_BLOWOUT;QB_UNVERIFIED;WIND_WARNING,sealed ATS model; immutable SplashSports lock; separate context review
401856826,Iowa State,BYU,12,-10.5,16.184746282346033,5.684746282346033,home,BYU,-10.5,,18.286240325438605,1,,False,,0,16.184746282346033,WEEK5_PIT_EPA;INJURY_WEATHER_MARKET_UNVERIFIED,5.684746282346033,1,1,-10.5,0.0,UNVERIFIED,UNVERIFIED_INCOMPLETE_ESPN_COVERAGE,CAPTURED,LIMITED_FBS_SAMPLE;PRIOR_FCS_EXPOSURE;PRIOR_35_PLUS_BLOWOUT;QB_UNVERIFIED,sealed ATS model; immutable SplashSports lock; separate context review
401856827,Kansas,Utah,56,-15.5,8.06795696108113,-7.43204303891887,away,Kansas,15.5,,18.282542670389763,1,,False,,0,8.06795696108113,WEEK5_PIT_EPA;INJURY_WEATHER_MARKET_UNVERIFIED,7.43204303891887,1,1,,,UNVERIFIED,UNVERIFIED_INCOMPLETE_ESPN_COVERAGE,CAPTURED,LIMITED_FBS_SAMPLE;PRIOR_FCS_EXPOSURE;PRIOR_35_PLUS_BLOWOUT;MARKET_MISSING;QB_UNVERIFIED;PRECIPITATION_WARNING,sealed ATS model; immutable SplashSports lock; separate context review
401858254,Florida State,Louisville,8,-3.5,6.492253906574302,2.9922539065743017,home,Louisville,-3.5,,18.282256999924737,1,,False,,0,6.492253906574302,WEEK5_PIT_EPA;INJURY_WEATHER_MARKET_UNVERIFIED,2.9922539065743017,1,1,-3.5,0.0,UNVERIFIED,UNVERIFIED_INCOMPLETE_ESPN_COVERAGE,CAPTURED,PRIOR_FCS_EXPOSURE;PRIOR_35_PLUS_BLOWOUT;QB_UNVERIFIED,sealed ATS model; immutable SplashSports lock; separate context review
401858255,Duke,Georgia Tech,30,6.5,-7.298321635339843,-0.7983216353398426,away,Duke,-6.5,,18.285753796312896,1,,False,,0,-7.298321635339843,WEEK5_PIT_EPA;INJURY_WEATHER_MARKET_UNVERIFIED,0.7983216353398426,1,1,7.0,0.5,UNVERIFIED,UNVERIFIED_INCOMPLETE_ESPN_COVERAGE,CAPTURED,LIMITED_FBS_SAMPLE;PRIOR_FCS_EXPOSURE;PRIOR_35_PLUS_BLOWOUT;QB_UNVERIFIED;WIND_WARNING;PRECIPITATION_WARNING,sealed ATS model; immutable SplashSports lock; separate context review
401858256,North Carolina,Pittsburgh,17,-3.5,10.541690364740688,7.041690364740688,home,Pittsburgh,-3.5,,18.2832746300184,1,,False,,0,10.541690364740688,WEEK5_PIT_EPA;INJURY_WEATHER_MARKET_UNVERIFIED,7.041690364740688,1,1,-3.5,0.0,UNVERIFIED,UNVERIFIED_INCOMPLETE_ESPN_COVERAGE,CAPTURED,LIMITED_FBS_SAMPLE;PRIOR_FCS_EXPOSURE;PRIOR_35_PLUS_BLOWOUT;QB_UNVERIFIED,sealed ATS model; immutable SplashSports lock; separate context review
401858257,Stanford,Notre Dame,26,-37.5,25.200250314824867,-12.299749685175133,away,Stanford,37.5,,18.29471539089553,1,,False,,0,25.200250314824867,WEEK5_PIT_EPA;INJURY_WEATHER_MARKET_UNVERIFIED,12.299749685175133,1,1,-38.5,-1.0,UNVERIFIED,UNVERIFIED_INCOMPLETE_ESPN_COVERAGE,CAPTURED,PRIOR_35_PLUS_BLOWOUT;QB_UNVERIFIED,sealed ATS model; immutable SplashSports lock; separate context review
401858258,Syracuse,Virginia,53,-8.5,7.364633667855315,-1.1353663321446854,away,Syracuse,8.5,,18.28239779583664,1,,False,,0,7.364633667855315,WEEK5_PIT_EPA;INJURY_WEATHER_MARKET_UNVERIFIED,1.1353663321446854,1,1,-9.5,-1.0,UNVERIFIED,UNVERIFIED_INCOMPLETE_ESPN_COVERAGE,CAPTURED,LIMITED_FBS_SAMPLE;PRIOR_FCS_EXPOSURE;PRIOR_35_PLUS_BLOWOUT;QB_UNVERIFIED,sealed ATS model; immutable SplashSports lock; separate context review
401858259,Virginia Tech,California,27,9.5,-5.7580319020172634,3.7419680979827366,home,California,9.5,,18.284829331458326,1,,False,,0,-5.7580319020172634,WEEK5_PIT_EPA;INJURY_WEATHER_MARKET_UNVERIFIED,3.7419680979827366,1,1,9.5,0.0,UNVERIFIED,UNVERIFIED_INCOMPLETE_ESPN_COVERAGE,CAPTURED,PRIOR_FCS_EXPOSURE;PRIOR_35_PLUS_BLOWOUT;QB_UNVERIFIED,sealed ATS model; immutable SplashSports lock; separate context review
401858260,Wake Forest,NC State,15,3.5,-2.061572388143216,1.4384276118567838,home,NC State,3.5,,18.283158390046562,1,,False,,0,-2.061572388143216,WEEK5_PIT_EPA;INJURY_WEATHER_MARKET_UNVERIFIED,1.4384276118567838,1,1,4.0,-0.5,UNVERIFIED,UNVERIFIED_INCOMPLETE_ESPN_COVERAGE,CAPTURED,PRIOR_FCS_EXPOSURE;PRIOR_35_PLUS_BLOWOUT;QB_UNVERIFIED,sealed ATS model; immutable SplashSports lock; separate context review
401858480,Illinois,Michigan State,34,2.5,-4.014562067727164,-1.514562067727164,away,Illinois,-2.5,,18.283944878808235,1,,False,,0,-4.014562067727164,WEEK5_PIT_EPA;INJURY_WEATHER_MARKET_UNVERIFIED,1.514562067727164,1,1,2.5,0.0,UNVERIFIED,UNVERIFIED_INCOMPLETE_ESPN_COVERAGE,CAPTURED,PRIOR_FCS_EXPOSURE;PRIOR_35_PLUS_BLOWOUT;QB_UNVERIFIED;WIND_WARNING,sealed ATS model; immutable SplashSports lock; separate context review
401858481,Indiana,Nebraska,18,7.5,1.7438672327615863,9.243867232761586,home,Nebraska,7.5,,18.282245992966075,1,,False,,0,1.7438672327615863,WEEK5_PIT_EPA;INJURY_WEATHER_MARKET_UNVERIFIED,9.243867232761586,1,1,7.5,0.0,UNVERIFIED,UNVERIFIED_INCOMPLETE_ESPN_COVERAGE,CAPTURED,PRIOR_FCS_EXPOSURE;PRIOR_35_PLUS_BLOWOUT;QB_UNVERIFIED;WIND_WARNING,sealed ATS model; immutable SplashSports lock; separate context review
401858482,Ball State,Northwestern,21,-36.5,18.583508992422512,-17.916491007577488,away,Ball State,36.5,,18.288046624971493,1,,False,,0,18.583508992422512,WEEK5_PIT_EPA;INJURY_WEATHER_MARKET_UNVERIFIED,17.916491007577488,1,1,-36.5,0.0,UNVERIFIED,UNVERIFIED_INCOMPLETE_ESPN_COVERAGE,CAPTURED,LIMITED_FBS_SAMPLE;PRIOR_FCS_EXPOSURE;PRIOR_35_PLUS_BLOWOUT;QB_UNVERIFIED;WIND_WARNING,sealed ATS model; immutable SplashSports lock; separate context review
401858483,Maryland,Ohio State,42,-34.5,19.02140536457984,-15.478594635420158,away,Maryland,34.5,,18.288411490514036,1,,False,,0,19.02140536457984,WEEK5_PIT_EPA;INJURY_WEATHER_MARKET_UNVERIFIED,15.478594635420158,1,1,-34.5,0.0,UNVERIFIED,UNVERIFIED_INCOMPLETE_ESPN_COVERAGE,CAPTURED,PRIOR_FCS_EXPOSURE;PRIOR_35_PLUS_BLOWOUT;QB_UNVERIFIED,sealed ATS model; immutable SplashSports lock; separate context review
401858484,UCLA,Oregon,38,-11.5,-1.1029753712128647,-12.602975371212864,away,UCLA,11.5,,18.282851328784506,1,,False,,0,-1.1029753712128647,WEEK5_PIT_EPA;INJURY_WEATHER_MARKET_UNVERIFIED,12.602975371212864,1,1,-11.5,0.0,UNVERIFIED,UNVERIFIED_INCOMPLETE_ESPN_COVERAGE,CAPTURED,LIMITED_FBS_SAMPLE;PRIOR_FCS_EXPOSURE;PRIOR_35_PLUS_BLOWOUT;QB_UNVERIFIED,sealed ATS model; immutable SplashSports lock; separate context review
401858485,USC,Penn State,52,-1.5,4.705176121461944,3.2051761214619443,home,Penn State,-1.5,,18.282103083281047,1,,False,,0,4.705176121461944,WEEK5_PIT_EPA;INJURY_WEATHER_MARKET_UNVERIFIED,3.2051761214619443,1,1,-1.5,0.0,UNVERIFIED,UNVERIFIED_INCOMPLETE_ESPN_COVERAGE,CAPTURED,PRIOR_35_PLUS_BLOWOUT;QB_UNVERIFIED,sealed ATS model; immutable SplashSports lock; separate context review
401858486,Minnesota,Purdue,55,2.5,1.5197845337658356,4.0197845337658356,home,Purdue,2.5,,18.282277008187986,1,,False,,0,1.5197845337658356,WEEK5_PIT_EPA;INJURY_WEATHER_MARKET_UNVERIFIED,4.0197845337658356,1,1,2.5,0.0,UNVERIFIED,UNVERIFIED_INCOMPLETE_ESPN_COVERAGE,CAPTURED,PRIOR_FCS_EXPOSURE;PRIOR_35_PLUS_BLOWOUT;QB_UNVERIFIED,sealed ATS model; immutable SplashSports lock; separate context review
401858487,Iowa,Washington,9,-2.5,5.669242907101155,3.1692429071011547,home,Washington,-2.5,,18.282163660673252,1,,False,,0,5.669242907101155,WEEK5_PIT_EPA;INJURY_WEATHER_MARKET_UNVERIFIED,3.1692429071011547,1,1,-3.0,0.5,UNVERIFIED,UNVERIFIED_INCOMPLETE_ESPN_COVERAGE,CAPTURED,PRIOR_FCS_EXPOSURE;PRIOR_35_PLUS_BLOWOUT;QB_UNVERIFIED,sealed ATS model; immutable SplashSports lock; separate context review
401860901,Boise State,Fresno State,57,6.5,-0.0697614089166314,6.430238591083368,home,Fresno State,6.5,,18.282578602567146,1,,False,,0,-0.0697614089166314,WEEK5_PIT_EPA;INJURY_WEATHER_MARKET_UNVERIFIED,6.430238591083368,1,1,6.5,0.0,UNVERIFIED,UNVERIFIED_INCOMPLETE_ESPN_COVERAGE,CAPTURED,PRIOR_FCS_EXPOSURE;PRIOR_35_PLUS_BLOWOUT;QB_UNVERIFIED,sealed ATS model; immutable SplashSports lock; separate context review
401860902,San Diego State,Oregon State,43,-14.5,17.99140460770709,3.4914046077070893,home,Oregon State,-14.5,,18.287570513217833,1,,False,,0,17.99140460770709,WEEK5_PIT_EPA;INJURY_WEATHER_MARKET_UNVERIFIED,3.4914046077070893,1,1,-14.5,0.0,UNVERIFIED,UNVERIFIED_INCOMPLETE_ESPN_COVERAGE,CAPTURED,PRIOR_FCS_EXPOSURE;PRIOR_35_PLUS_BLOWOUT;QB_UNVERIFIED,sealed ATS model; immutable SplashSports lock; separate context review
401860922,Washington State,Utah State,11,-5.5,6.214772023139844,0.7147720231398438,home,Utah State,-5.5,,18.282221246111995,1,,False,,0,6.214772023139844,WEEK5_PIT_EPA;INJURY_WEATHER_MARKET_UNVERIFIED,0.7147720231398438,1,1,-5.5,0.0,UNVERIFIED,UNVERIFIED_INCOMPLETE_ESPN_COVERAGE,CAPTURED,PRIOR_FCS_EXPOSURE;PRIOR_35_PLUS_BLOWOUT;QB_UNVERIFIED,sealed ATS model; immutable SplashSports lock; separate context review
401861964,UConn,Temple,39,-3.5,1.3991764103602078,-2.100823589639792,away,UConn,3.5,,18.28229487805932,1,,False,,0,1.3991764103602078,WEEK5_PIT_EPA;INJURY_WEATHER_MARKET_UNVERIFIED,2.100823589639792,1,1,-3.5,0.0,UNVERIFIED,UNVERIFIED_INCOMPLETE_ESPN_COVERAGE,CAPTURED,PRIOR_FCS_EXPOSURE;PRIOR_35_PLUS_BLOWOUT;QB_UNVERIFIED,sealed ATS model; immutable SplashSports lock; separate context review
401862794,South Florida,UTSA,6,-7.5,3.91690706310522,-3.58309293689478,away,South Florida,7.5,,18.282092645480855,1,,False,,0,3.91690706310522,WEEK5_PIT_EPA;INJURY_WEATHER_MARKET_UNVERIFIED,3.58309293689478,1,1,-7.0,0.5,UNVERIFIED,UNVERIFIED_INCOMPLETE_ESPN_COVERAGE,DOME_WEATHER_NONFACTOR,PRIOR_FCS_EXPOSURE;PRIOR_35_PLUS_BLOWOUT;QB_UNVERIFIED,sealed ATS model; immutable SplashSports lock; separate context review
401862795,Tulane,Army,13,-3.5,7.490685370873935,3.990685370873935,home,Army,-3.5,,18.282421701409493,1,,False,,0,7.490685370873935,WEEK5_PIT_EPA;INJURY_WEATHER_MARKET_UNVERIFIED,3.990685370873935,1,1,-3.0,-0.5,UNVERIFIED,UNVERIFIED_INCOMPLETE_ESPN_COVERAGE,CAPTURED,LIMITED_FBS_SAMPLE;PRIOR_FCS_EXPOSURE;PRIOR_35_PLUS_BLOWOUT;QB_UNVERIFIED,sealed ATS model; immutable SplashSports lock; separate context review
401862796,Charlotte,North Texas,31,-28.5,17.941765498446564,-10.558234501553436,away,Charlotte,28.5,,18.287531499092132,1,,False,,0,17.941765498446564,WEEK5_PIT_EPA;INJURY_WEATHER_MARKET_UNVERIFIED,10.558234501553436,1,1,-28.5,0.0,UNVERIFIED,UNVERIFIED_INCOMPLETE_ESPN_COVERAGE,CAPTURED,PRIOR_FCS_EXPOSURE;PRIOR_35_PLUS_BLOWOUT;QB_UNVERIFIED,sealed ATS model; immutable SplashSports lock; separate context review
401862797,Rice,East Carolina,40,-9.5,11.656918021479406,2.156918021479406,home,East Carolina,-9.5,,18.28371787599722,1,,False,,0,11.656918021479406,WEEK5_PIT_EPA;INJURY_WEATHER_MARKET_UNVERIFIED,2.156918021479406,1,1,-10.0,0.5,UNVERIFIED,UNVERIFIED_INCOMPLETE_ESPN_COVERAGE,CAPTURED,LIMITED_FBS_SAMPLE;PRIOR_FCS_EXPOSURE;PRIOR_35_PLUS_BLOWOUT;QB_UNVERIFIED,sealed ATS model; immutable SplashSports lock; separate context review
401862798,UAB,Memphis,44,-14.5,6.06080290216066,-8.43919709783934,away,UAB,14.5,,18.282203287080222,1,,False,,0,6.06080290216066,WEEK5_PIT_EPA;INJURY_WEATHER_MARKET_UNVERIFIED,8.43919709783934,1,1,-14.0,0.5,UNVERIFIED,UNVERIFIED_INCOMPLETE_ESPN_COVERAGE,CAPTURED,PRIOR_FCS_EXPOSURE;PRIOR_35_PLUS_BLOWOUT;QB_UNVERIFIED;WIND_WARNING;PRECIPITATION_WARNING,sealed ATS model; immutable SplashSports lock; separate context review
401862799,Tulsa,Navy,35,-2.5,1.7216925349817225,-0.7783074650182775,away,Tulsa,2.5,,18.282248935449548,1,,False,,0,1.7216925349817225,WEEK5_PIT_EPA;INJURY_WEATHER_MARKET_UNVERIFIED,0.7783074650182775,1,1,-2.5,0.0,UNVERIFIED,UNVERIFIED_INCOMPLETE_ESPN_COVERAGE,CAPTURED,LIMITED_FBS_SAMPLE;PRIOR_FCS_EXPOSURE;PRIOR_35_PLUS_BLOWOUT;QB_UNVERIFIED,sealed ATS model; immutable SplashSports lock; separate context review
401864516,Air Force,Northern Illinois,50,7.5,-14.363473490093263,-6.863473490093263,away,Air Force,-7.5,,18.29171350393335,1,,False,,0,-14.363473490093263,WEEK5_PIT_EPA;INJURY_WEATHER_MARKET_UNVERIFIED,6.863473490093263,1,1,7.5,0.0,UNVERIFIED,UNVERIFIED_INCOMPLETE_ESPN_COVERAGE,CAPTURED,LIMITED_FBS_SAMPLE;PRIOR_FCS_EXPOSURE;PRIOR_35_PLUS_BLOWOUT;QB_UNVERIFIED,sealed ATS model; immutable SplashSports lock; separate context review
401864517,Nevada,UTEP,45,8.5,-12.315591344641398,-3.8155913446413976,away,Nevada,-8.5,,18.28969557227488,1,,False,,0,-12.315591344641398,WEEK5_PIT_EPA;INJURY_WEATHER_MARKET_UNVERIFIED,3.8155913446413976,1,1,9.5,1.0,UNVERIFIED,UNVERIFIED_INCOMPLETE_ESPN_COVERAGE,CAPTURED,LIMITED_FBS_SAMPLE;PRIOR_FCS_EXPOSURE;PRIOR_35_PLUS_BLOWOUT;QB_UNVERIFIED,sealed ATS model; immutable SplashSports lock; separate context review
401864518,North Dakota State,UNLV,48,3.5,-8.642615530110875,-5.142615530110875,away,North Dakota State,-3.5,,18.2866703073746,1,,False,,0,-8.642615530110875,WEEK5_PIT_EPA;INJURY_WEATHER_MARKET_UNVERIFIED,5.142615530110875,1,1,3.0,-0.5,UNVERIFIED,UNVERIFIED_INCOMPLETE_ESPN_COVERAGE,DOME_WEATHER_NONFACTOR,PRIOR_FCS_EXPOSURE;PRIOR_35_PLUS_BLOWOUT;QB_UNVERIFIED,sealed ATS model; immutable SplashSports lock; separate context review
401864519,Wyoming,San José State,10,-6.5,6.755472878480964,0.25547287848096367,home,San José State,-6.5,,18.28229494380549,1,,False,,0,6.755472878480964,WEEK5_PIT_EPA;INJURY_WEATHER_MARKET_UNVERIFIED,0.25547287848096367,1,1,-6.0,-0.5,UNVERIFIED,UNVERIFIED_INCOMPLETE_ESPN_COVERAGE,CAPTURED,PRIOR_FCS_EXPOSURE;QB_UNVERIFIED,sealed ATS model; immutable SplashSports lock; separate context review
401866435,Eastern Michigan,Akron,29,6.5,-5.9085188540501345,0.5914811459498655,home,Akron,6.5,,18.284913735827246,1,,False,,0,-5.9085188540501345,WEEK5_PIT_EPA;INJURY_WEATHER_MARKET_UNVERIFIED,0.5914811459498655,1,1,7.0,-0.5,UNVERIFIED,UNVERIFIED_INCOMPLETE_ESPN_COVERAGE,CAPTURED,PRIOR_FCS_EXPOSURE;PRIOR_35_PLUS_BLOWOUT;QB_UNVERIFIED,sealed ATS model; immutable SplashSports lock; separate context review
401866436,Sacramento State,Bowling Green,14,-7.5,3.5799919025861504,-3.9200080974138496,away,Sacramento State,7.5,,18.282098913159707,1,,False,,0,3.5799919025861504,WEEK5_PIT_EPA;INJURY_WEATHER_MARKET_UNVERIFIED,3.9200080974138496,1,1,-7.5,0.0,UNVERIFIED,UNVERIFIED_INCOMPLETE_ESPN_COVERAGE,CAPTURED,PRIOR_FCS_EXPOSURE;PRIOR_35_PLUS_BLOWOUT;QB_UNVERIFIED,sealed ATS model; immutable SplashSports lock; separate context review
401866437,Buffalo,Toledo,32,-20.5,16.34185594192883,-4.158144058071169,away,Buffalo,20.5,,18.286348671415496,1,,False,,0,16.34185594192883,WEEK5_PIT_EPA;INJURY_WEATHER_MARKET_UNVERIFIED,4.158144058071169,1,1,-20.5,0.0,UNVERIFIED,UNVERIFIED_INCOMPLETE_ESPN_COVERAGE,CAPTURED,LIMITED_FBS_SAMPLE;PRIOR_FCS_EXPOSURE;PRIOR_35_PLUS_BLOWOUT;QB_UNVERIFIED,sealed ATS model; immutable SplashSports lock; separate context review
401866438,Central Michigan,Ohio,28,-2.5,5.868802530688504,3.3688025306885043,home,Ohio,-2.5,,18.282182772003956,1,,False,,0,5.868802530688504,WEEK5_PIT_EPA;INJURY_WEATHER_MARKET_UNVERIFIED,3.3688025306885043,1,1,-3.0,0.5,UNVERIFIED,UNVERIFIED_INCOMPLETE_ESPN_COVERAGE,CAPTURED,PRIOR_FCS_EXPOSURE;PRIOR_35_PLUS_BLOWOUT;QB_UNVERIFIED,sealed ATS model; immutable SplashSports lock; separate context review
401866439,Kent State,Western Michigan,37,-13.5,5.612034587721783,-7.887965412278217,away,Kent State,13.5,,18.282158597699333,1,,False,,0,5.612034587721783,WEEK5_PIT_EPA;INJURY_WEATHER_MARKET_UNVERIFIED,7.887965412278217,1,1,-13.5,0.0,UNVERIFIED,UNVERIFIED_INCOMPLETE_ESPN_COVERAGE,CAPTURED,PRIOR_FCS_EXPOSURE;PRIOR_35_PLUS_BLOWOUT;QB_UNVERIFIED;WIND_WARNING,sealed ATS model; immutable SplashSports lock; separate context review
401866440,Miami (OH),Massachusetts,24,2.5,13.25417281577491,15.75417281577491,home,Massachusetts,2.5,,18.284475286430215,1,,False,,0,13.25417281577491,WEEK5_PIT_EPA;INJURY_WEATHER_MARKET_UNVERIFIED,15.75417281577491,1,1,2.5,0.0,UNVERIFIED,UNVERIFIED_INCOMPLETE_ESPN_COVERAGE,CAPTURED,LIMITED_FBS_SAMPLE;PRIOR_FCS_EXPOSURE;PRIOR_35_PLUS_BLOWOUT;QB_UNVERIFIED,sealed ATS model; immutable SplashSports lock; separate context review
401869843,Old Dominion,App State,23,-9.5,11.983921043572462,2.4839210435724617,home,App State,-9.5,,18.283861187102477,1,,False,,0,11.983921043572462,WEEK5_PIT_EPA;INJURY_WEATHER_MARKET_UNVERIFIED,2.4839210435724617,1,1,-9.5,0.0,UNVERIFIED,UNVERIFIED_INCOMPLETE_ESPN_COVERAGE,CAPTURED,LIMITED_FBS_SAMPLE;PRIOR_FCS_EXPOSURE;PRIOR_35_PLUS_BLOWOUT;QB_UNVERIFIED,sealed ATS model; immutable SplashSports lock; separate context review
401869933,South Alabama,Arkansas State,7,-1.5,2.218160663568062,0.718160663568062,home,Arkansas State,-1.5,,18.282189720428484,1,,False,,0,2.218160663568062,WEEK5_PIT_EPA;INJURY_WEATHER_MARKET_UNVERIFIED,0.718160663568062,1,1,-1.5,0.0,UNVERIFIED,UNVERIFIED_INCOMPLETE_ESPN_COVERAGE,CAPTURED,PRIOR_FCS_EXPOSURE;PRIOR_35_PLUS_BLOWOUT;QB_UNVERIFIED,sealed ATS model; immutable SplashSports lock; separate context review
401869943,Coastal Carolina,Marshall,47,-2.5,-2.6872570830540745,-5.1872570830540745,away,Coastal Carolina,2.5,,18.28338686119397,1,,False,,0,-2.6872570830540745,WEEK5_PIT_EPA;INJURY_WEATHER_MARKET_UNVERIFIED,5.1872570830540745,1,1,-3.0,-0.5,UNVERIFIED,UNVERIFIED_INCOMPLETE_ESPN_COVERAGE,CAPTURED,PRIOR_FCS_EXPOSURE;PRIOR_35_PLUS_BLOWOUT;QB_UNVERIFIED,sealed ATS model; immutable SplashSports lock; separate context review
401869949,James Madison,Georgia Southern,54,7.5,-6.933452951128739,0.5665470488712607,home,Georgia Southern,7.5,,18.285522674823028,1,,False,,0,-6.933452951128739,WEEK5_PIT_EPA;INJURY_WEATHER_MARKET_UNVERIFIED,0.5665470488712607,1,1,7.5,0.0,UNVERIFIED,UNVERIFIED_INCOMPLETE_ESPN_COVERAGE,CAPTURED,PRIOR_FCS_EXPOSURE;PRIOR_35_PLUS_BLOWOUT;QB_UNVERIFIED;WIND_WARNING;PRECIPITATION_WARNING,sealed ATS model; immutable SplashSports lock; separate context review
401869965,Louisiana,Louisiana Tech,49,-2.5,-2.6160404644701423,-5.116040464470142,away,Louisiana,2.5,,18.283359738839508,1,,False,,0,-2.6160404644701423,WEEK5_PIT_EPA;INJURY_WEATHER_MARKET_UNVERIFIED,5.116040464470142,1,1,-3.0,-0.5,UNVERIFIED,UNVERIFIED_INCOMPLETE_ESPN_COVERAGE,CAPTURED,LIMITED_FBS_SAMPLE;PRIOR_FCS_EXPOSURE;PRIOR_35_PLUS_BLOWOUT;QB_UNVERIFIED,sealed ATS model; immutable SplashSports lock; separate context review
401870766,Sam Houston,Liberty,4,-13.5,9.271091856055268,-4.228908143944732,away,Sam Houston,13.5,,18.28285540996429,1,2,True,,0,9.271091856055268,WEEK5_PIT_EPA;INJURY_WEATHER_MARKET_UNVERIFIED,4.228908143944732,1,1,-13.5,0.0,UNVERIFIED,UNVERIFIED_INCOMPLETE_ESPN_COVERAGE,CAPTURED,LIMITED_FBS_SAMPLE;PRIOR_FCS_EXPOSURE;PRIOR_35_PLUS_BLOWOUT;QB_UNVERIFIED,sealed ATS model; immutable SplashSports lock; separate context review
401871051,Jacksonville State,Kennesaw State,2,2.5,-4.460314139159772,-1.960314139159772,away,Jacksonville State,-2.5,,18.2841546409258,1,4,True,,0,-4.460314139159772,WEEK5_PIT_EPA;INJURY_WEATHER_MARKET_UNVERIFIED,1.960314139159772,1,1,3.0,0.5,UNVERIFIED,UNVERIFIED_INCOMPLETE_ESPN_COVERAGE,CAPTURED,LIMITED_FBS_SAMPLE;PRIOR_FCS_EXPOSURE;PRIOR_35_PLUS_BLOWOUT;QB_UNVERIFIED,sealed ATS model; immutable SplashSports lock; separate context review
401871052,Missouri State,Western Kentucky,5,-2.5,-5.2801750903481,-7.7801750903481,away,Missouri State,2.5,,18.284569807592373,1,1,True,,0,-5.2801750903481,WEEK5_PIT_EPA;INJURY_WEATHER_MARKET_UNVERIFIED,7.7801750903481,1,1,-2.5,0.0,UNVERIFIED,UNVERIFIED_INCOMPLETE_ESPN_COVERAGE,CAPTURED,LIMITED_FBS_SAMPLE;PRIOR_FCS_EXPOSURE;PRIOR_35_PLUS_BLOWOUT;QB_UNVERIFIED,sealed ATS model; immutable SplashSports lock; separate context review
401871066,New Mexico State,Florida International,3,-6.5,6.127404865765188,-0.37259513423481216,away,New Mexico State,6.5,,18.282210890885995,1,3,True,,0,6.127404865765188,WEEK5_PIT_EPA;INJURY_WEATHER_MARKET_UNVERIFIED,0.37259513423481216,1,1,-6.5,0.0,UNVERIFIED,UNVERIFIED_INCOMPLETE_ESPN_COVERAGE,CAPTURED,LIMITED_FBS_SAMPLE;PRIOR_FCS_EXPOSURE;PRIOR_35_PLUS_BLOWOUT;QB_UNVERIFIED,sealed ATS model; immutable SplashSports lock; separate context review
401871090,Southern Miss,Troy,1,-10.5,6.195114812608306,-4.304885187391694,away,Southern Miss,10.5,,18.282218878565146,1,5,True,,0,6.195114812608306,WEEK5_PIT_EPA;INJURY_WEATHER_MARKET_UNVERIFIED,4.304885187391694,1,1,-10.0,0.5,UNVERIFIED,UNVERIFIED_INCOMPLETE_ESPN_COVERAGE,CAPTURED,LIMITED_FBS_SAMPLE;PRIOR_FCS_EXPOSURE;PRIOR_35_PLUS_BLOWOUT;QB_UNVERIFIED,sealed ATS model; immutable SplashSports lock; separate context review
