game_id,away,home,locked_line_id,locked_total,projected_total,raw_point_edge,pick,uncertainty_points,raw_selected_probability,probability_status,confidence,data_quality,skip_reason,projected_home_points,projected_away_points,raw_over_probability,calibrated_over_probability,selected_probability,reliability_policy_version,current_market_total,selected_direction_lock_advantage,sample_quality_warning,status,provenance
401856712,Georgia,Alabama,51,54.5,52.68795264098825,-1.8120473590117498,under,16.730319957460992,0.543124782487852,UNCALIBRATED_NORMAL_SHADOW,1,WEEK5_PIT_EPA;INJURY_WEATHER_MARKET_UNVERIFIED,,27.845997544933546,24.841955096054704,0.45687521751214805,0.456875217512148,0.543124782487852,total-reliability-v1,52.5,2.0,PRIOR_FCS_EXPOSURE;PRIOR_35_PLUS_BLOWOUT;QB_UNVERIFIED;WIND_WARNING;PRECIPITATION_WARNING,SHADOW_NOT_PRODUCTION_ELIGIBLE,sealed totals component model; immutable SplashSports lock; separate context review
401856713,Tennessee,Arkansas,41,50.5,46.73117372677452,-3.7688262732254785,under,16.730319957460992,0.5891150818070003,UNCALIBRATED_NORMAL_SHADOW,2,WEEK5_PIT_EPA;INJURY_WEATHER_MARKET_UNVERIFIED,,16.714998222588584,30.016175504185938,0.41088491819299966,0.4108849181929997,0.5891150818070003,total-reliability-v1,51.5,-1.0,PRIOR_FCS_EXPOSURE;PRIOR_35_PLUS_BLOWOUT;QB_UNVERIFIED,SHADOW_NOT_PRODUCTION_ELIGIBLE,sealed totals component model; immutable SplashSports lock; separate context review
401856714,South Carolina,Florida,22,61.5,56.08591415820027,-5.414085841799732,under,16.730319957460992,0.6268830477585916,UNCALIBRATED_NORMAL_SHADOW,3,WEEK5_PIT_EPA;INJURY_WEATHER_MARKET_UNVERIFIED,,34.962508355792096,21.123405802408172,0.3731169522414085,0.37311695224140845,0.6268830477585916,total-reliability-v1,61.5,0.0,PRIOR_FCS_EXPOSURE;PRIOR_35_PLUS_BLOWOUT;QB_UNVERIFIED;PRECIPITATION_WARNING,SHADOW_NOT_PRODUCTION_ELIGIBLE,sealed totals component model; immutable SplashSports lock; separate context review
401856715,LSU,Kentucky,46,54.5,49.26157522263644,-5.238424777363562,under,16.730319957460992,0.6229013245177961,UNCALIBRATED_NORMAL_SHADOW,3,WEEK5_PIT_EPA;INJURY_WEATHER_MARKET_UNVERIFIED,,23.39187136782708,25.869703854809362,0.37709867548220394,0.37709867548220394,0.6229013245177961,total-reliability-v1,52.5,2.0,PRIOR_FCS_EXPOSURE;PRIOR_35_PLUS_BLOWOUT;QB_UNVERIFIED,SHADOW_NOT_PRODUCTION_ELIGIBLE,sealed totals component model; immutable SplashSports lock; separate context review
401856716,Texas A&M,Missouri,16,48.5,47.92653881692587,-0.5734611830741301,under,16.730319957460992,0.5136717720989991,UNCALIBRATED_NORMAL_SHADOW,1,WEEK5_PIT_EPA;INJURY_WEATHER_MARKET_UNVERIFIED,,30.36140395381117,17.565134863114697,0.48632822790100094,0.48632822790100094,0.5136717720989991,total-reliability-v1,48.5,0.0,PRIOR_FCS_EXPOSURE;PRIOR_35_PLUS_BLOWOUT;QB_UNVERIFIED,SHADOW_NOT_PRODUCTION_ELIGIBLE,sealed totals component model; immutable SplashSports lock; separate context review
401856717,Texas,Oklahoma,36,39.5,37.319567969869595,-2.1804320301304045,under,16.730319957460992,0.5518466042515022,UNCALIBRATED_NORMAL_SHADOW,2,WEEK5_PIT_EPA;INJURY_WEATHER_MARKET_UNVERIFIED,,20.75000469600493,16.56956327386467,0.4481533957484979,0.44815339574849783,0.5518466042515022,total-reliability-v1,39.5,0.0,PRIOR_35_PLUS_BLOWOUT;QB_UNVERIFIED,SHADOW_NOT_PRODUCTION_ELIGIBLE,sealed totals component model; immutable SplashSports lock; separate context review
401856718,Ole Miss,Vanderbilt,33,58.5,53.09345083114082,-5.406549168859179,under,16.730319957460992,0.626712487897177,UNCALIBRATED_NORMAL_SHADOW,3,WEEK5_PIT_EPA;INJURY_WEATHER_MARKET_UNVERIFIED,,28.658596060391467,24.434854770749354,0.37328751210282285,0.3732875121028229,0.626712487897177,total-reliability-v1,58.5,0.0,PRIOR_FCS_EXPOSURE;QB_UNVERIFIED,SHADOW_NOT_PRODUCTION_ELIGIBLE,sealed totals component model; immutable SplashSports lock; separate context review
401856808,Hawai'i,Arizona State,58,51.5,49.23908896218599,-2.2609110378140116,under,16.730319957460992,0.5537488310217817,UNCALIBRATED_NORMAL_SHADOW,2,WEEK5_PIT_EPA;INJURY_WEATHER_MARKET_UNVERIFIED,,26.84874183233373,22.39034712985226,0.4462511689782183,0.44625116897821826,0.5537488310217817,total-reliability-v1,49.5,2.0,LIMITED_FBS_SAMPLE;PRIOR_FCS_EXPOSURE;PRIOR_35_PLUS_BLOWOUT;QB_UNVERIFIED,SHADOW_NOT_PRODUCTION_ELIGIBLE,sealed totals component model; immutable SplashSports lock; separate context review
401856823,Arizona,West Virginia,20,61.5,54.0259154168333,-7.4740845831667,under,16.730319957460992,0.6724682009565962,UNCALIBRATED_NORMAL_SHADOW,3,WEEK5_PIT_EPA;INJURY_WEATHER_MARKET_UNVERIFIED,,24.675805909855168,29.350109506978136,0.3275317990434038,0.3275317990434038,0.6724682009565962,total-reliability-v1,61.5,0.0,PRIOR_FCS_EXPOSURE;PRIOR_35_PLUS_BLOWOUT;QB_UNVERIFIED,SHADOW_NOT_PRODUCTION_ELIGIBLE,sealed totals component model; immutable SplashSports lock; separate context review
401856824,UCF,Oklahoma State,19,53.5,43.762849676474374,-9.737150323525626,under,16.730319957460992,0.719718755302035,UNCALIBRATED_NORMAL_SHADOW,4,WEEK5_PIT_EPA;INJURY_WEATHER_MARKET_UNVERIFIED,,25.245764758371656,18.51708491810272,0.28028124469796506,0.280281244697965,0.719718755302035,total-reliability-v1,52.5,1.0,LIMITED_FBS_SAMPLE;PRIOR_FCS_EXPOSURE;PRIOR_35_PLUS_BLOWOUT;QB_UNVERIFIED,SHADOW_NOT_PRODUCTION_ELIGIBLE,sealed totals component model; immutable SplashSports lock; separate context review
401856825,Houston,Kansas State,25,55.5,53.5361443295137,-1.9638556704863035,under,16.730319957460992,0.5467217348985588,UNCALIBRATED_NORMAL_SHADOW,1,WEEK5_PIT_EPA;INJURY_WEATHER_MARKET_UNVERIFIED,,30.153916581127113,23.382227748386583,0.4532782651014412,0.4532782651014412,0.5467217348985588,total-reliability-v1,55.5,0.0,LIMITED_FBS_SAMPLE;PRIOR_FCS_EXPOSURE;PRIOR_35_PLUS_BLOWOUT;QB_UNVERIFIED;WIND_WARNING,SHADOW_NOT_PRODUCTION_ELIGIBLE,sealed totals component model; immutable SplashSports lock; separate context review
401856826,Iowa State,BYU,12,46.5,51.52397063526205,5.023970635262053,over,16.730319957460992,0.6180225408100269,UNCALIBRATED_NORMAL_SHADOW,3,WEEK5_PIT_EPA;INJURY_WEATHER_MARKET_UNVERIFIED,,34.54505187439332,16.97891876086873,0.6180225408100269,0.6180225408100269,0.6180225408100269,total-reliability-v1,46.5,0.0,LIMITED_FBS_SAMPLE;PRIOR_FCS_EXPOSURE;PRIOR_35_PLUS_BLOWOUT;QB_UNVERIFIED,SHADOW_NOT_PRODUCTION_ELIGIBLE,sealed totals component model; immutable SplashSports lock; separate context review
401856827,Kansas,Utah,56,51.5,49.93277827296465,-1.5672217270353528,under,16.730319957460992,0.5373165487672698,UNCALIBRATED_NORMAL_SHADOW,1,WEEK5_PIT_EPA;INJURY_WEATHER_MARKET_UNVERIFIED,,30.14985135483482,19.782926918129828,0.46268345123273025,0.4626834512327302,0.5373165487672698,total-reliability-v1,51.5,0.0,LIMITED_FBS_SAMPLE;PRIOR_FCS_EXPOSURE;PRIOR_35_PLUS_BLOWOUT;MARKET_MISSING;QB_UNVERIFIED;PRECIPITATION_WARNING,SHADOW_NOT_PRODUCTION_ELIGIBLE,sealed totals component model; immutable SplashSports lock; separate context review
401858254,Florida State,Louisville,8,58.5,58.66978501217738,0.1697850121773783,over,16.730319957460992,0.5040485332903303,UNCALIBRATED_NORMAL_SHADOW,1,WEEK5_PIT_EPA;INJURY_WEATHER_MARKET_UNVERIFIED,,32.553427864947324,26.116357147230055,0.5040485332903303,0.5040485332903303,0.5040485332903303,total-reliability-v1,59.5,1.0,PRIOR_FCS_EXPOSURE;PRIOR_35_PLUS_BLOWOUT;QB_UNVERIFIED,SHADOW_NOT_PRODUCTION_ELIGIBLE,sealed totals component model; immutable SplashSports lock; separate context review
401858255,Duke,Georgia Tech,30,48.5,52.523231890106096,4.023231890106096,over,16.730319957460992,0.5950191690102877,UNCALIBRATED_NORMAL_SHADOW,2,WEEK5_PIT_EPA;INJURY_WEATHER_MARKET_UNVERIFIED,,22.887847794180495,29.635384095925602,0.5950191690102877,0.5950191690102877,0.5950191690102877,total-reliability-v1,48.5,0.0,LIMITED_FBS_SAMPLE;PRIOR_FCS_EXPOSURE;PRIOR_35_PLUS_BLOWOUT;QB_UNVERIFIED;WIND_WARNING;PRECIPITATION_WARNING,SHADOW_NOT_PRODUCTION_ELIGIBLE,sealed totals component model; immutable SplashSports lock; separate context review
401858256,North Carolina,Pittsburgh,17,47.5,48.38549865714967,0.8854986571496681,over,16.730319957460992,0.5211052740350498,UNCALIBRATED_NORMAL_SHADOW,1,WEEK5_PIT_EPA;INJURY_WEATHER_MARKET_UNVERIFIED,,30.000820829252817,18.384677827896848,0.5211052740350498,0.5211052740350498,0.5211052740350498,total-reliability-v1,47.5,0.0,LIMITED_FBS_SAMPLE;PRIOR_FCS_EXPOSURE;PRIOR_35_PLUS_BLOWOUT;QB_UNVERIFIED,SHADOW_NOT_PRODUCTION_ELIGIBLE,sealed totals component model; immutable SplashSports lock; separate context review
401858257,Stanford,Notre Dame,26,53.5,54.910125893527436,1.410125893527436,over,16.730319957460992,0.5335853393072396,UNCALIBRATED_NORMAL_SHADOW,1,WEEK5_PIT_EPA;INJURY_WEATHER_MARKET_UNVERIFIED,,40.222125141926085,14.688000751601347,0.5335853393072396,0.5335853393072396,0.5335853393072396,total-reliability-v1,54.5,1.0,PRIOR_35_PLUS_BLOWOUT;QB_UNVERIFIED,SHADOW_NOT_PRODUCTION_ELIGIBLE,sealed totals component model; immutable SplashSports lock; separate context review
401858258,Syracuse,Virginia,53,50.5,49.402850381558196,-1.0971496184418044,under,16.730319957460992,0.5261433044916155,UNCALIBRATED_NORMAL_SHADOW,1,WEEK5_PIT_EPA;INJURY_WEATHER_MARKET_UNVERIFIED,,28.820091142806696,20.582759238751503,0.4738566955083846,0.47385669550838455,0.5261433044916155,total-reliability-v1,49.5,1.0,LIMITED_FBS_SAMPLE;PRIOR_FCS_EXPOSURE;PRIOR_35_PLUS_BLOWOUT;QB_UNVERIFIED,SHADOW_NOT_PRODUCTION_ELIGIBLE,sealed totals component model; immutable SplashSports lock; separate context review
401858259,Virginia Tech,California,27,53.5,47.32013377448676,-6.179866225513237,under,16.730319957460992,0.6440782080673573,UNCALIBRATED_NORMAL_SHADOW,3,WEEK5_PIT_EPA;INJURY_WEATHER_MARKET_UNVERIFIED,,20.994500717574265,26.325633056912498,0.35592179193264273,0.35592179193264273,0.6440782080673573,total-reliability-v1,53.5,0.0,PRIOR_FCS_EXPOSURE;PRIOR_35_PLUS_BLOWOUT;QB_UNVERIFIED,SHADOW_NOT_PRODUCTION_ELIGIBLE,sealed totals component model; immutable SplashSports lock; separate context review
401858260,Wake Forest,NC State,15,59.5,57.31632669928226,-2.183673300717743,under,16.730319957460992,0.5519232392727349,UNCALIBRATED_NORMAL_SHADOW,2,WEEK5_PIT_EPA;INJURY_WEATHER_MARKET_UNVERIFIED,,27.62519763035035,29.691129068931904,0.44807676072726504,0.44807676072726504,0.5519232392727349,total-reliability-v1,59.5,0.0,PRIOR_FCS_EXPOSURE;PRIOR_35_PLUS_BLOWOUT;QB_UNVERIFIED,SHADOW_NOT_PRODUCTION_ELIGIBLE,sealed totals component model; immutable SplashSports lock; separate context review
401858480,Illinois,Michigan State,34,49.5,52.42792466901628,2.927924669016278,over,16.730319957460992,0.5694629700987877,UNCALIBRATED_NORMAL_SHADOW,2,WEEK5_PIT_EPA;INJURY_WEATHER_MARKET_UNVERIFIED,,23.68041204346235,28.74751262555393,0.5694629700987877,0.5694629700987877,0.5694629700987877,total-reliability-v1,47.5,-2.0,PRIOR_FCS_EXPOSURE;PRIOR_35_PLUS_BLOWOUT;QB_UNVERIFIED;WIND_WARNING,SHADOW_NOT_PRODUCTION_ELIGIBLE,sealed totals component model; immutable SplashSports lock; separate context review
401858481,Indiana,Nebraska,18,51.5,54.657879957917714,3.1578799579177144,over,16.730319957460992,0.5748563703624711,UNCALIBRATED_NORMAL_SHADOW,2,WEEK5_PIT_EPA;INJURY_WEATHER_MARKET_UNVERIFIED,,29.35496807518848,25.30291188272923,0.5748563703624711,0.5748563703624711,0.5748563703624711,total-reliability-v1,51.5,0.0,PRIOR_FCS_EXPOSURE;PRIOR_35_PLUS_BLOWOUT;QB_UNVERIFIED;WIND_WARNING,SHADOW_NOT_PRODUCTION_ELIGIBLE,sealed totals component model; immutable SplashSports lock; separate context review
401858482,Ball State,Northwestern,21,52.5,54.953148696181586,2.453148696181586,over,16.730319957460992,0.5582875360405344,UNCALIBRATED_NORMAL_SHADOW,2,WEEK5_PIT_EPA;INJURY_WEATHER_MARKET_UNVERIFIED,,36.603434167589285,18.349714528592305,0.5582875360405344,0.5582875360405344,0.5582875360405344,total-reliability-v1,52.5,0.0,LIMITED_FBS_SAMPLE;PRIOR_FCS_EXPOSURE;PRIOR_35_PLUS_BLOWOUT;QB_UNVERIFIED;WIND_WARNING,SHADOW_NOT_PRODUCTION_ELIGIBLE,sealed totals component model; immutable SplashSports lock; separate context review
401858483,Maryland,Ohio State,42,56.5,50.63391807988857,-5.8660819201114265,under,16.730319957460992,0.6370654531140343,UNCALIBRATED_NORMAL_SHADOW,3,WEEK5_PIT_EPA;INJURY_WEATHER_MARKET_UNVERIFIED,,35.317581723867676,15.3163363560209,0.36293454688596577,0.36293454688596577,0.6370654531140343,total-reliability-v1,56.5,0.0,PRIOR_FCS_EXPOSURE;PRIOR_35_PLUS_BLOWOUT;QB_UNVERIFIED,SHADOW_NOT_PRODUCTION_ELIGIBLE,sealed totals component model; immutable SplashSports lock; separate context review
401858484,UCLA,Oregon,38,59.5,51.954885408628265,-7.5451145913717355,under,16.730319957460992,0.6739996314481466,UNCALIBRATED_NORMAL_SHADOW,3,WEEK5_PIT_EPA;INJURY_WEATHER_MARKET_UNVERIFIED,,26.19757453934539,25.757310869282875,0.32600036855185344,0.32600036855185344,0.6739996314481466,total-reliability-v1,58.5,1.0,LIMITED_FBS_SAMPLE;PRIOR_FCS_EXPOSURE;PRIOR_35_PLUS_BLOWOUT;QB_UNVERIFIED,SHADOW_NOT_PRODUCTION_ELIGIBLE,sealed totals component model; immutable SplashSports lock; separate context review
401858485,USC,Penn State,52,54.5,53.565495856979695,-0.9345041430203054,under,16.730319957460992,0.5222721049513848,UNCALIBRATED_NORMAL_SHADOW,1,WEEK5_PIT_EPA;INJURY_WEATHER_MARKET_UNVERIFIED,,29.41688799630004,24.148607860679657,0.47772789504861524,0.4777278950486153,0.5222721049513848,total-reliability-v1,54.5,0.0,PRIOR_35_PLUS_BLOWOUT;QB_UNVERIFIED,SHADOW_NOT_PRODUCTION_ELIGIBLE,sealed totals component model; immutable SplashSports lock; separate context review
401858486,Minnesota,Purdue,55,50.5,53.10590883267895,2.6059088326789492,over,16.730319957460992,0.5618887627240395,UNCALIBRATED_NORMAL_SHADOW,2,WEEK5_PIT_EPA;INJURY_WEATHER_MARKET_UNVERIFIED,,27.346803309889737,25.759105522789213,0.5618887627240395,0.5618887627240395,0.5618887627240395,total-reliability-v1,50.5,0.0,PRIOR_FCS_EXPOSURE;PRIOR_35_PLUS_BLOWOUT;QB_UNVERIFIED,SHADOW_NOT_PRODUCTION_ELIGIBLE,sealed totals component model; immutable SplashSports lock; separate context review
401858487,Iowa,Washington,9,41.5,45.983231471523126,4.483231471523126,over,16.730319957460992,0.605638970079324,UNCALIBRATED_NORMAL_SHADOW,3,WEEK5_PIT_EPA;INJURY_WEATHER_MARKET_UNVERIFIED,,26.40105516639952,19.582176305123603,0.605638970079324,0.605638970079324,0.605638970079324,total-reliability-v1,41.5,0.0,PRIOR_FCS_EXPOSURE;PRIOR_35_PLUS_BLOWOUT;QB_UNVERIFIED,SHADOW_NOT_PRODUCTION_ELIGIBLE,sealed totals component model; immutable SplashSports lock; separate context review
401860901,Boise State,Fresno State,57,48.5,47.383010894567605,-1.1169891054323955,under,16.730319957460992,0.5266153516829906,UNCALIBRATED_NORMAL_SHADOW,1,WEEK5_PIT_EPA;INJURY_WEATHER_MARKET_UNVERIFIED,,24.373856835756417,23.00915405881119,0.4733846483170094,0.4733846483170095,0.5266153516829906,total-reliability-v1,48.5,0.0,PRIOR_FCS_EXPOSURE;PRIOR_35_PLUS_BLOWOUT;QB_UNVERIFIED,SHADOW_NOT_PRODUCTION_ELIGIBLE,sealed totals component model; immutable SplashSports lock; separate context review
401860902,San Diego State,Oregon State,43,55.5,49.73767162354638,-5.762328376453617,under,16.730319957460992,0.6347363834428434,UNCALIBRATED_NORMAL_SHADOW,3,WEEK5_PIT_EPA;INJURY_WEATHER_MARKET_UNVERIFIED,,33.97590875352652,15.761762870019863,0.36526361655715656,0.3652636165571566,0.6347363834428434,total-reliability-v1,53.5,2.0,PRIOR_FCS_EXPOSURE;PRIOR_35_PLUS_BLOWOUT;QB_UNVERIFIED,SHADOW_NOT_PRODUCTION_ELIGIBLE,sealed totals component model; immutable SplashSports lock; separate context review
401860922,Washington State,Utah State,11,43.5,41.892621083964144,-1.6073789160358558,under,16.730319957460992,0.5382698154026476,UNCALIBRATED_NORMAL_SHADOW,1,WEEK5_PIT_EPA;INJURY_WEATHER_MARKET_UNVERIFIED,,23.957432013556016,17.935189070408125,0.4617301845973524,0.4617301845973524,0.5382698154026476,total-reliability-v1,44.5,-1.0,PRIOR_FCS_EXPOSURE;PRIOR_35_PLUS_BLOWOUT;QB_UNVERIFIED,SHADOW_NOT_PRODUCTION_ELIGIBLE,sealed totals component model; immutable SplashSports lock; separate context review
401861964,UConn,Temple,39,54.5,53.53232113218358,-0.9676788678164172,under,16.730319957460992,0.5230618943758907,UNCALIBRATED_NORMAL_SHADOW,1,WEEK5_PIT_EPA;INJURY_WEATHER_MARKET_UNVERIFIED,,27.557833159341723,25.974487972841857,0.4769381056241094,0.4769381056241093,0.5230618943758907,total-reliability-v1,54.5,0.0,PRIOR_FCS_EXPOSURE;PRIOR_35_PLUS_BLOWOUT;QB_UNVERIFIED,SHADOW_NOT_PRODUCTION_ELIGIBLE,sealed totals component model; immutable SplashSports lock; separate context review
401862794,South Florida,UTSA,6,50.5,48.6072661602412,-1.8927338397587974,under,16.730319957460992,0.5450370302401979,UNCALIBRATED_NORMAL_SHADOW,1,WEEK5_PIT_EPA;INJURY_WEATHER_MARKET_UNVERIFIED,,26.764043746221045,21.843222414020158,0.45496296975980205,0.45496296975980205,0.5450370302401979,total-reliability-v1,49.5,1.0,PRIOR_FCS_EXPOSURE;PRIOR_35_PLUS_BLOWOUT;QB_UNVERIFIED,SHADOW_NOT_PRODUCTION_ELIGIBLE,sealed totals component model; immutable SplashSports lock; separate context review
401862795,Tulane,Army,13,47.5,57.00731259647176,9.507312596471763,over,16.730319957460992,0.7150736426744262,UNCALIBRATED_NORMAL_SHADOW,4,WEEK5_PIT_EPA;INJURY_WEATHER_MARKET_UNVERIFIED,,31.986953041240273,25.020359555231487,0.7150736426744262,0.7150736426744262,0.7150736426744262,total-reliability-v1,48.5,1.0,LIMITED_FBS_SAMPLE;PRIOR_FCS_EXPOSURE;PRIOR_35_PLUS_BLOWOUT;QB_UNVERIFIED,SHADOW_NOT_PRODUCTION_ELIGIBLE,sealed totals component model; immutable SplashSports lock; separate context review
401862796,Charlotte,North Texas,31,58.5,52.766376592328854,-5.733623407671146,under,16.730319957460992,0.6340911286305662,UNCALIBRATED_NORMAL_SHADOW,3,WEEK5_PIT_EPA;INJURY_WEATHER_MARKET_UNVERIFIED,,35.148870039294316,17.61750655303454,0.36590887136943384,0.36590887136943384,0.6340911286305662,total-reliability-v1,57.5,1.0,PRIOR_FCS_EXPOSURE;PRIOR_35_PLUS_BLOWOUT;QB_UNVERIFIED,SHADOW_NOT_PRODUCTION_ELIGIBLE,sealed totals component model; immutable SplashSports lock; separate context review
401862797,Rice,East Carolina,40,48.5,46.91359287499222,-1.5864071250077814,under,16.730319957460992,0.5377720061226461,UNCALIBRATED_NORMAL_SHADOW,1,WEEK5_PIT_EPA;INJURY_WEATHER_MARKET_UNVERIFIED,,29.45703127553003,17.45656159946219,0.46222799387735386,0.46222799387735386,0.5377720061226461,total-reliability-v1,47.5,1.0,LIMITED_FBS_SAMPLE;PRIOR_FCS_EXPOSURE;PRIOR_35_PLUS_BLOWOUT;QB_UNVERIFIED,SHADOW_NOT_PRODUCTION_ELIGIBLE,sealed totals component model; immutable SplashSports lock; separate context review
401862798,UAB,Memphis,44,56.5,51.99437418821479,-4.505625811785208,under,16.730319957460992,0.6061540482333962,UNCALIBRATED_NORMAL_SHADOW,3,WEEK5_PIT_EPA;INJURY_WEATHER_MARKET_UNVERIFIED,,29.296770585980813,22.697603602233976,0.39384595176660375,0.39384595176660375,0.6061540482333962,total-reliability-v1,57.5,-1.0,PRIOR_FCS_EXPOSURE;PRIOR_35_PLUS_BLOWOUT;QB_UNVERIFIED;WIND_WARNING;PRECIPITATION_WARNING,SHADOW_NOT_PRODUCTION_ELIGIBLE,sealed totals component model; immutable SplashSports lock; separate context review
401862799,Tulsa,Navy,35,48.5,48.24446043452073,-0.2555395654792676,under,16.730319957460992,0.506093223169906,UNCALIBRATED_NORMAL_SHADOW,1,WEEK5_PIT_EPA;INJURY_WEATHER_MARKET_UNVERIFIED,,25.373848228167823,22.870612206352906,0.4939067768300941,0.49390677683009404,0.506093223169906,total-reliability-v1,48.5,0.0,LIMITED_FBS_SAMPLE;PRIOR_FCS_EXPOSURE;PRIOR_35_PLUS_BLOWOUT;QB_UNVERIFIED,SHADOW_NOT_PRODUCTION_ELIGIBLE,sealed totals component model; immutable SplashSports lock; separate context review
401864516,Air Force,Northern Illinois,50,46.5,47.746841040133326,1.2468410401333259,over,16.730319957460992,0.5297040069340998,UNCALIBRATED_NORMAL_SHADOW,1,WEEK5_PIT_EPA;INJURY_WEATHER_MARKET_UNVERIFIED,,16.518363622365968,31.22847741776736,0.5297040069340998,0.5297040069340998,0.5297040069340998,total-reliability-v1,46.5,0.0,LIMITED_FBS_SAMPLE;PRIOR_FCS_EXPOSURE;PRIOR_35_PLUS_BLOWOUT;QB_UNVERIFIED,SHADOW_NOT_PRODUCTION_ELIGIBLE,sealed totals component model; immutable SplashSports lock; separate context review
401864517,Nevada,UTEP,45,49.5,47.293715428672684,-2.2062845713273163,under,16.730319957460992,0.5524577950606642,UNCALIBRATED_NORMAL_SHADOW,2,WEEK5_PIT_EPA;INJURY_WEATHER_MARKET_UNVERIFIED,,16.837477208408448,30.456238220264233,0.4475422049393359,0.44754220493933583,0.5524577950606642,total-reliability-v1,49.5,0.0,LIMITED_FBS_SAMPLE;PRIOR_FCS_EXPOSURE;PRIOR_35_PLUS_BLOWOUT;QB_UNVERIFIED,SHADOW_NOT_PRODUCTION_ELIGIBLE,sealed totals component model; immutable SplashSports lock; separate context review
401864518,North Dakota State,UNLV,48,48.5,44.031804645521966,-4.468195354478034,under,16.730319957460992,0.6052930300555188,UNCALIBRATED_NORMAL_SHADOW,3,WEEK5_PIT_EPA;INJURY_WEATHER_MARKET_UNVERIFIED,,18.586812530479055,25.44499211504291,0.39470696994448107,0.3947069699444811,0.6052930300555188,total-reliability-v1,47.5,1.0,PRIOR_FCS_EXPOSURE;PRIOR_35_PLUS_BLOWOUT;QB_UNVERIFIED,SHADOW_NOT_PRODUCTION_ELIGIBLE,sealed totals component model; immutable SplashSports lock; separate context review
401864519,Wyoming,San José State,10,43.5,48.01641802983423,4.516418029834227,over,16.730319957460992,0.6064022070250135,UNCALIBRATED_NORMAL_SHADOW,3,WEEK5_PIT_EPA;INJURY_WEATHER_MARKET_UNVERIFIED,,27.424452794316384,20.591965235517847,0.6064022070250135,0.6064022070250135,0.6064022070250135,total-reliability-v1,43.5,0.0,PRIOR_FCS_EXPOSURE;QB_UNVERIFIED,SHADOW_NOT_PRODUCTION_ELIGIBLE,sealed totals component model; immutable SplashSports lock; separate context review
401866435,Eastern Michigan,Akron,29,52.5,49.337423444734,-3.162576555266,under,16.730319957460992,0.5749663826687348,UNCALIBRATED_NORMAL_SHADOW,2,WEEK5_PIT_EPA;INJURY_WEATHER_MARKET_UNVERIFIED,,21.404634504398434,27.932788940335563,0.42503361733126516,0.42503361733126527,0.5749663826687348,total-reliability-v1,51.5,1.0,PRIOR_FCS_EXPOSURE;PRIOR_35_PLUS_BLOWOUT;QB_UNVERIFIED,SHADOW_NOT_PRODUCTION_ELIGIBLE,sealed totals component model; immutable SplashSports lock; separate context review
401866436,Sacramento State,Bowling Green,14,44.5,42.8164587244516,-1.6835412755484,under,16.730319957460992,0.5400771782403142,UNCALIBRATED_NORMAL_SHADOW,1,WEEK5_PIT_EPA;INJURY_WEATHER_MARKET_UNVERIFIED,,22.879756407542995,19.936702316908605,0.4599228217596859,0.45992282175968585,0.5400771782403142,total-reliability-v1,44.5,0.0,PRIOR_FCS_EXPOSURE;PRIOR_35_PLUS_BLOWOUT;QB_UNVERIFIED,SHADOW_NOT_PRODUCTION_ELIGIBLE,sealed totals component model; immutable SplashSports lock; separate context review
401866437,Buffalo,Toledo,32,54.5,48.94406711777361,-5.5559328822263865,under,16.730319957460992,0.6300884678317894,UNCALIBRATED_NORMAL_SHADOW,3,WEEK5_PIT_EPA;INJURY_WEATHER_MARKET_UNVERIFIED,,32.94143687093148,16.00263024684213,0.3699115321682106,0.3699115321682106,0.6300884678317894,total-reliability-v1,54.5,0.0,LIMITED_FBS_SAMPLE;PRIOR_FCS_EXPOSURE;PRIOR_35_PLUS_BLOWOUT;QB_UNVERIFIED,SHADOW_NOT_PRODUCTION_ELIGIBLE,sealed totals component model; immutable SplashSports lock; separate context review
401866438,Central Michigan,Ohio,28,46.5,53.48840584150954,6.98840584150954,over,16.730319957460992,0.6619200679727323,UNCALIBRATED_NORMAL_SHADOW,3,WEEK5_PIT_EPA;INJURY_WEATHER_MARKET_UNVERIFIED,,29.377757538361358,24.11064830314818,0.6619200679727323,0.6619200679727323,0.6619200679727323,total-reliability-v1,46.5,0.0,PRIOR_FCS_EXPOSURE;PRIOR_35_PLUS_BLOWOUT;QB_UNVERIFIED,SHADOW_NOT_PRODUCTION_ELIGIBLE,sealed totals component model; immutable SplashSports lock; separate context review
401866439,Kent State,Western Michigan,37,43.5,46.826370049403174,3.326370049403174,over,16.730319957460992,0.5787993430493532,UNCALIBRATED_NORMAL_SHADOW,2,WEEK5_PIT_EPA;INJURY_WEATHER_MARKET_UNVERIFIED,,26.33817992104021,20.488190128362962,0.5787993430493532,0.5787993430493532,0.5787993430493532,total-reliability-v1,43.5,0.0,PRIOR_FCS_EXPOSURE;PRIOR_35_PLUS_BLOWOUT;QB_UNVERIFIED;WIND_WARNING,SHADOW_NOT_PRODUCTION_ELIGIBLE,sealed totals component model; immutable SplashSports lock; separate context review
401866440,Miami (OH),Massachusetts,24,46.5,51.5919450990075,5.0919450990075035,over,16.730319957460992,0.6195710160854779,UNCALIBRATED_NORMAL_SHADOW,3,WEEK5_PIT_EPA;INJURY_WEATHER_MARKET_UNVERIFIED,,32.86916615165304,18.722778947354467,0.6195710160854779,0.6195710160854779,0.6195710160854779,total-reliability-v1,47.5,1.0,LIMITED_FBS_SAMPLE;PRIOR_FCS_EXPOSURE;PRIOR_35_PLUS_BLOWOUT;QB_UNVERIFIED,SHADOW_NOT_PRODUCTION_ELIGIBLE,sealed totals component model; immutable SplashSports lock; separate context review
401869843,Old Dominion,App State,23,50.5,45.0430372776122,-5.4569627223878,under,16.730319957460992,0.6278529057552116,UNCALIBRATED_NORMAL_SHADOW,3,WEEK5_PIT_EPA;INJURY_WEATHER_MARKET_UNVERIFIED,,28.714036403381375,16.32900087423083,0.37214709424478837,0.3721470942447884,0.6278529057552116,total-reliability-v1,50.5,0.0,LIMITED_FBS_SAMPLE;PRIOR_FCS_EXPOSURE;PRIOR_35_PLUS_BLOWOUT;QB_UNVERIFIED,SHADOW_NOT_PRODUCTION_ELIGIBLE,sealed totals component model; immutable SplashSports lock; separate context review
401869933,South Alabama,Arkansas State,7,57.5,55.59979087555368,-1.9002091244463202,under,16.730319957460992,0.545214140341904,UNCALIBRATED_NORMAL_SHADOW,1,WEEK5_PIT_EPA;INJURY_WEATHER_MARKET_UNVERIFIED,,28.489085138814243,27.11070573673944,0.4547858596580961,0.4547858596580961,0.545214140341904,total-reliability-v1,58.5,-1.0,PRIOR_FCS_EXPOSURE;PRIOR_35_PLUS_BLOWOUT;QB_UNVERIFIED,SHADOW_NOT_PRODUCTION_ELIGIBLE,sealed totals component model; immutable SplashSports lock; separate context review
401869943,Coastal Carolina,Marshall,47,58.5,56.91438562387967,-1.5856143761203327,under,16.730319957460992,0.5377531874058142,UNCALIBRATED_NORMAL_SHADOW,1,WEEK5_PIT_EPA;INJURY_WEATHER_MARKET_UNVERIFIED,,26.628625956529532,30.28575966735014,0.46224681259418576,0.46224681259418576,0.5377531874058142,total-reliability-v1,58.5,0.0,PRIOR_FCS_EXPOSURE;PRIOR_35_PLUS_BLOWOUT;QB_UNVERIFIED,SHADOW_NOT_PRODUCTION_ELIGIBLE,sealed totals component model; immutable SplashSports lock; separate context review
401869949,James Madison,Georgia Southern,54,55.5,50.02094869834265,-5.47905130165735,under,16.730319957460992,0.6283522247216577,UNCALIBRATED_NORMAL_SHADOW,3,WEEK5_PIT_EPA;INJURY_WEATHER_MARKET_UNVERIFIED,,22.041007998431404,27.97994069991125,0.3716477752783423,0.3716477752783423,0.6283522247216577,total-reliability-v1,54.5,1.0,PRIOR_FCS_EXPOSURE;PRIOR_35_PLUS_BLOWOUT;QB_UNVERIFIED;WIND_WARNING;PRECIPITATION_WARNING,SHADOW_NOT_PRODUCTION_ELIGIBLE,sealed totals component model; immutable SplashSports lock; separate context review
401869965,Louisiana,Louisiana Tech,49,48.5,46.914206626486084,-1.5857933735139156,under,16.730319957460992,0.5377574365535251,UNCALIBRATED_NORMAL_SHADOW,1,WEEK5_PIT_EPA;INJURY_WEATHER_MARKET_UNVERIFIED,,22.63611994874965,24.278086677736436,0.46224256344647474,0.4622425634464748,0.5377574365535251,total-reliability-v1,47.5,1.0,LIMITED_FBS_SAMPLE;PRIOR_FCS_EXPOSURE;PRIOR_35_PLUS_BLOWOUT;QB_UNVERIFIED,SHADOW_NOT_PRODUCTION_ELIGIBLE,sealed totals component model; immutable SplashSports lock; separate context review
401870766,Sam Houston,Liberty,4,52.5,46.49215268653077,-6.007847313469227,under,16.730319957460992,0.6402396225918339,UNCALIBRATED_NORMAL_SHADOW,3,WEEK5_PIT_EPA;INJURY_WEATHER_MARKET_UNVERIFIED,,28.263659596007844,18.22849309052293,0.35976037740816624,0.3597603774081662,0.6402396225918339,total-reliability-v1,52.5,0.0,LIMITED_FBS_SAMPLE;PRIOR_FCS_EXPOSURE;PRIOR_35_PLUS_BLOWOUT;QB_UNVERIFIED,SHADOW_NOT_PRODUCTION_ELIGIBLE,sealed totals component model; immutable SplashSports lock; separate context review
401871051,Jacksonville State,Kennesaw State,2,49.5,51.9963152726793,2.496315272679297,over,16.730319957460992,0.5593056634287936,UNCALIBRATED_NORMAL_SHADOW,2,WEEK5_PIT_EPA;INJURY_WEATHER_MARKET_UNVERIFIED,,23.757616425698192,28.2386988469811,0.5593056634287935,0.5593056634287936,0.5593056634287936,total-reliability-v1,49.5,0.0,LIMITED_FBS_SAMPLE;PRIOR_FCS_EXPOSURE;PRIOR_35_PLUS_BLOWOUT;QB_UNVERIFIED,SHADOW_NOT_PRODUCTION_ELIGIBLE,sealed totals component model; immutable SplashSports lock; separate context review
401871052,Missouri State,Western Kentucky,5,56.5,50.75418077749569,-5.745819222504309,under,16.730319957460992,0.6343653230421604,UNCALIBRATED_NORMAL_SHADOW,3,WEEK5_PIT_EPA;INJURY_WEATHER_MARKET_UNVERIFIED,,22.07046167512895,28.68371910236674,0.36563467695783963,0.36563467695783963,0.6343653230421604,total-reliability-v1,56.5,0.0,LIMITED_FBS_SAMPLE;PRIOR_FCS_EXPOSURE;PRIOR_35_PLUS_BLOWOUT;QB_UNVERIFIED,SHADOW_NOT_PRODUCTION_ELIGIBLE,sealed totals component model; immutable SplashSports lock; separate context review
401871066,New Mexico State,Florida International,3,47.5,43.927343806825405,-3.572656193174595,under,16.730319957460992,0.584548587489131,UNCALIBRATED_NORMAL_SHADOW,2,WEEK5_PIT_EPA;INJURY_WEATHER_MARKET_UNVERIFIED,,25.228142765287995,18.699201041537407,0.41545141251086903,0.415451412510869,0.584548587489131,total-reliability-v1,47.5,0.0,LIMITED_FBS_SAMPLE;PRIOR_FCS_EXPOSURE;PRIOR_35_PLUS_BLOWOUT;QB_UNVERIFIED,SHADOW_NOT_PRODUCTION_ELIGIBLE,sealed totals component model; immutable SplashSports lock; separate context review
401871090,Southern Miss,Troy,1,50.5,46.27731986892904,-4.222680131070959,under,16.730319957460992,0.5996328343729704,UNCALIBRATED_NORMAL_SHADOW,2,WEEK5_PIT_EPA;INJURY_WEATHER_MARKET_UNVERIFIED,,26.261711161540788,20.015608707388257,0.40036716562702956,0.40036716562702956,0.5996328343729704,total-reliability-v1,52.5,-2.0,LIMITED_FBS_SAMPLE;PRIOR_FCS_EXPOSURE;PRIOR_35_PLUS_BLOWOUT;QB_UNVERIFIED,SHADOW_NOT_PRODUCTION_ELIGIBLE,sealed totals component model; immutable SplashSports lock; separate context review
