game_id,away,home,expected_away_qb,expected_home_qb,away_season_passing_leader,away_qb_status,home_season_passing_leader,home_qb_status,preview_status,major_injury_status,injury_groups_in_feed,retrieved_at,source,warning
401856712,Georgia,Alabama,,,Gunner Stockton,UNVERIFIED,Keelon Russell,UNVERIFIED,CAPTURED,UNVERIFIED_INCOMPLETE_ESPN_COVERAGE,3,2026-10-06T21:44:15.957758+00:00,https://site.api.espn.com/apis/site/v2/sports/football/college-football/summary,Passing leader is not a confirmed starter; absent injury row is not healthy evidence
401856713,Tennessee,Arkansas,,,Faizon Brandon,UNVERIFIED,KJ Jackson,UNVERIFIED,CAPTURED,UNVERIFIED_INCOMPLETE_ESPN_COVERAGE,3,2026-10-06T21:44:15.731993+00:00,https://site.api.espn.com/apis/site/v2/sports/football/college-football/summary,Passing leader is not a confirmed starter; absent injury row is not healthy evidence
401856714,South Carolina,Florida,,,LaNorris Sellers,UNVERIFIED,Aaron Philo,UNVERIFIED,CAPTURED,UNVERIFIED_INCOMPLETE_ESPN_COVERAGE,3,2026-10-06T21:44:15.414505+00:00,https://site.api.espn.com/apis/site/v2/sports/football/college-football/summary,Passing leader is not a confirmed starter; absent injury row is not healthy evidence
401856715,LSU,Kentucky,,,Sam Leavitt,UNVERIFIED,Kenny Minchey,UNVERIFIED,CAPTURED,UNVERIFIED_INCOMPLETE_ESPN_COVERAGE,3,2026-10-06T21:44:15.886756+00:00,https://site.api.espn.com/apis/site/v2/sports/football/college-football/summary,Passing leader is not a confirmed starter; absent injury row is not healthy evidence
401856716,Texas A&M,Missouri,,,Marcel Reed,UNVERIFIED,Austin Simmons,UNVERIFIED,CAPTURED,UNVERIFIED_INCOMPLETE_ESPN_COVERAGE,3,2026-10-06T21:44:15.324612+00:00,https://site.api.espn.com/apis/site/v2/sports/football/college-football/summary,Passing leader is not a confirmed starter; absent injury row is not healthy evidence
401856717,Texas,Oklahoma,,,Arch Manning,UNVERIFIED,John Mateer,UNVERIFIED,CAPTURED,UNVERIFIED_INCOMPLETE_ESPN_COVERAGE,3,2026-10-06T21:44:15.652830+00:00,https://site.api.espn.com/apis/site/v2/sports/football/college-football/summary,Passing leader is not a confirmed starter; absent injury row is not healthy evidence
401856718,Ole Miss,Vanderbilt,,,Trinidad Chambliss,UNVERIFIED,Jared Curtis,UNVERIFIED,CAPTURED,UNVERIFIED_INCOMPLETE_ESPN_COVERAGE,3,2026-10-06T21:44:15.646802+00:00,https://site.api.espn.com/apis/site/v2/sports/football/college-football/summary,Passing leader is not a confirmed starter; absent injury row is not healthy evidence
401856808,Hawai'i,Arizona State,,,Micah Alejado,UNVERIFIED,Cutter Boley,UNVERIFIED,CAPTURED,UNVERIFIED_INCOMPLETE_ESPN_COVERAGE,3,2026-10-06T21:44:16.094194+00:00,https://site.api.espn.com/apis/site/v2/sports/football/college-football/summary,Passing leader is not a confirmed starter; absent injury row is not healthy evidence
401856823,Arizona,West Virginia,,,Noah Fifita,UNVERIFIED,Michael Hawkins Jr.,UNVERIFIED,CAPTURED,UNVERIFIED_INCOMPLETE_ESPN_COVERAGE,3,2026-10-06T21:44:15.399400+00:00,https://site.api.espn.com/apis/site/v2/sports/football/college-football/summary,Passing leader is not a confirmed starter; absent injury row is not healthy evidence
401856824,UCF,Oklahoma State,,,Keyone Jenkins,UNVERIFIED,Drew Mestemaker,UNVERIFIED,CAPTURED,UNVERIFIED_INCOMPLETE_ESPN_COVERAGE,3,2026-10-06T21:44:15.395401+00:00,https://site.api.espn.com/apis/site/v2/sports/football/college-football/summary,Passing leader is not a confirmed starter; absent injury row is not healthy evidence
401856825,Houston,Kansas State,,,Conner Weigman,UNVERIFIED,Avery Johnson,UNVERIFIED,CAPTURED,UNVERIFIED_INCOMPLETE_ESPN_COVERAGE,3,2026-10-06T21:44:15.455191+00:00,https://site.api.espn.com/apis/site/v2/sports/football/college-football/summary,Passing leader is not a confirmed starter; absent injury row is not healthy evidence
401856826,Iowa State,BYU,,,Jaylen Raynor,UNVERIFIED,Bear Bachmeier,UNVERIFIED,CAPTURED,UNVERIFIED_INCOMPLETE_ESPN_COVERAGE,3,2026-10-06T21:44:15.286429+00:00,https://site.api.espn.com/apis/site/v2/sports/football/college-football/summary,Passing leader is not a confirmed starter; absent injury row is not healthy evidence
401856827,Kansas,Utah,,,Isaiah Marshall,UNVERIFIED,Devon Dampier,UNVERIFIED,CAPTURED,UNVERIFIED_INCOMPLETE_ESPN_COVERAGE,3,2026-10-06T21:44:16.063574+00:00,https://site.api.espn.com/apis/site/v2/sports/football/college-football/summary,Passing leader is not a confirmed starter; absent injury row is not healthy evidence
401858254,Florida State,Louisville,,,Ashton Daniels,UNVERIFIED,Lincoln Kienholz,UNVERIFIED,CAPTURED,UNVERIFIED_INCOMPLETE_ESPN_COVERAGE,3,2026-10-06T21:44:15.157563+00:00,https://site.api.espn.com/apis/site/v2/sports/football/college-football/summary,Passing leader is not a confirmed starter; absent injury row is not healthy evidence
401858255,Duke,Georgia Tech,,,Walker Eget,UNVERIFIED,Alberto Mendoza,UNVERIFIED,CAPTURED,UNVERIFIED_INCOMPLETE_ESPN_COVERAGE,3,2026-10-06T21:44:15.534079+00:00,https://site.api.espn.com/apis/site/v2/sports/football/college-football/summary,Passing leader is not a confirmed starter; absent injury row is not healthy evidence
401858256,North Carolina,Pittsburgh,,,Billy Edwards Jr.,UNVERIFIED,Mason Heintschel,UNVERIFIED,CAPTURED,UNVERIFIED_INCOMPLETE_ESPN_COVERAGE,3,2026-10-06T21:44:15.331119+00:00,https://site.api.espn.com/apis/site/v2/sports/football/college-football/summary,Passing leader is not a confirmed starter; absent injury row is not healthy evidence
401858257,Stanford,Notre Dame,,,Davis Warren,UNVERIFIED,CJ Carr,UNVERIFIED,CAPTURED,UNVERIFIED_INCOMPLETE_ESPN_COVERAGE,3,2026-10-06T21:44:15.485665+00:00,https://site.api.espn.com/apis/site/v2/sports/football/college-football/summary,Passing leader is not a confirmed starter; absent injury row is not healthy evidence
401858258,Syracuse,Virginia,,,Steve Angeli,UNVERIFIED,Beau Pribula,UNVERIFIED,CAPTURED,UNVERIFIED_INCOMPLETE_ESPN_COVERAGE,3,2026-10-06T21:44:16.034940+00:00,https://site.api.espn.com/apis/site/v2/sports/football/college-football/summary,Passing leader is not a confirmed starter; absent injury row is not healthy evidence
401858259,Virginia Tech,California,,,Ethan Grunkemeyer,UNVERIFIED,Jaron-Keawe Sagapolutele,UNVERIFIED,CAPTURED,UNVERIFIED_INCOMPLETE_ESPN_COVERAGE,3,2026-10-06T21:44:15.501748+00:00,https://site.api.espn.com/apis/site/v2/sports/football/college-football/summary,Passing leader is not a confirmed starter; absent injury row is not healthy evidence
401858260,Wake Forest,NC State,,,Gio Lopez,UNVERIFIED,CJ Bailey,UNVERIFIED,CAPTURED,UNVERIFIED_INCOMPLETE_ESPN_COVERAGE,3,2026-10-06T21:44:15.313044+00:00,https://site.api.espn.com/apis/site/v2/sports/football/college-football/summary,Passing leader is not a confirmed starter; absent injury row is not healthy evidence
401858480,Illinois,Michigan State,,,Katin Houser,UNVERIFIED,Alessio Milivojevic,UNVERIFIED,CAPTURED,UNVERIFIED_INCOMPLETE_ESPN_COVERAGE,3,2026-10-06T21:44:15.649791+00:00,https://site.api.espn.com/apis/site/v2/sports/football/college-football/summary,Passing leader is not a confirmed starter; absent injury row is not healthy evidence
401858481,Indiana,Nebraska,,,Josh Hoover,UNVERIFIED,Anthony Colandrea,UNVERIFIED,CAPTURED,UNVERIFIED_INCOMPLETE_ESPN_COVERAGE,3,2026-10-06T21:44:15.336146+00:00,https://site.api.espn.com/apis/site/v2/sports/football/college-football/summary,Passing leader is not a confirmed starter; absent injury row is not healthy evidence
401858482,Ball State,Northwestern,,,Keldric Luster,UNVERIFIED,Aidan Chiles,UNVERIFIED,CAPTURED,UNVERIFIED_INCOMPLETE_ESPN_COVERAGE,3,2026-10-06T21:44:15.413500+00:00,https://site.api.espn.com/apis/site/v2/sports/football/college-football/summary,Passing leader is not a confirmed starter; absent injury row is not healthy evidence
401858483,Maryland,Ohio State,,,Malik Washington,UNVERIFIED,Julian Sayin,UNVERIFIED,CAPTURED,UNVERIFIED_INCOMPLETE_ESPN_COVERAGE,3,2026-10-06T21:44:15.735009+00:00,https://site.api.espn.com/apis/site/v2/sports/football/college-football/summary,Passing leader is not a confirmed starter; absent injury row is not healthy evidence
401858484,UCLA,Oregon,,,Nico Iamaleava,UNVERIFIED,Dante Moore,UNVERIFIED,CAPTURED,UNVERIFIED_INCOMPLETE_ESPN_COVERAGE,3,2026-10-06T21:44:15.705377+00:00,https://site.api.espn.com/apis/site/v2/sports/football/college-football/summary,Passing leader is not a confirmed starter; absent injury row is not healthy evidence
401858485,USC,Penn State,,,Jayden Maiava,UNVERIFIED,Rocco Becht,UNVERIFIED,CAPTURED,UNVERIFIED_INCOMPLETE_ESPN_COVERAGE,3,2026-10-06T21:44:15.972856+00:00,https://site.api.espn.com/apis/site/v2/sports/football/college-football/summary,Passing leader is not a confirmed starter; absent injury row is not healthy evidence
401858486,Minnesota,Purdue,,,Drake Lindsey,UNVERIFIED,Ryan Browne,UNVERIFIED,CAPTURED,UNVERIFIED_INCOMPLETE_ESPN_COVERAGE,3,2026-10-06T21:44:16.042472+00:00,https://site.api.espn.com/apis/site/v2/sports/football/college-football/summary,Passing leader is not a confirmed starter; absent injury row is not healthy evidence
401858487,Iowa,Washington,,,Hank Brown,UNVERIFIED,Demond Williams Jr.,UNVERIFIED,CAPTURED,UNVERIFIED_INCOMPLETE_ESPN_COVERAGE,3,2026-10-06T21:44:15.220074+00:00,https://site.api.espn.com/apis/site/v2/sports/football/college-football/summary,Passing leader is not a confirmed starter; absent injury row is not healthy evidence
401860901,Boise State,Fresno State,,,Maddux Madsen,UNVERIFIED,Jayden Mandal,UNVERIFIED,CAPTURED,UNVERIFIED_INCOMPLETE_ESPN_COVERAGE,3,2026-10-06T21:44:16.088667+00:00,https://site.api.espn.com/apis/site/v2/sports/football/college-football/summary,Passing leader is not a confirmed starter; absent injury row is not healthy evidence
401860902,San Diego State,Oregon State,,,Jayden Denegal,UNVERIFIED,Braden Atkinson,UNVERIFIED,CAPTURED,UNVERIFIED_INCOMPLETE_ESPN_COVERAGE,3,2026-10-06T21:44:15.745557+00:00,https://site.api.espn.com/apis/site/v2/sports/football/college-football/summary,Passing leader is not a confirmed starter; absent injury row is not healthy evidence
401860922,Washington State,Utah State,,,Caden Pinnick,UNVERIFIED,Grady Brosterhous,UNVERIFIED,CAPTURED,UNVERIFIED_INCOMPLETE_ESPN_COVERAGE,3,2026-10-06T21:44:15.279878+00:00,https://site.api.espn.com/apis/site/v2/sports/football/college-football/summary,Passing leader is not a confirmed starter; absent injury row is not healthy evidence
401861964,UConn,Temple,,,Kalieb Osborne,UNVERIFIED,Ajani Sheppard,UNVERIFIED,CAPTURED,UNVERIFIED_INCOMPLETE_ESPN_COVERAGE,3,2026-10-06T21:44:15.718926+00:00,https://site.api.espn.com/apis/site/v2/sports/football/college-football/summary,Passing leader is not a confirmed starter; absent injury row is not healthy evidence
401862794,South Florida,UTSA,,,Michael Van Buren Jr.,UNVERIFIED,Owen McCown,UNVERIFIED,CAPTURED,UNVERIFIED_INCOMPLETE_ESPN_COVERAGE,3,2026-10-06T21:44:15.156571+00:00,https://site.api.espn.com/apis/site/v2/sports/football/college-football/summary,Passing leader is not a confirmed starter; absent injury row is not healthy evidence
401862795,Tulane,Army,,,Kadin Semonza,UNVERIFIED,Cale Hellums,UNVERIFIED,CAPTURED,UNVERIFIED_INCOMPLETE_ESPN_COVERAGE,3,2026-10-06T21:44:15.294972+00:00,https://site.api.espn.com/apis/site/v2/sports/football/college-football/summary,Passing leader is not a confirmed starter; absent injury row is not healthy evidence
401862796,Charlotte,North Texas,,,Cole Gonzales,UNVERIFIED,Tayven Jackson,UNVERIFIED,CAPTURED,UNVERIFIED_INCOMPLETE_ESPN_COVERAGE,3,2026-10-06T21:44:15.562512+00:00,https://site.api.espn.com/apis/site/v2/sports/football/college-football/summary,Passing leader is not a confirmed starter; absent injury row is not healthy evidence
401862797,Rice,East Carolina,,,Jacurri Brown,UNVERIFIED,Mitch Griffis,UNVERIFIED,CAPTURED,UNVERIFIED_INCOMPLETE_ESPN_COVERAGE,3,2026-10-06T21:44:15.728465+00:00,https://site.api.espn.com/apis/site/v2/sports/football/college-football/summary,Passing leader is not a confirmed starter; absent injury row is not healthy evidence
401862798,UAB,Memphis,,,Ryder Burton,UNVERIFIED,Marcus Stokes,UNVERIFIED,CAPTURED,UNVERIFIED_INCOMPLETE_ESPN_COVERAGE,3,2026-10-06T21:44:15.762168+00:00,https://site.api.espn.com/apis/site/v2/sports/football/college-football/summary,Passing leader is not a confirmed starter; absent injury row is not healthy evidence
401862799,Tulsa,Navy,,,Baylor Hayes,UNVERIFIED,Jackson Gutierrez,UNVERIFIED,CAPTURED,UNVERIFIED_INCOMPLETE_ESPN_COVERAGE,3,2026-10-06T21:44:15.650952+00:00,https://site.api.espn.com/apis/site/v2/sports/football/college-football/summary,Passing leader is not a confirmed starter; absent injury row is not healthy evidence
401864516,Air Force,Northern Illinois,,,Liam Szarka,UNVERIFIED,Taron Dickens,UNVERIFIED,CAPTURED,UNVERIFIED_INCOMPLETE_ESPN_COVERAGE,3,2026-10-06T21:44:15.954763+00:00,https://site.api.espn.com/apis/site/v2/sports/football/college-football/summary,Passing leader is not a confirmed starter; absent injury row is not healthy evidence
401864517,Nevada,UTEP,,,Carter Jones,UNVERIFIED,EJ Colson Jr.,UNVERIFIED,CAPTURED,UNVERIFIED_INCOMPLETE_ESPN_COVERAGE,3,2026-10-06T21:44:15.835463+00:00,https://site.api.espn.com/apis/site/v2/sports/football/college-football/summary,Passing leader is not a confirmed starter; absent injury row is not healthy evidence
401864518,North Dakota State,UNLV,,,Nathan Hayes,UNVERIFIED,Jackson Arnold,UNVERIFIED,CAPTURED,UNVERIFIED_INCOMPLETE_ESPN_COVERAGE,3,2026-10-06T21:44:15.911419+00:00,https://site.api.espn.com/apis/site/v2/sports/football/college-football/summary,Passing leader is not a confirmed starter; absent injury row is not healthy evidence
401864519,Wyoming,San José State,,,Tyler Hughes,UNVERIFIED,Luke Weaver,UNVERIFIED,CAPTURED,UNVERIFIED_INCOMPLETE_ESPN_COVERAGE,3,2026-10-06T21:44:15.231225+00:00,https://site.api.espn.com/apis/site/v2/sports/football/college-football/summary,Passing leader is not a confirmed starter; absent injury row is not healthy evidence
401866435,Eastern Michigan,Akron,,,Noah Kim,UNVERIFIED,Brayden Roggow,UNVERIFIED,CAPTURED,UNVERIFIED_INCOMPLETE_ESPN_COVERAGE,3,2026-10-06T21:44:15.533072+00:00,https://site.api.espn.com/apis/site/v2/sports/football/college-football/summary,Passing leader is not a confirmed starter; absent injury row is not healthy evidence
401866436,Sacramento State,Bowling Green,,,Jackson Sharman,UNVERIFIED,Jay Kastantin,UNVERIFIED,CAPTURED,UNVERIFIED_INCOMPLETE_ESPN_COVERAGE,3,2026-10-06T21:44:15.304512+00:00,https://site.api.espn.com/apis/site/v2/sports/football/college-football/summary,Passing leader is not a confirmed starter; absent injury row is not healthy evidence
401866437,Buffalo,Toledo,,,Jason Wright,UNVERIFIED,John Alan Richter,UNVERIFIED,CAPTURED,UNVERIFIED_INCOMPLETE_ESPN_COVERAGE,3,2026-10-06T21:44:15.645797+00:00,https://site.api.espn.com/apis/site/v2/sports/football/college-football/summary,Passing leader is not a confirmed starter; absent injury row is not healthy evidence
401866438,Central Michigan,Ohio,,,Angel Flores,UNVERIFIED,Matt Vezza,UNVERIFIED,CAPTURED,UNVERIFIED_INCOMPLETE_ESPN_COVERAGE,3,2026-10-06T21:44:15.517302+00:00,https://site.api.espn.com/apis/site/v2/sports/football/college-football/summary,Passing leader is not a confirmed starter; absent injury row is not healthy evidence
401866439,Kent State,Western Michigan,,,Dru DeShields,UNVERIFIED,Broc Lowry,UNVERIFIED,CAPTURED,UNVERIFIED_INCOMPLETE_ESPN_COVERAGE,3,2026-10-06T21:44:15.698848+00:00,https://site.api.espn.com/apis/site/v2/sports/football/college-football/summary,Passing leader is not a confirmed starter; absent injury row is not healthy evidence
401866440,Miami (OH),Massachusetts,,,David McComb,UNVERIFIED,William Watson III,UNVERIFIED,CAPTURED,UNVERIFIED_INCOMPLETE_ESPN_COVERAGE,3,2026-10-06T21:44:15.439588+00:00,https://site.api.espn.com/apis/site/v2/sports/football/college-football/summary,Passing leader is not a confirmed starter; absent injury row is not healthy evidence
401869843,Old Dominion,App State,,,Quinn Henicle,UNVERIFIED,Malachi Singleton,UNVERIFIED,CAPTURED,UNVERIFIED_INCOMPLETE_ESPN_COVERAGE,3,2026-10-06T21:44:15.423031+00:00,https://site.api.espn.com/apis/site/v2/sports/football/college-football/summary,Passing leader is not a confirmed starter; absent injury row is not healthy evidence
401869933,South Alabama,Arkansas State,,,Jared Hollins,UNVERIFIED,Trey Owens,UNVERIFIED,CAPTURED,UNVERIFIED_INCOMPLETE_ESPN_COVERAGE,3,2026-10-06T21:44:15.156571+00:00,https://site.api.espn.com/apis/site/v2/sports/football/college-football/summary,Passing leader is not a confirmed starter; absent injury row is not healthy evidence
401869943,Coastal Carolina,Marshall,,,Deuce Bailey,UNVERIFIED,Carlos Del Rio-Wilson,UNVERIFIED,CAPTURED,UNVERIFIED_INCOMPLETE_ESPN_COVERAGE,3,2026-10-06T21:44:15.899362+00:00,https://site.api.espn.com/apis/site/v2/sports/football/college-football/summary,Passing leader is not a confirmed starter; absent injury row is not healthy evidence
401869949,James Madison,Georgia Southern,,,Camden Coleman,UNVERIFIED,Max Johnson,UNVERIFIED,CAPTURED,UNVERIFIED_INCOMPLETE_ESPN_COVERAGE,3,2026-10-06T21:44:16.036939+00:00,https://site.api.espn.com/apis/site/v2/sports/football/college-football/summary,Passing leader is not a confirmed starter; absent injury row is not healthy evidence
401869965,Louisiana,Louisiana Tech,,,,UNVERIFIED,Trey Kukuk,UNVERIFIED,CAPTURED,UNVERIFIED_INCOMPLETE_ESPN_COVERAGE,3,2026-10-06T21:44:15.919449+00:00,https://site.api.espn.com/apis/site/v2/sports/football/college-football/summary,Passing leader is not a confirmed starter; absent injury row is not healthy evidence
401870766,Sam Houston,Liberty,,,Landyn Locke,UNVERIFIED,Deshawn Purdie,UNVERIFIED,CAPTURED,UNVERIFIED_INCOMPLETE_ESPN_COVERAGE,3,2026-10-06T21:44:15.153365+00:00,https://site.api.espn.com/apis/site/v2/sports/football/college-football/summary,Passing leader is not a confirmed starter; absent injury row is not healthy evidence
401871051,Jacksonville State,Kennesaw State,,,Caden Creel,UNVERIFIED,Rickie Collins,UNVERIFIED,CAPTURED,UNVERIFIED_INCOMPLETE_ESPN_COVERAGE,3,2026-10-06T21:44:15.150843+00:00,https://site.api.espn.com/apis/site/v2/sports/football/college-football/summary,Passing leader is not a confirmed starter; absent injury row is not healthy evidence
401871052,Missouri State,Western Kentucky,,,Skyler Locklear,UNVERIFIED,Rodney Tisdale Jr.,UNVERIFIED,CAPTURED,UNVERIFIED_INCOMPLETE_ESPN_COVERAGE,3,2026-10-06T21:44:15.155563+00:00,https://site.api.espn.com/apis/site/v2/sports/football/college-football/summary,Passing leader is not a confirmed starter; absent injury row is not healthy evidence
401871066,New Mexico State,Florida International,,,Trey Hedden,UNVERIFIED,JJ Kohl,UNVERIFIED,CAPTURED,UNVERIFIED_INCOMPLETE_ESPN_COVERAGE,3,2026-10-06T21:44:15.151353+00:00,https://site.api.espn.com/apis/site/v2/sports/football/college-football/summary,Passing leader is not a confirmed starter; absent injury row is not healthy evidence
401871090,Southern Miss,Troy,,,Landry Lyddy,UNVERIFIED,Goose Crowder,UNVERIFIED,CAPTURED,UNVERIFIED_INCOMPLETE_ESPN_COVERAGE,3,2026-10-06T21:44:15.149835+00:00,https://site.api.espn.com/apis/site/v2/sports/football/college-football/summary,Passing leader is not a confirmed starter; absent injury row is not healthy evidence
