game_id,away,home,market_type,selection,locked_line,projection,raw_edge,selected_probability,candidate_score,confidence,uncertainty,reliability_policy_version,current_market_line,lock_advantage,qb_status,injury_status,weather_status,structural_warning,pool_rank,is_combined_top5,combined_top5_rank,score_status,review_rank,review_note
401856824,UCF,Oklahoma State,TOTAL,under,53.5,43.762849676474374,-9.737150323525626,0.719718755302035,0.719718755302035,4,16.730319957460992,total-reliability-v1,52.5,1.0,UNVERIFIED,UNVERIFIED_INCOMPLETE_ESPN_COVERAGE,CAPTURED,LIMITED_FBS_SAMPLE;PRIOR_FCS_EXPOSURE;PRIOR_35_PLUS_BLOWOUT;QB_UNVERIFIED,1,True,1,CROSS_MARKET_SHADOW_NOT_EMPIRICALLY_VALIDATED,1,Shadow totals 23-33 in Week 5; model score is not validated
401862795,Tulane,Army,TOTAL,over,47.5,57.00731259647176,9.507312596471763,0.7150736426744262,0.7150736426744262,4,16.730319957460992,total-reliability-v1,48.5,1.0,UNVERIFIED,UNVERIFIED_INCOMPLETE_ESPN_COVERAGE,CAPTURED,LIMITED_FBS_SAMPLE;PRIOR_FCS_EXPOSURE;PRIOR_35_PLUS_BLOWOUT;QB_UNVERIFIED,2,True,2,CROSS_MARKET_SHADOW_NOT_EMPIRICALLY_VALIDATED,2,Shadow totals 23-33 in Week 5; model score is not validated
401858484,UCLA,Oregon,TOTAL,under,59.5,51.954885408628265,-7.5451145913717355,0.6739996314481466,0.6739996314481466,3,16.730319957460992,total-reliability-v1,58.5,1.0,UNVERIFIED,UNVERIFIED_INCOMPLETE_ESPN_COVERAGE,CAPTURED,LIMITED_FBS_SAMPLE;PRIOR_FCS_EXPOSURE;PRIOR_35_PLUS_BLOWOUT;QB_UNVERIFIED,3,True,3,CROSS_MARKET_SHADOW_NOT_EMPIRICALLY_VALIDATED,3,Shadow totals 23-33 in Week 5; model score is not validated
401856823,Arizona,West Virginia,TOTAL,under,61.5,54.0259154168333,-7.4740845831667,0.6724682009565962,0.6724682009565962,3,16.730319957460992,total-reliability-v1,61.5,0.0,UNVERIFIED,UNVERIFIED_INCOMPLETE_ESPN_COVERAGE,CAPTURED,PRIOR_FCS_EXPOSURE;PRIOR_35_PLUS_BLOWOUT;QB_UNVERIFIED,4,True,4,CROSS_MARKET_SHADOW_NOT_EMPIRICALLY_VALIDATED,4,Shadow totals 23-33 in Week 5; model score is not validated
401866438,Central Michigan,Ohio,TOTAL,over,46.5,53.48840584150954,6.98840584150954,0.6619200679727323,0.6619200679727323,3,16.730319957460992,total-reliability-v1,46.5,0.0,UNVERIFIED,UNVERIFIED_INCOMPLETE_ESPN_COVERAGE,CAPTURED,PRIOR_FCS_EXPOSURE;PRIOR_35_PLUS_BLOWOUT;QB_UNVERIFIED,5,True,5,CROSS_MARKET_SHADOW_NOT_EMPIRICALLY_VALIDATED,5,Shadow totals 23-33 in Week 5; model score is not validated
401858259,Virginia Tech,California,TOTAL,under,53.5,47.32013377448676,-6.179866225513237,0.6440782080673573,0.6440782080673573,3,16.730319957460992,total-reliability-v1,53.5,0.0,UNVERIFIED,UNVERIFIED_INCOMPLETE_ESPN_COVERAGE,CAPTURED,PRIOR_FCS_EXPOSURE;PRIOR_35_PLUS_BLOWOUT;QB_UNVERIFIED,6,False,,CROSS_MARKET_SHADOW_NOT_EMPIRICALLY_VALIDATED,6,Shadow totals 23-33 in Week 5; model score is not validated
401870766,Sam Houston,Liberty,TOTAL,under,52.5,46.49215268653077,-6.007847313469227,0.6402396225918339,0.6402396225918339,3,16.730319957460992,total-reliability-v1,52.5,0.0,UNVERIFIED,UNVERIFIED_INCOMPLETE_ESPN_COVERAGE,CAPTURED,LIMITED_FBS_SAMPLE;PRIOR_FCS_EXPOSURE;PRIOR_35_PLUS_BLOWOUT;QB_UNVERIFIED,7,False,,CROSS_MARKET_SHADOW_NOT_EMPIRICALLY_VALIDATED,7,Shadow totals 23-33 in Week 5; model score is not validated
401858483,Maryland,Ohio State,TOTAL,under,56.5,50.63391807988857,-5.8660819201114265,0.6370654531140343,0.6370654531140343,3,16.730319957460992,total-reliability-v1,56.5,0.0,UNVERIFIED,UNVERIFIED_INCOMPLETE_ESPN_COVERAGE,CAPTURED,PRIOR_FCS_EXPOSURE;PRIOR_35_PLUS_BLOWOUT;QB_UNVERIFIED,8,False,,CROSS_MARKET_SHADOW_NOT_EMPIRICALLY_VALIDATED,8,Shadow totals 23-33 in Week 5; model score is not validated
401860902,San Diego State,Oregon State,TOTAL,under,55.5,49.73767162354638,-5.762328376453617,0.6347363834428434,0.6347363834428434,3,16.730319957460992,total-reliability-v1,53.5,2.0,UNVERIFIED,UNVERIFIED_INCOMPLETE_ESPN_COVERAGE,CAPTURED,PRIOR_FCS_EXPOSURE;PRIOR_35_PLUS_BLOWOUT;QB_UNVERIFIED,9,False,,CROSS_MARKET_SHADOW_NOT_EMPIRICALLY_VALIDATED,9,Shadow totals 23-33 in Week 5; model score is not validated
401871052,Missouri State,Western Kentucky,TOTAL,under,56.5,50.75418077749569,-5.745819222504309,0.6343653230421604,0.6343653230421604,3,16.730319957460992,total-reliability-v1,56.5,0.0,UNVERIFIED,UNVERIFIED_INCOMPLETE_ESPN_COVERAGE,CAPTURED,LIMITED_FBS_SAMPLE;PRIOR_FCS_EXPOSURE;PRIOR_35_PLUS_BLOWOUT;QB_UNVERIFIED,10,False,,CROSS_MARKET_SHADOW_NOT_EMPIRICALLY_VALIDATED,10,Shadow totals 23-33 in Week 5; model score is not validated
