game_id,away,home,market_type,selection,locked_line,projection,raw_edge,selected_probability,candidate_score,confidence,uncertainty,reliability_policy_version,current_market_line,lock_advantage,qb_status,injury_status,weather_status,structural_warning,pool_rank,is_combined_top5,combined_top5_rank,score_status
401856824,UCF,Oklahoma State,TOTAL,under,53.5,43.762849676474374,-9.737150323525626,0.719718755302035,0.719718755302035,4,16.730319957460992,total-reliability-v1,52.5,1.0,UNVERIFIED,UNVERIFIED_INCOMPLETE_ESPN_COVERAGE,CAPTURED,LIMITED_FBS_SAMPLE;PRIOR_FCS_EXPOSURE;PRIOR_35_PLUS_BLOWOUT;QB_UNVERIFIED,1,True,1,CROSS_MARKET_SHADOW_NOT_EMPIRICALLY_VALIDATED
401862795,Tulane,Army,TOTAL,over,47.5,57.00731259647176,9.507312596471763,0.7150736426744262,0.7150736426744262,4,16.730319957460992,total-reliability-v1,48.5,1.0,UNVERIFIED,UNVERIFIED_INCOMPLETE_ESPN_COVERAGE,CAPTURED,LIMITED_FBS_SAMPLE;PRIOR_FCS_EXPOSURE;PRIOR_35_PLUS_BLOWOUT;QB_UNVERIFIED,2,True,2,CROSS_MARKET_SHADOW_NOT_EMPIRICALLY_VALIDATED
401858484,UCLA,Oregon,TOTAL,under,59.5,51.954885408628265,-7.5451145913717355,0.6739996314481466,0.6739996314481466,3,16.730319957460992,total-reliability-v1,58.5,1.0,UNVERIFIED,UNVERIFIED_INCOMPLETE_ESPN_COVERAGE,CAPTURED,LIMITED_FBS_SAMPLE;PRIOR_FCS_EXPOSURE;PRIOR_35_PLUS_BLOWOUT;QB_UNVERIFIED,3,True,3,CROSS_MARKET_SHADOW_NOT_EMPIRICALLY_VALIDATED
401856823,Arizona,West Virginia,TOTAL,under,61.5,54.0259154168333,-7.4740845831667,0.6724682009565962,0.6724682009565962,3,16.730319957460992,total-reliability-v1,61.5,0.0,UNVERIFIED,UNVERIFIED_INCOMPLETE_ESPN_COVERAGE,CAPTURED,PRIOR_FCS_EXPOSURE;PRIOR_35_PLUS_BLOWOUT;QB_UNVERIFIED,4,True,4,CROSS_MARKET_SHADOW_NOT_EMPIRICALLY_VALIDATED
401866438,Central Michigan,Ohio,TOTAL,over,46.5,53.48840584150954,6.98840584150954,0.6619200679727323,0.6619200679727323,3,16.730319957460992,total-reliability-v1,46.5,0.0,UNVERIFIED,UNVERIFIED_INCOMPLETE_ESPN_COVERAGE,CAPTURED,PRIOR_FCS_EXPOSURE;PRIOR_35_PLUS_BLOWOUT;QB_UNVERIFIED,5,True,5,CROSS_MARKET_SHADOW_NOT_EMPIRICALLY_VALIDATED
401858259,Virginia Tech,California,TOTAL,under,53.5,47.32013377448676,-6.179866225513237,0.6440782080673573,0.6440782080673573,3,16.730319957460992,total-reliability-v1,53.5,0.0,UNVERIFIED,UNVERIFIED_INCOMPLETE_ESPN_COVERAGE,CAPTURED,PRIOR_FCS_EXPOSURE;PRIOR_35_PLUS_BLOWOUT;QB_UNVERIFIED,6,False,,CROSS_MARKET_SHADOW_NOT_EMPIRICALLY_VALIDATED
401870766,Sam Houston,Liberty,TOTAL,under,52.5,46.49215268653077,-6.007847313469227,0.6402396225918339,0.6402396225918339,3,16.730319957460992,total-reliability-v1,52.5,0.0,UNVERIFIED,UNVERIFIED_INCOMPLETE_ESPN_COVERAGE,CAPTURED,LIMITED_FBS_SAMPLE;PRIOR_FCS_EXPOSURE;PRIOR_35_PLUS_BLOWOUT;QB_UNVERIFIED,7,False,,CROSS_MARKET_SHADOW_NOT_EMPIRICALLY_VALIDATED
401858483,Maryland,Ohio State,TOTAL,under,56.5,50.63391807988857,-5.8660819201114265,0.6370654531140343,0.6370654531140343,3,16.730319957460992,total-reliability-v1,56.5,0.0,UNVERIFIED,UNVERIFIED_INCOMPLETE_ESPN_COVERAGE,CAPTURED,PRIOR_FCS_EXPOSURE;PRIOR_35_PLUS_BLOWOUT;QB_UNVERIFIED,8,False,,CROSS_MARKET_SHADOW_NOT_EMPIRICALLY_VALIDATED
401860902,San Diego State,Oregon State,TOTAL,under,55.5,49.73767162354638,-5.762328376453617,0.6347363834428434,0.6347363834428434,3,16.730319957460992,total-reliability-v1,53.5,2.0,UNVERIFIED,UNVERIFIED_INCOMPLETE_ESPN_COVERAGE,CAPTURED,PRIOR_FCS_EXPOSURE;PRIOR_35_PLUS_BLOWOUT;QB_UNVERIFIED,9,False,,CROSS_MARKET_SHADOW_NOT_EMPIRICALLY_VALIDATED
401871052,Missouri State,Western Kentucky,TOTAL,under,56.5,50.75418077749569,-5.745819222504309,0.6343653230421604,0.6343653230421604,3,16.730319957460992,total-reliability-v1,56.5,0.0,UNVERIFIED,UNVERIFIED_INCOMPLETE_ESPN_COVERAGE,CAPTURED,LIMITED_FBS_SAMPLE;PRIOR_FCS_EXPOSURE;PRIOR_35_PLUS_BLOWOUT;QB_UNVERIFIED,10,False,,CROSS_MARKET_SHADOW_NOT_EMPIRICALLY_VALIDATED
401862796,Charlotte,North Texas,TOTAL,under,58.5,52.766376592328854,-5.733623407671146,0.6340911286305662,0.6340911286305662,3,16.730319957460992,total-reliability-v1,57.5,1.0,UNVERIFIED,UNVERIFIED_INCOMPLETE_ESPN_COVERAGE,CAPTURED,PRIOR_FCS_EXPOSURE;PRIOR_35_PLUS_BLOWOUT;QB_UNVERIFIED,11,False,,CROSS_MARKET_SHADOW_NOT_EMPIRICALLY_VALIDATED
401866437,Buffalo,Toledo,TOTAL,under,54.5,48.94406711777361,-5.5559328822263865,0.6300884678317894,0.6300884678317894,3,16.730319957460992,total-reliability-v1,54.5,0.0,UNVERIFIED,UNVERIFIED_INCOMPLETE_ESPN_COVERAGE,CAPTURED,LIMITED_FBS_SAMPLE;PRIOR_FCS_EXPOSURE;PRIOR_35_PLUS_BLOWOUT;QB_UNVERIFIED,12,False,,CROSS_MARKET_SHADOW_NOT_EMPIRICALLY_VALIDATED
401869949,James Madison,Georgia Southern,TOTAL,under,55.5,50.02094869834265,-5.47905130165735,0.6283522247216577,0.6283522247216577,3,16.730319957460992,total-reliability-v1,54.5,1.0,UNVERIFIED,UNVERIFIED_INCOMPLETE_ESPN_COVERAGE,CAPTURED,PRIOR_FCS_EXPOSURE;PRIOR_35_PLUS_BLOWOUT;QB_UNVERIFIED;WIND_WARNING;PRECIPITATION_WARNING,13,False,,CROSS_MARKET_SHADOW_NOT_EMPIRICALLY_VALIDATED
401869843,Old Dominion,App State,TOTAL,under,50.5,45.0430372776122,-5.4569627223878,0.6278529057552116,0.6278529057552116,3,16.730319957460992,total-reliability-v1,50.5,0.0,UNVERIFIED,UNVERIFIED_INCOMPLETE_ESPN_COVERAGE,CAPTURED,LIMITED_FBS_SAMPLE;PRIOR_FCS_EXPOSURE;PRIOR_35_PLUS_BLOWOUT;QB_UNVERIFIED,14,False,,CROSS_MARKET_SHADOW_NOT_EMPIRICALLY_VALIDATED
401856714,South Carolina,Florida,TOTAL,under,61.5,56.08591415820027,-5.414085841799732,0.6268830477585916,0.6268830477585916,3,16.730319957460992,total-reliability-v1,61.5,0.0,UNVERIFIED,UNVERIFIED_INCOMPLETE_ESPN_COVERAGE,CAPTURED,PRIOR_FCS_EXPOSURE;PRIOR_35_PLUS_BLOWOUT;QB_UNVERIFIED;PRECIPITATION_WARNING,15,False,,CROSS_MARKET_SHADOW_NOT_EMPIRICALLY_VALIDATED
401856718,Ole Miss,Vanderbilt,TOTAL,under,58.5,53.09345083114082,-5.406549168859179,0.626712487897177,0.626712487897177,3,16.730319957460992,total-reliability-v1,58.5,0.0,UNVERIFIED,UNVERIFIED_INCOMPLETE_ESPN_COVERAGE,CAPTURED,PRIOR_FCS_EXPOSURE;QB_UNVERIFIED,16,False,,CROSS_MARKET_SHADOW_NOT_EMPIRICALLY_VALIDATED
401856715,LSU,Kentucky,TOTAL,under,54.5,49.26157522263644,-5.238424777363562,0.6229013245177961,0.6229013245177961,3,16.730319957460992,total-reliability-v1,52.5,2.0,UNVERIFIED,UNVERIFIED_INCOMPLETE_ESPN_COVERAGE,CAPTURED,PRIOR_FCS_EXPOSURE;PRIOR_35_PLUS_BLOWOUT;QB_UNVERIFIED,17,False,,CROSS_MARKET_SHADOW_NOT_EMPIRICALLY_VALIDATED
401866440,Miami (OH),Massachusetts,TOTAL,over,46.5,51.5919450990075,5.0919450990075035,0.6195710160854779,0.6195710160854779,3,16.730319957460992,total-reliability-v1,47.5,1.0,UNVERIFIED,UNVERIFIED_INCOMPLETE_ESPN_COVERAGE,CAPTURED,LIMITED_FBS_SAMPLE;PRIOR_FCS_EXPOSURE;PRIOR_35_PLUS_BLOWOUT;QB_UNVERIFIED,18,False,,CROSS_MARKET_SHADOW_NOT_EMPIRICALLY_VALIDATED
401856826,Iowa State,BYU,TOTAL,over,46.5,51.52397063526205,5.023970635262053,0.6180225408100269,0.6180225408100269,3,16.730319957460992,total-reliability-v1,46.5,0.0,UNVERIFIED,UNVERIFIED_INCOMPLETE_ESPN_COVERAGE,CAPTURED,LIMITED_FBS_SAMPLE;PRIOR_FCS_EXPOSURE;PRIOR_35_PLUS_BLOWOUT;QB_UNVERIFIED,19,False,,CROSS_MARKET_SHADOW_NOT_EMPIRICALLY_VALIDATED
401864519,Wyoming,San José State,TOTAL,over,43.5,48.01641802983423,4.516418029834227,0.6064022070250135,0.6064022070250135,3,16.730319957460992,total-reliability-v1,43.5,0.0,UNVERIFIED,UNVERIFIED_INCOMPLETE_ESPN_COVERAGE,CAPTURED,PRIOR_FCS_EXPOSURE;QB_UNVERIFIED,20,False,,CROSS_MARKET_SHADOW_NOT_EMPIRICALLY_VALIDATED
401862798,UAB,Memphis,TOTAL,under,56.5,51.99437418821479,-4.505625811785208,0.6061540482333962,0.6061540482333962,3,16.730319957460992,total-reliability-v1,57.5,-1.0,UNVERIFIED,UNVERIFIED_INCOMPLETE_ESPN_COVERAGE,CAPTURED,PRIOR_FCS_EXPOSURE;PRIOR_35_PLUS_BLOWOUT;QB_UNVERIFIED;WIND_WARNING;PRECIPITATION_WARNING,21,False,,CROSS_MARKET_SHADOW_NOT_EMPIRICALLY_VALIDATED
401858487,Iowa,Washington,TOTAL,over,41.5,45.983231471523126,4.483231471523126,0.605638970079324,0.605638970079324,3,16.730319957460992,total-reliability-v1,41.5,0.0,UNVERIFIED,UNVERIFIED_INCOMPLETE_ESPN_COVERAGE,CAPTURED,PRIOR_FCS_EXPOSURE;PRIOR_35_PLUS_BLOWOUT;QB_UNVERIFIED,22,False,,CROSS_MARKET_SHADOW_NOT_EMPIRICALLY_VALIDATED
401864518,North Dakota State,UNLV,TOTAL,under,48.5,44.031804645521966,-4.468195354478034,0.6052930300555188,0.6052930300555188,3,16.730319957460992,total-reliability-v1,47.5,1.0,UNVERIFIED,UNVERIFIED_INCOMPLETE_ESPN_COVERAGE,DOME_WEATHER_NONFACTOR,PRIOR_FCS_EXPOSURE;PRIOR_35_PLUS_BLOWOUT;QB_UNVERIFIED,23,False,,CROSS_MARKET_SHADOW_NOT_EMPIRICALLY_VALIDATED
401871090,Southern Miss,Troy,TOTAL,under,50.5,46.27731986892904,-4.222680131070959,0.5996328343729704,0.5996328343729704,2,16.730319957460992,total-reliability-v1,52.5,-2.0,UNVERIFIED,UNVERIFIED_INCOMPLETE_ESPN_COVERAGE,CAPTURED,LIMITED_FBS_SAMPLE;PRIOR_FCS_EXPOSURE;PRIOR_35_PLUS_BLOWOUT;QB_UNVERIFIED,24,False,,CROSS_MARKET_SHADOW_NOT_EMPIRICALLY_VALIDATED
401858255,Duke,Georgia Tech,TOTAL,over,48.5,52.523231890106096,4.023231890106096,0.5950191690102877,0.5950191690102877,2,16.730319957460992,total-reliability-v1,48.5,0.0,UNVERIFIED,UNVERIFIED_INCOMPLETE_ESPN_COVERAGE,CAPTURED,LIMITED_FBS_SAMPLE;PRIOR_FCS_EXPOSURE;PRIOR_35_PLUS_BLOWOUT;QB_UNVERIFIED;WIND_WARNING;PRECIPITATION_WARNING,25,False,,CROSS_MARKET_SHADOW_NOT_EMPIRICALLY_VALIDATED
401858482,Ball State,Northwestern,ATS,Ball State,36.5,18.583508992422512,17.916491007577488,0.5895824550378874,0.5895824550378874,1,,ats-shadow-conservative-v1,-36.5,0.0,UNVERIFIED,UNVERIFIED_INCOMPLETE_ESPN_COVERAGE,CAPTURED,LIMITED_FBS_SAMPLE;PRIOR_FCS_EXPOSURE;PRIOR_35_PLUS_BLOWOUT;QB_UNVERIFIED;WIND_WARNING,26,False,,CROSS_MARKET_SHADOW_NOT_EMPIRICALLY_VALIDATED
401856713,Tennessee,Arkansas,TOTAL,under,50.5,46.73117372677452,-3.7688262732254785,0.5891150818070003,0.5891150818070003,2,16.730319957460992,total-reliability-v1,51.5,-1.0,UNVERIFIED,UNVERIFIED_INCOMPLETE_ESPN_COVERAGE,CAPTURED,PRIOR_FCS_EXPOSURE;PRIOR_35_PLUS_BLOWOUT;QB_UNVERIFIED,27,False,,CROSS_MARKET_SHADOW_NOT_EMPIRICALLY_VALIDATED
401871066,New Mexico State,Florida International,TOTAL,under,47.5,43.927343806825405,-3.572656193174595,0.584548587489131,0.584548587489131,2,16.730319957460992,total-reliability-v1,47.5,0.0,UNVERIFIED,UNVERIFIED_INCOMPLETE_ESPN_COVERAGE,CAPTURED,LIMITED_FBS_SAMPLE;PRIOR_FCS_EXPOSURE;PRIOR_35_PLUS_BLOWOUT;QB_UNVERIFIED,28,False,,CROSS_MARKET_SHADOW_NOT_EMPIRICALLY_VALIDATED
401866439,Kent State,Western Michigan,TOTAL,over,43.5,46.826370049403174,3.326370049403174,0.5787993430493532,0.5787993430493532,2,16.730319957460992,total-reliability-v1,43.5,0.0,UNVERIFIED,UNVERIFIED_INCOMPLETE_ESPN_COVERAGE,CAPTURED,PRIOR_FCS_EXPOSURE;PRIOR_35_PLUS_BLOWOUT;QB_UNVERIFIED;WIND_WARNING,29,False,,CROSS_MARKET_SHADOW_NOT_EMPIRICALLY_VALIDATED
401866440,Miami (OH),Massachusetts,ATS,Massachusetts,2.5,13.25417281577491,15.75417281577491,0.5787708640788746,0.5787708640788746,1,,ats-shadow-conservative-v1,2.5,0.0,UNVERIFIED,UNVERIFIED_INCOMPLETE_ESPN_COVERAGE,CAPTURED,LIMITED_FBS_SAMPLE;PRIOR_FCS_EXPOSURE;PRIOR_35_PLUS_BLOWOUT;QB_UNVERIFIED,30,False,,CROSS_MARKET_SHADOW_NOT_EMPIRICALLY_VALIDATED
401858483,Maryland,Ohio State,ATS,Maryland,34.5,19.02140536457984,15.478594635420158,0.5773929731771008,0.5773929731771008,1,,ats-shadow-conservative-v1,-34.5,0.0,UNVERIFIED,UNVERIFIED_INCOMPLETE_ESPN_COVERAGE,CAPTURED,PRIOR_FCS_EXPOSURE;PRIOR_35_PLUS_BLOWOUT;QB_UNVERIFIED,31,False,,CROSS_MARKET_SHADOW_NOT_EMPIRICALLY_VALIDATED
401856808,Hawai'i,Arizona State,ATS,Hawai'i,20.5,5.14966882346099,15.35033117653901,0.5767516558826951,0.5767516558826951,1,,ats-shadow-conservative-v1,-20.5,0.0,UNVERIFIED,UNVERIFIED_INCOMPLETE_ESPN_COVERAGE,CAPTURED,LIMITED_FBS_SAMPLE;PRIOR_FCS_EXPOSURE;PRIOR_35_PLUS_BLOWOUT;QB_UNVERIFIED,32,False,,CROSS_MARKET_SHADOW_NOT_EMPIRICALLY_VALIDATED
401866435,Eastern Michigan,Akron,TOTAL,under,52.5,49.337423444734,-3.162576555266,0.5749663826687348,0.5749663826687348,2,16.730319957460992,total-reliability-v1,51.5,1.0,UNVERIFIED,UNVERIFIED_INCOMPLETE_ESPN_COVERAGE,CAPTURED,PRIOR_FCS_EXPOSURE;PRIOR_35_PLUS_BLOWOUT;QB_UNVERIFIED,33,False,,CROSS_MARKET_SHADOW_NOT_EMPIRICALLY_VALIDATED
401858481,Indiana,Nebraska,TOTAL,over,51.5,54.657879957917714,3.1578799579177144,0.5748563703624711,0.5748563703624711,2,16.730319957460992,total-reliability-v1,51.5,0.0,UNVERIFIED,UNVERIFIED_INCOMPLETE_ESPN_COVERAGE,CAPTURED,PRIOR_FCS_EXPOSURE;PRIOR_35_PLUS_BLOWOUT;QB_UNVERIFIED;WIND_WARNING,34,False,,CROSS_MARKET_SHADOW_NOT_EMPIRICALLY_VALIDATED
401856718,Ole Miss,Vanderbilt,ATS,Vanderbilt,10.5,4.444332275501417,14.944332275501417,0.5747216613775071,0.5747216613775071,1,,ats-shadow-conservative-v1,10.0,0.5,UNVERIFIED,UNVERIFIED_INCOMPLETE_ESPN_COVERAGE,CAPTURED,PRIOR_FCS_EXPOSURE;QB_UNVERIFIED,35,False,,CROSS_MARKET_SHADOW_NOT_EMPIRICALLY_VALIDATED
401858480,Illinois,Michigan State,TOTAL,over,49.5,52.42792466901628,2.927924669016278,0.5694629700987877,0.5694629700987877,2,16.730319957460992,total-reliability-v1,47.5,-2.0,UNVERIFIED,UNVERIFIED_INCOMPLETE_ESPN_COVERAGE,CAPTURED,PRIOR_FCS_EXPOSURE;PRIOR_35_PLUS_BLOWOUT;QB_UNVERIFIED;WIND_WARNING,36,False,,CROSS_MARKET_SHADOW_NOT_EMPIRICALLY_VALIDATED
401858484,UCLA,Oregon,ATS,UCLA,11.5,-1.1029753712128647,12.602975371212864,0.5630148768560643,0.5630148768560643,1,,ats-shadow-conservative-v1,-11.5,0.0,UNVERIFIED,UNVERIFIED_INCOMPLETE_ESPN_COVERAGE,CAPTURED,LIMITED_FBS_SAMPLE;PRIOR_FCS_EXPOSURE;PRIOR_35_PLUS_BLOWOUT;QB_UNVERIFIED,37,False,,CROSS_MARKET_SHADOW_NOT_EMPIRICALLY_VALIDATED
401858486,Minnesota,Purdue,TOTAL,over,50.5,53.10590883267895,2.6059088326789492,0.5618887627240395,0.5618887627240395,2,16.730319957460992,total-reliability-v1,50.5,0.0,UNVERIFIED,UNVERIFIED_INCOMPLETE_ESPN_COVERAGE,CAPTURED,PRIOR_FCS_EXPOSURE;PRIOR_35_PLUS_BLOWOUT;QB_UNVERIFIED,38,False,,CROSS_MARKET_SHADOW_NOT_EMPIRICALLY_VALIDATED
401858257,Stanford,Notre Dame,ATS,Stanford,37.5,25.200250314824867,12.299749685175133,0.5614987484258757,0.5614987484258757,1,,ats-shadow-conservative-v1,-38.5,-1.0,UNVERIFIED,UNVERIFIED_INCOMPLETE_ESPN_COVERAGE,CAPTURED,PRIOR_35_PLUS_BLOWOUT;QB_UNVERIFIED,39,False,,CROSS_MARKET_SHADOW_NOT_EMPIRICALLY_VALIDATED
401871051,Jacksonville State,Kennesaw State,TOTAL,over,49.5,51.9963152726793,2.496315272679297,0.5593056634287936,0.5593056634287936,2,16.730319957460992,total-reliability-v1,49.5,0.0,UNVERIFIED,UNVERIFIED_INCOMPLETE_ESPN_COVERAGE,CAPTURED,LIMITED_FBS_SAMPLE;PRIOR_FCS_EXPOSURE;PRIOR_35_PLUS_BLOWOUT;QB_UNVERIFIED,40,False,,CROSS_MARKET_SHADOW_NOT_EMPIRICALLY_VALIDATED
401858482,Ball State,Northwestern,TOTAL,over,52.5,54.953148696181586,2.453148696181586,0.5582875360405344,0.5582875360405344,2,16.730319957460992,total-reliability-v1,52.5,0.0,UNVERIFIED,UNVERIFIED_INCOMPLETE_ESPN_COVERAGE,CAPTURED,LIMITED_FBS_SAMPLE;PRIOR_FCS_EXPOSURE;PRIOR_35_PLUS_BLOWOUT;QB_UNVERIFIED;WIND_WARNING,41,False,,CROSS_MARKET_SHADOW_NOT_EMPIRICALLY_VALIDATED
401856808,Hawai'i,Arizona State,TOTAL,under,51.5,49.23908896218599,-2.2609110378140116,0.5537488310217817,0.5537488310217817,2,16.730319957460992,total-reliability-v1,49.5,2.0,UNVERIFIED,UNVERIFIED_INCOMPLETE_ESPN_COVERAGE,CAPTURED,LIMITED_FBS_SAMPLE;PRIOR_FCS_EXPOSURE;PRIOR_35_PLUS_BLOWOUT;QB_UNVERIFIED,42,False,,CROSS_MARKET_SHADOW_NOT_EMPIRICALLY_VALIDATED
401862796,Charlotte,North Texas,ATS,Charlotte,28.5,17.941765498446564,10.558234501553436,0.5527911725077672,0.5527911725077672,1,,ats-shadow-conservative-v1,-28.5,0.0,UNVERIFIED,UNVERIFIED_INCOMPLETE_ESPN_COVERAGE,CAPTURED,PRIOR_FCS_EXPOSURE;PRIOR_35_PLUS_BLOWOUT;QB_UNVERIFIED,43,False,,CROSS_MARKET_SHADOW_NOT_EMPIRICALLY_VALIDATED
401864517,Nevada,UTEP,TOTAL,under,49.5,47.293715428672684,-2.2062845713273163,0.5524577950606642,0.5524577950606642,2,16.730319957460992,total-reliability-v1,49.5,0.0,UNVERIFIED,UNVERIFIED_INCOMPLETE_ESPN_COVERAGE,CAPTURED,LIMITED_FBS_SAMPLE;PRIOR_FCS_EXPOSURE;PRIOR_35_PLUS_BLOWOUT;QB_UNVERIFIED,44,False,,CROSS_MARKET_SHADOW_NOT_EMPIRICALLY_VALIDATED
401858260,Wake Forest,NC State,TOTAL,under,59.5,57.31632669928226,-2.183673300717743,0.5519232392727349,0.5519232392727349,2,16.730319957460992,total-reliability-v1,59.5,0.0,UNVERIFIED,UNVERIFIED_INCOMPLETE_ESPN_COVERAGE,CAPTURED,PRIOR_FCS_EXPOSURE;PRIOR_35_PLUS_BLOWOUT;QB_UNVERIFIED,45,False,,CROSS_MARKET_SHADOW_NOT_EMPIRICALLY_VALIDATED
401856717,Texas,Oklahoma,TOTAL,under,39.5,37.319567969869595,-2.1804320301304045,0.5518466042515022,0.5518466042515022,2,16.730319957460992,total-reliability-v1,39.5,0.0,UNVERIFIED,UNVERIFIED_INCOMPLETE_ESPN_COVERAGE,CAPTURED,PRIOR_35_PLUS_BLOWOUT;QB_UNVERIFIED,46,False,,CROSS_MARKET_SHADOW_NOT_EMPIRICALLY_VALIDATED
401856717,Texas,Oklahoma,ATS,Oklahoma,7.5,2.59205754232226,10.09205754232226,0.5504602877116113,0.5504602877116113,1,,ats-shadow-conservative-v1,8.5,-1.0,UNVERIFIED,UNVERIFIED_INCOMPLETE_ESPN_COVERAGE,CAPTURED,PRIOR_35_PLUS_BLOWOUT;QB_UNVERIFIED,47,False,,CROSS_MARKET_SHADOW_NOT_EMPIRICALLY_VALIDATED
401856825,Houston,Kansas State,TOTAL,under,55.5,53.5361443295137,-1.9638556704863035,0.5467217348985588,0.5467217348985588,1,16.730319957460992,total-reliability-v1,55.5,0.0,UNVERIFIED,UNVERIFIED_INCOMPLETE_ESPN_COVERAGE,CAPTURED,LIMITED_FBS_SAMPLE;PRIOR_FCS_EXPOSURE;PRIOR_35_PLUS_BLOWOUT;QB_UNVERIFIED;WIND_WARNING,48,False,,CROSS_MARKET_SHADOW_NOT_EMPIRICALLY_VALIDATED
401858481,Indiana,Nebraska,ATS,Nebraska,7.5,1.7438672327615863,9.243867232761586,0.5462193361638079,0.5462193361638079,1,,ats-shadow-conservative-v1,7.5,0.0,UNVERIFIED,UNVERIFIED_INCOMPLETE_ESPN_COVERAGE,CAPTURED,PRIOR_FCS_EXPOSURE;PRIOR_35_PLUS_BLOWOUT;QB_UNVERIFIED;WIND_WARNING,49,False,,CROSS_MARKET_SHADOW_NOT_EMPIRICALLY_VALIDATED
401869933,South Alabama,Arkansas State,TOTAL,under,57.5,55.59979087555368,-1.9002091244463202,0.545214140341904,0.545214140341904,1,16.730319957460992,total-reliability-v1,58.5,-1.0,UNVERIFIED,UNVERIFIED_INCOMPLETE_ESPN_COVERAGE,CAPTURED,PRIOR_FCS_EXPOSURE;PRIOR_35_PLUS_BLOWOUT;QB_UNVERIFIED,50,False,,CROSS_MARKET_SHADOW_NOT_EMPIRICALLY_VALIDATED
401862794,South Florida,UTSA,TOTAL,under,50.5,48.6072661602412,-1.8927338397587974,0.5450370302401979,0.5450370302401979,1,16.730319957460992,total-reliability-v1,49.5,1.0,UNVERIFIED,UNVERIFIED_INCOMPLETE_ESPN_COVERAGE,DOME_WEATHER_NONFACTOR,PRIOR_FCS_EXPOSURE;PRIOR_35_PLUS_BLOWOUT;QB_UNVERIFIED,51,False,,CROSS_MARKET_SHADOW_NOT_EMPIRICALLY_VALIDATED
401856712,Georgia,Alabama,TOTAL,under,54.5,52.68795264098825,-1.8120473590117498,0.543124782487852,0.543124782487852,1,16.730319957460992,total-reliability-v1,52.5,2.0,UNVERIFIED,UNVERIFIED_INCOMPLETE_ESPN_COVERAGE,CAPTURED,PRIOR_FCS_EXPOSURE;PRIOR_35_PLUS_BLOWOUT;QB_UNVERIFIED;WIND_WARNING;PRECIPITATION_WARNING,52,False,,CROSS_MARKET_SHADOW_NOT_EMPIRICALLY_VALIDATED
401862798,UAB,Memphis,ATS,UAB,14.5,6.06080290216066,8.43919709783934,0.5421959854891967,0.5421959854891967,1,,ats-shadow-conservative-v1,-14.0,0.5,UNVERIFIED,UNVERIFIED_INCOMPLETE_ESPN_COVERAGE,CAPTURED,PRIOR_FCS_EXPOSURE;PRIOR_35_PLUS_BLOWOUT;QB_UNVERIFIED;WIND_WARNING;PRECIPITATION_WARNING,53,False,,CROSS_MARKET_SHADOW_NOT_EMPIRICALLY_VALIDATED
401856716,Texas A&M,Missouri,ATS,Missouri,-3.5,11.664562506153095,8.164562506153095,0.5408228125307655,0.5408228125307655,1,,ats-shadow-conservative-v1,-3.5,0.0,UNVERIFIED,UNVERIFIED_INCOMPLETE_ESPN_COVERAGE,CAPTURED,PRIOR_FCS_EXPOSURE;PRIOR_35_PLUS_BLOWOUT;QB_UNVERIFIED,54,False,,CROSS_MARKET_SHADOW_NOT_EMPIRICALLY_VALIDATED
401866436,Sacramento State,Bowling Green,TOTAL,under,44.5,42.8164587244516,-1.6835412755484,0.5400771782403142,0.5400771782403142,1,16.730319957460992,total-reliability-v1,44.5,0.0,UNVERIFIED,UNVERIFIED_INCOMPLETE_ESPN_COVERAGE,CAPTURED,PRIOR_FCS_EXPOSURE;PRIOR_35_PLUS_BLOWOUT;QB_UNVERIFIED,55,False,,CROSS_MARKET_SHADOW_NOT_EMPIRICALLY_VALIDATED
401866439,Kent State,Western Michigan,ATS,Kent State,13.5,5.612034587721783,7.887965412278217,0.539439827061391,0.539439827061391,1,,ats-shadow-conservative-v1,-13.5,0.0,UNVERIFIED,UNVERIFIED_INCOMPLETE_ESPN_COVERAGE,CAPTURED,PRIOR_FCS_EXPOSURE;PRIOR_35_PLUS_BLOWOUT;QB_UNVERIFIED;WIND_WARNING,56,False,,CROSS_MARKET_SHADOW_NOT_EMPIRICALLY_VALIDATED
401871052,Missouri State,Western Kentucky,ATS,Missouri State,2.5,-5.2801750903481,7.7801750903481,0.5389008754517405,0.5389008754517405,1,,ats-shadow-conservative-v1,-2.5,0.0,UNVERIFIED,UNVERIFIED_INCOMPLETE_ESPN_COVERAGE,CAPTURED,LIMITED_FBS_SAMPLE;PRIOR_FCS_EXPOSURE;PRIOR_35_PLUS_BLOWOUT;QB_UNVERIFIED,57,False,,CROSS_MARKET_SHADOW_NOT_EMPIRICALLY_VALIDATED
401860922,Washington State,Utah State,TOTAL,under,43.5,41.892621083964144,-1.6073789160358558,0.5382698154026476,0.5382698154026476,1,16.730319957460992,total-reliability-v1,44.5,-1.0,UNVERIFIED,UNVERIFIED_INCOMPLETE_ESPN_COVERAGE,CAPTURED,PRIOR_FCS_EXPOSURE;PRIOR_35_PLUS_BLOWOUT;QB_UNVERIFIED,58,False,,CROSS_MARKET_SHADOW_NOT_EMPIRICALLY_VALIDATED
401862797,Rice,East Carolina,TOTAL,under,48.5,46.91359287499222,-1.5864071250077814,0.5377720061226461,0.5377720061226461,1,16.730319957460992,total-reliability-v1,47.5,1.0,UNVERIFIED,UNVERIFIED_INCOMPLETE_ESPN_COVERAGE,CAPTURED,LIMITED_FBS_SAMPLE;PRIOR_FCS_EXPOSURE;PRIOR_35_PLUS_BLOWOUT;QB_UNVERIFIED,59,False,,CROSS_MARKET_SHADOW_NOT_EMPIRICALLY_VALIDATED
401869965,Louisiana,Louisiana Tech,TOTAL,under,48.5,46.914206626486084,-1.5857933735139156,0.5377574365535251,0.5377574365535251,1,16.730319957460992,total-reliability-v1,47.5,1.0,UNVERIFIED,UNVERIFIED_INCOMPLETE_ESPN_COVERAGE,CAPTURED,LIMITED_FBS_SAMPLE;PRIOR_FCS_EXPOSURE;PRIOR_35_PLUS_BLOWOUT;QB_UNVERIFIED,60,False,,CROSS_MARKET_SHADOW_NOT_EMPIRICALLY_VALIDATED
401869943,Coastal Carolina,Marshall,TOTAL,under,58.5,56.91438562387967,-1.5856143761203327,0.5377531874058142,0.5377531874058142,1,16.730319957460992,total-reliability-v1,58.5,0.0,UNVERIFIED,UNVERIFIED_INCOMPLETE_ESPN_COVERAGE,CAPTURED,PRIOR_FCS_EXPOSURE;PRIOR_35_PLUS_BLOWOUT;QB_UNVERIFIED,61,False,,CROSS_MARKET_SHADOW_NOT_EMPIRICALLY_VALIDATED
401856827,Kansas,Utah,TOTAL,under,51.5,49.93277827296465,-1.5672217270353528,0.5373165487672698,0.5373165487672698,1,16.730319957460992,total-reliability-v1,51.5,0.0,UNVERIFIED,UNVERIFIED_INCOMPLETE_ESPN_COVERAGE,CAPTURED,LIMITED_FBS_SAMPLE;PRIOR_FCS_EXPOSURE;PRIOR_35_PLUS_BLOWOUT;MARKET_MISSING;QB_UNVERIFIED;PRECIPITATION_WARNING,62,False,,CROSS_MARKET_SHADOW_NOT_EMPIRICALLY_VALIDATED
401856827,Kansas,Utah,ATS,Kansas,15.5,8.06795696108113,7.43204303891887,0.5371602151945943,0.5371602151945943,1,,ats-shadow-conservative-v1,,,UNVERIFIED,UNVERIFIED_INCOMPLETE_ESPN_COVERAGE,CAPTURED,LIMITED_FBS_SAMPLE;PRIOR_FCS_EXPOSURE;PRIOR_35_PLUS_BLOWOUT;MARKET_MISSING;QB_UNVERIFIED;PRECIPITATION_WARNING,63,False,,CROSS_MARKET_SHADOW_NOT_EMPIRICALLY_VALIDATED
401858256,North Carolina,Pittsburgh,ATS,Pittsburgh,-3.5,10.541690364740688,7.041690364740688,0.5352084518237035,0.5352084518237035,1,,ats-shadow-conservative-v1,-3.5,0.0,UNVERIFIED,UNVERIFIED_INCOMPLETE_ESPN_COVERAGE,CAPTURED,LIMITED_FBS_SAMPLE;PRIOR_FCS_EXPOSURE;PRIOR_35_PLUS_BLOWOUT;QB_UNVERIFIED,64,False,,CROSS_MARKET_SHADOW_NOT_EMPIRICALLY_VALIDATED
401864516,Air Force,Northern Illinois,ATS,Air Force,-7.5,-14.363473490093263,6.863473490093263,0.5343173674504663,0.5343173674504663,1,,ats-shadow-conservative-v1,7.5,0.0,UNVERIFIED,UNVERIFIED_INCOMPLETE_ESPN_COVERAGE,CAPTURED,LIMITED_FBS_SAMPLE;PRIOR_FCS_EXPOSURE;PRIOR_35_PLUS_BLOWOUT;QB_UNVERIFIED,65,False,,CROSS_MARKET_SHADOW_NOT_EMPIRICALLY_VALIDATED
401858257,Stanford,Notre Dame,TOTAL,over,53.5,54.910125893527436,1.410125893527436,0.5335853393072396,0.5335853393072396,1,16.730319957460992,total-reliability-v1,54.5,1.0,UNVERIFIED,UNVERIFIED_INCOMPLETE_ESPN_COVERAGE,CAPTURED,PRIOR_35_PLUS_BLOWOUT;QB_UNVERIFIED,66,False,,CROSS_MARKET_SHADOW_NOT_EMPIRICALLY_VALIDATED
401860901,Boise State,Fresno State,ATS,Fresno State,6.5,-0.0697614089166314,6.430238591083368,0.5321511929554168,0.5321511929554168,1,,ats-shadow-conservative-v1,6.5,0.0,UNVERIFIED,UNVERIFIED_INCOMPLETE_ESPN_COVERAGE,CAPTURED,PRIOR_FCS_EXPOSURE;PRIOR_35_PLUS_BLOWOUT;QB_UNVERIFIED,67,False,,CROSS_MARKET_SHADOW_NOT_EMPIRICALLY_VALIDATED
401864516,Air Force,Northern Illinois,TOTAL,over,46.5,47.746841040133326,1.2468410401333259,0.5297040069340998,0.5297040069340998,1,16.730319957460992,total-reliability-v1,46.5,0.0,UNVERIFIED,UNVERIFIED_INCOMPLETE_ESPN_COVERAGE,CAPTURED,LIMITED_FBS_SAMPLE;PRIOR_FCS_EXPOSURE;PRIOR_35_PLUS_BLOWOUT;QB_UNVERIFIED,68,False,,CROSS_MARKET_SHADOW_NOT_EMPIRICALLY_VALIDATED
401856826,Iowa State,BYU,ATS,BYU,-10.5,16.184746282346033,5.684746282346033,0.5284237314117302,0.5284237314117302,1,,ats-shadow-conservative-v1,-10.5,0.0,UNVERIFIED,UNVERIFIED_INCOMPLETE_ESPN_COVERAGE,CAPTURED,LIMITED_FBS_SAMPLE;PRIOR_FCS_EXPOSURE;PRIOR_35_PLUS_BLOWOUT;QB_UNVERIFIED,69,False,,CROSS_MARKET_SHADOW_NOT_EMPIRICALLY_VALIDATED
401856715,LSU,Kentucky,ATS,Kentucky,9.5,-4.150885658018682,5.349114341981318,0.5267455717099065,0.5267455717099065,1,,ats-shadow-conservative-v1,8.5,1.0,UNVERIFIED,UNVERIFIED_INCOMPLETE_ESPN_COVERAGE,CAPTURED,PRIOR_FCS_EXPOSURE;PRIOR_35_PLUS_BLOWOUT;QB_UNVERIFIED,70,False,,CROSS_MARKET_SHADOW_NOT_EMPIRICALLY_VALIDATED
401860901,Boise State,Fresno State,TOTAL,under,48.5,47.383010894567605,-1.1169891054323955,0.5266153516829906,0.5266153516829906,1,16.730319957460992,total-reliability-v1,48.5,0.0,UNVERIFIED,UNVERIFIED_INCOMPLETE_ESPN_COVERAGE,CAPTURED,PRIOR_FCS_EXPOSURE;PRIOR_35_PLUS_BLOWOUT;QB_UNVERIFIED,71,False,,CROSS_MARKET_SHADOW_NOT_EMPIRICALLY_VALIDATED
401858258,Syracuse,Virginia,TOTAL,under,50.5,49.402850381558196,-1.0971496184418044,0.5261433044916155,0.5261433044916155,1,16.730319957460992,total-reliability-v1,49.5,1.0,UNVERIFIED,UNVERIFIED_INCOMPLETE_ESPN_COVERAGE,CAPTURED,LIMITED_FBS_SAMPLE;PRIOR_FCS_EXPOSURE;PRIOR_35_PLUS_BLOWOUT;QB_UNVERIFIED,72,False,,CROSS_MARKET_SHADOW_NOT_EMPIRICALLY_VALIDATED
401869943,Coastal Carolina,Marshall,ATS,Coastal Carolina,2.5,-2.6872570830540745,5.1872570830540745,0.5259362854152704,0.5259362854152704,1,,ats-shadow-conservative-v1,-3.0,-0.5,UNVERIFIED,UNVERIFIED_INCOMPLETE_ESPN_COVERAGE,CAPTURED,PRIOR_FCS_EXPOSURE;PRIOR_35_PLUS_BLOWOUT;QB_UNVERIFIED,73,False,,CROSS_MARKET_SHADOW_NOT_EMPIRICALLY_VALIDATED
401864518,North Dakota State,UNLV,ATS,North Dakota State,-3.5,-8.642615530110875,5.142615530110875,0.5257130776505544,0.5257130776505544,1,,ats-shadow-conservative-v1,3.0,-0.5,UNVERIFIED,UNVERIFIED_INCOMPLETE_ESPN_COVERAGE,DOME_WEATHER_NONFACTOR,PRIOR_FCS_EXPOSURE;PRIOR_35_PLUS_BLOWOUT;QB_UNVERIFIED,74,False,,CROSS_MARKET_SHADOW_NOT_EMPIRICALLY_VALIDATED
401869965,Louisiana,Louisiana Tech,ATS,Louisiana,2.5,-2.6160404644701423,5.116040464470142,0.5255802023223507,0.5255802023223507,1,,ats-shadow-conservative-v1,-3.0,-0.5,UNVERIFIED,UNVERIFIED_INCOMPLETE_ESPN_COVERAGE,CAPTURED,LIMITED_FBS_SAMPLE;PRIOR_FCS_EXPOSURE;PRIOR_35_PLUS_BLOWOUT;QB_UNVERIFIED,75,False,,CROSS_MARKET_SHADOW_NOT_EMPIRICALLY_VALIDATED
401861964,UConn,Temple,TOTAL,under,54.5,53.53232113218358,-0.9676788678164172,0.5230618943758907,0.5230618943758907,1,16.730319957460992,total-reliability-v1,54.5,0.0,UNVERIFIED,UNVERIFIED_INCOMPLETE_ESPN_COVERAGE,CAPTURED,PRIOR_FCS_EXPOSURE;PRIOR_35_PLUS_BLOWOUT;QB_UNVERIFIED,76,False,,CROSS_MARKET_SHADOW_NOT_EMPIRICALLY_VALIDATED
401858485,USC,Penn State,TOTAL,under,54.5,53.565495856979695,-0.9345041430203054,0.5222721049513848,0.5222721049513848,1,16.730319957460992,total-reliability-v1,54.5,0.0,UNVERIFIED,UNVERIFIED_INCOMPLETE_ESPN_COVERAGE,CAPTURED,PRIOR_35_PLUS_BLOWOUT;QB_UNVERIFIED,77,False,,CROSS_MARKET_SHADOW_NOT_EMPIRICALLY_VALIDATED
401871090,Southern Miss,Troy,ATS,Southern Miss,10.5,6.195114812608306,4.304885187391694,0.5215244259369585,0.5215244259369585,1,,ats-shadow-conservative-v1,-10.0,0.5,UNVERIFIED,UNVERIFIED_INCOMPLETE_ESPN_COVERAGE,CAPTURED,LIMITED_FBS_SAMPLE;PRIOR_FCS_EXPOSURE;PRIOR_35_PLUS_BLOWOUT;QB_UNVERIFIED,78,False,,CROSS_MARKET_SHADOW_NOT_EMPIRICALLY_VALIDATED
401870766,Sam Houston,Liberty,ATS,Sam Houston,13.5,9.271091856055268,4.228908143944732,0.5211445407197237,0.5211445407197237,1,,ats-shadow-conservative-v1,-13.5,0.0,UNVERIFIED,UNVERIFIED_INCOMPLETE_ESPN_COVERAGE,CAPTURED,LIMITED_FBS_SAMPLE;PRIOR_FCS_EXPOSURE;PRIOR_35_PLUS_BLOWOUT;QB_UNVERIFIED,79,False,,CROSS_MARKET_SHADOW_NOT_EMPIRICALLY_VALIDATED
401858256,North Carolina,Pittsburgh,TOTAL,over,47.5,48.38549865714967,0.8854986571496681,0.5211052740350498,0.5211052740350498,1,16.730319957460992,total-reliability-v1,47.5,0.0,UNVERIFIED,UNVERIFIED_INCOMPLETE_ESPN_COVERAGE,CAPTURED,LIMITED_FBS_SAMPLE;PRIOR_FCS_EXPOSURE;PRIOR_35_PLUS_BLOWOUT;QB_UNVERIFIED,80,False,,CROSS_MARKET_SHADOW_NOT_EMPIRICALLY_VALIDATED
401866437,Buffalo,Toledo,ATS,Buffalo,20.5,16.34185594192883,4.158144058071169,0.5207907202903559,0.5207907202903559,1,,ats-shadow-conservative-v1,-20.5,0.0,UNVERIFIED,UNVERIFIED_INCOMPLETE_ESPN_COVERAGE,CAPTURED,LIMITED_FBS_SAMPLE;PRIOR_FCS_EXPOSURE;PRIOR_35_PLUS_BLOWOUT;QB_UNVERIFIED,81,False,,CROSS_MARKET_SHADOW_NOT_EMPIRICALLY_VALIDATED
401858486,Minnesota,Purdue,ATS,Purdue,2.5,1.5197845337658356,4.0197845337658356,0.5200989226688292,0.5200989226688292,1,,ats-shadow-conservative-v1,2.5,0.0,UNVERIFIED,UNVERIFIED_INCOMPLETE_ESPN_COVERAGE,CAPTURED,PRIOR_FCS_EXPOSURE;PRIOR_35_PLUS_BLOWOUT;QB_UNVERIFIED,82,False,,CROSS_MARKET_SHADOW_NOT_EMPIRICALLY_VALIDATED
401862795,Tulane,Army,ATS,Army,-3.5,7.490685370873935,3.990685370873935,0.5199534268543696,0.5199534268543696,1,,ats-shadow-conservative-v1,-3.0,-0.5,UNVERIFIED,UNVERIFIED_INCOMPLETE_ESPN_COVERAGE,CAPTURED,LIMITED_FBS_SAMPLE;PRIOR_FCS_EXPOSURE;PRIOR_35_PLUS_BLOWOUT;QB_UNVERIFIED,83,False,,CROSS_MARKET_SHADOW_NOT_EMPIRICALLY_VALIDATED
401856824,UCF,Oklahoma State,ATS,UCF,9.5,5.540115728532282,3.9598842714677183,0.5197994213573386,0.5197994213573386,1,,ats-shadow-conservative-v1,-9.5,0.0,UNVERIFIED,UNVERIFIED_INCOMPLETE_ESPN_COVERAGE,CAPTURED,LIMITED_FBS_SAMPLE;PRIOR_FCS_EXPOSURE;PRIOR_35_PLUS_BLOWOUT;QB_UNVERIFIED,84,False,,CROSS_MARKET_SHADOW_NOT_EMPIRICALLY_VALIDATED
401866436,Sacramento State,Bowling Green,ATS,Sacramento State,7.5,3.5799919025861504,3.9200080974138496,0.5196000404870692,0.5196000404870692,1,,ats-shadow-conservative-v1,-7.5,0.0,UNVERIFIED,UNVERIFIED_INCOMPLETE_ESPN_COVERAGE,CAPTURED,PRIOR_FCS_EXPOSURE;PRIOR_35_PLUS_BLOWOUT;QB_UNVERIFIED,85,False,,CROSS_MARKET_SHADOW_NOT_EMPIRICALLY_VALIDATED
401864517,Nevada,UTEP,ATS,Nevada,-8.5,-12.315591344641398,3.8155913446413976,0.519077956723207,0.519077956723207,1,,ats-shadow-conservative-v1,9.5,1.0,UNVERIFIED,UNVERIFIED_INCOMPLETE_ESPN_COVERAGE,CAPTURED,LIMITED_FBS_SAMPLE;PRIOR_FCS_EXPOSURE;PRIOR_35_PLUS_BLOWOUT;QB_UNVERIFIED,86,False,,CROSS_MARKET_SHADOW_NOT_EMPIRICALLY_VALIDATED
401858259,Virginia Tech,California,ATS,California,9.5,-5.7580319020172634,3.7419680979827366,0.5187098404899136,0.5187098404899136,1,,ats-shadow-conservative-v1,9.5,0.0,UNVERIFIED,UNVERIFIED_INCOMPLETE_ESPN_COVERAGE,CAPTURED,PRIOR_FCS_EXPOSURE;PRIOR_35_PLUS_BLOWOUT;QB_UNVERIFIED,87,False,,CROSS_MARKET_SHADOW_NOT_EMPIRICALLY_VALIDATED
401862794,South Florida,UTSA,ATS,South Florida,7.5,3.91690706310522,3.58309293689478,0.5179154646844739,0.5179154646844739,1,,ats-shadow-conservative-v1,-7.0,0.5,UNVERIFIED,UNVERIFIED_INCOMPLETE_ESPN_COVERAGE,DOME_WEATHER_NONFACTOR,PRIOR_FCS_EXPOSURE;PRIOR_35_PLUS_BLOWOUT;QB_UNVERIFIED,88,False,,CROSS_MARKET_SHADOW_NOT_EMPIRICALLY_VALIDATED
401860902,San Diego State,Oregon State,ATS,Oregon State,-14.5,17.99140460770709,3.4914046077070893,0.5174570230385355,0.5174570230385355,1,,ats-shadow-conservative-v1,-14.5,0.0,UNVERIFIED,UNVERIFIED_INCOMPLETE_ESPN_COVERAGE,CAPTURED,PRIOR_FCS_EXPOSURE;PRIOR_35_PLUS_BLOWOUT;QB_UNVERIFIED,89,False,,CROSS_MARKET_SHADOW_NOT_EMPIRICALLY_VALIDATED
401866438,Central Michigan,Ohio,ATS,Ohio,-2.5,5.868802530688504,3.3688025306885043,0.5168440126534425,0.5168440126534425,1,,ats-shadow-conservative-v1,-3.0,0.5,UNVERIFIED,UNVERIFIED_INCOMPLETE_ESPN_COVERAGE,CAPTURED,PRIOR_FCS_EXPOSURE;PRIOR_35_PLUS_BLOWOUT;QB_UNVERIFIED,90,False,,CROSS_MARKET_SHADOW_NOT_EMPIRICALLY_VALIDATED
401856825,Houston,Kansas State,ATS,Kansas State,-2.5,5.847093974638124,3.347093974638124,0.5167354698731906,0.5167354698731906,1,,ats-shadow-conservative-v1,-2.5,0.0,UNVERIFIED,UNVERIFIED_INCOMPLETE_ESPN_COVERAGE,CAPTURED,LIMITED_FBS_SAMPLE;PRIOR_FCS_EXPOSURE;PRIOR_35_PLUS_BLOWOUT;QB_UNVERIFIED;WIND_WARNING,91,False,,CROSS_MARKET_SHADOW_NOT_EMPIRICALLY_VALIDATED
401858485,USC,Penn State,ATS,Penn State,-1.5,4.705176121461944,3.2051761214619443,0.5160258806073097,0.5160258806073097,1,,ats-shadow-conservative-v1,-1.5,0.0,UNVERIFIED,UNVERIFIED_INCOMPLETE_ESPN_COVERAGE,CAPTURED,PRIOR_35_PLUS_BLOWOUT;QB_UNVERIFIED,92,False,,CROSS_MARKET_SHADOW_NOT_EMPIRICALLY_VALIDATED
401858487,Iowa,Washington,ATS,Washington,-2.5,5.669242907101155,3.1692429071011547,0.5158462145355057,0.5158462145355057,1,,ats-shadow-conservative-v1,-3.0,0.5,UNVERIFIED,UNVERIFIED_INCOMPLETE_ESPN_COVERAGE,CAPTURED,PRIOR_FCS_EXPOSURE;PRIOR_35_PLUS_BLOWOUT;QB_UNVERIFIED,93,False,,CROSS_MARKET_SHADOW_NOT_EMPIRICALLY_VALIDATED
401858254,Florida State,Louisville,ATS,Louisville,-3.5,6.492253906574302,2.9922539065743017,0.5149612695328715,0.5149612695328715,1,,ats-shadow-conservative-v1,-3.5,0.0,UNVERIFIED,UNVERIFIED_INCOMPLETE_ESPN_COVERAGE,CAPTURED,PRIOR_FCS_EXPOSURE;PRIOR_35_PLUS_BLOWOUT;QB_UNVERIFIED,94,False,,CROSS_MARKET_SHADOW_NOT_EMPIRICALLY_VALIDATED
401856716,Texas A&M,Missouri,TOTAL,under,48.5,47.92653881692587,-0.5734611830741301,0.5136717720989991,0.5136717720989991,1,16.730319957460992,total-reliability-v1,48.5,0.0,UNVERIFIED,UNVERIFIED_INCOMPLETE_ESPN_COVERAGE,CAPTURED,PRIOR_FCS_EXPOSURE;PRIOR_35_PLUS_BLOWOUT;QB_UNVERIFIED,95,False,,CROSS_MARKET_SHADOW_NOT_EMPIRICALLY_VALIDATED
401869843,Old Dominion,App State,ATS,App State,-9.5,11.983921043572462,2.4839210435724617,0.5124196052178623,0.5124196052178623,1,,ats-shadow-conservative-v1,-9.5,0.0,UNVERIFIED,UNVERIFIED_INCOMPLETE_ESPN_COVERAGE,CAPTURED,LIMITED_FBS_SAMPLE;PRIOR_FCS_EXPOSURE;PRIOR_35_PLUS_BLOWOUT;QB_UNVERIFIED,96,False,,CROSS_MARKET_SHADOW_NOT_EMPIRICALLY_VALIDATED
401862797,Rice,East Carolina,ATS,East Carolina,-9.5,11.656918021479406,2.156918021479406,0.5107845901073971,0.5107845901073971,1,,ats-shadow-conservative-v1,-10.0,0.5,UNVERIFIED,UNVERIFIED_INCOMPLETE_ESPN_COVERAGE,CAPTURED,LIMITED_FBS_SAMPLE;PRIOR_FCS_EXPOSURE;PRIOR_35_PLUS_BLOWOUT;QB_UNVERIFIED,97,False,,CROSS_MARKET_SHADOW_NOT_EMPIRICALLY_VALIDATED
401861964,UConn,Temple,ATS,UConn,3.5,1.3991764103602078,2.100823589639792,0.5105041179481989,0.5105041179481989,1,,ats-shadow-conservative-v1,-3.5,0.0,UNVERIFIED,UNVERIFIED_INCOMPLETE_ESPN_COVERAGE,CAPTURED,PRIOR_FCS_EXPOSURE;PRIOR_35_PLUS_BLOWOUT;QB_UNVERIFIED,98,False,,CROSS_MARKET_SHADOW_NOT_EMPIRICALLY_VALIDATED
401871051,Jacksonville State,Kennesaw State,ATS,Jacksonville State,-2.5,-4.460314139159772,1.960314139159772,0.5098015706957989,0.5098015706957989,1,,ats-shadow-conservative-v1,3.0,0.5,UNVERIFIED,UNVERIFIED_INCOMPLETE_ESPN_COVERAGE,CAPTURED,LIMITED_FBS_SAMPLE;PRIOR_FCS_EXPOSURE;PRIOR_35_PLUS_BLOWOUT;QB_UNVERIFIED,99,False,,CROSS_MARKET_SHADOW_NOT_EMPIRICALLY_VALIDATED
401856823,Arizona,West Virginia,ATS,Arizona,-3.5,-5.2053094716526225,1.7053094716526225,0.5085265473582631,0.5085265473582631,1,,ats-shadow-conservative-v1,3.0,-0.5,UNVERIFIED,UNVERIFIED_INCOMPLETE_ESPN_COVERAGE,CAPTURED,PRIOR_FCS_EXPOSURE;PRIOR_35_PLUS_BLOWOUT;QB_UNVERIFIED,100,False,,CROSS_MARKET_SHADOW_NOT_EMPIRICALLY_VALIDATED
401858480,Illinois,Michigan State,ATS,Illinois,-2.5,-4.014562067727164,1.514562067727164,0.5075728103386358,0.5075728103386358,1,,ats-shadow-conservative-v1,2.5,0.0,UNVERIFIED,UNVERIFIED_INCOMPLETE_ESPN_COVERAGE,CAPTURED,PRIOR_FCS_EXPOSURE;PRIOR_35_PLUS_BLOWOUT;QB_UNVERIFIED;WIND_WARNING,101,False,,CROSS_MARKET_SHADOW_NOT_EMPIRICALLY_VALIDATED
401858260,Wake Forest,NC State,ATS,NC State,3.5,-2.061572388143216,1.4384276118567838,0.5071921380592839,0.5071921380592839,1,,ats-shadow-conservative-v1,4.0,-0.5,UNVERIFIED,UNVERIFIED_INCOMPLETE_ESPN_COVERAGE,CAPTURED,PRIOR_FCS_EXPOSURE;PRIOR_35_PLUS_BLOWOUT;QB_UNVERIFIED,102,False,,CROSS_MARKET_SHADOW_NOT_EMPIRICALLY_VALIDATED
401862799,Tulsa,Navy,TOTAL,under,48.5,48.24446043452073,-0.2555395654792676,0.506093223169906,0.506093223169906,1,16.730319957460992,total-reliability-v1,48.5,0.0,UNVERIFIED,UNVERIFIED_INCOMPLETE_ESPN_COVERAGE,CAPTURED,LIMITED_FBS_SAMPLE;PRIOR_FCS_EXPOSURE;PRIOR_35_PLUS_BLOWOUT;QB_UNVERIFIED,103,False,,CROSS_MARKET_SHADOW_NOT_EMPIRICALLY_VALIDATED
401858258,Syracuse,Virginia,ATS,Syracuse,8.5,7.364633667855315,1.1353663321446854,0.5056768316607234,0.5056768316607234,1,,ats-shadow-conservative-v1,-9.5,-1.0,UNVERIFIED,UNVERIFIED_INCOMPLETE_ESPN_COVERAGE,CAPTURED,LIMITED_FBS_SAMPLE;PRIOR_FCS_EXPOSURE;PRIOR_35_PLUS_BLOWOUT;QB_UNVERIFIED,104,False,,CROSS_MARKET_SHADOW_NOT_EMPIRICALLY_VALIDATED
401856712,Georgia,Alabama,ATS,Georgia,1.5,0.43429571057040217,1.0657042894295978,0.505328521447148,0.505328521447148,1,,ats-shadow-conservative-v1,-1.5,0.0,UNVERIFIED,UNVERIFIED_INCOMPLETE_ESPN_COVERAGE,CAPTURED,PRIOR_FCS_EXPOSURE;PRIOR_35_PLUS_BLOWOUT;QB_UNVERIFIED;WIND_WARNING;PRECIPITATION_WARNING,105,False,,CROSS_MARKET_SHADOW_NOT_EMPIRICALLY_VALIDATED
401858254,Florida State,Louisville,TOTAL,over,58.5,58.66978501217738,0.1697850121773783,0.5040485332903303,0.5040485332903303,1,16.730319957460992,total-reliability-v1,59.5,1.0,UNVERIFIED,UNVERIFIED_INCOMPLETE_ESPN_COVERAGE,CAPTURED,PRIOR_FCS_EXPOSURE;PRIOR_35_PLUS_BLOWOUT;QB_UNVERIFIED,106,False,,CROSS_MARKET_SHADOW_NOT_EMPIRICALLY_VALIDATED
401858255,Duke,Georgia Tech,ATS,Duke,-6.5,-7.298321635339843,0.7983216353398426,0.5039916081766992,0.5039916081766992,1,,ats-shadow-conservative-v1,7.0,0.5,UNVERIFIED,UNVERIFIED_INCOMPLETE_ESPN_COVERAGE,CAPTURED,LIMITED_FBS_SAMPLE;PRIOR_FCS_EXPOSURE;PRIOR_35_PLUS_BLOWOUT;QB_UNVERIFIED;WIND_WARNING;PRECIPITATION_WARNING,107,False,,CROSS_MARKET_SHADOW_NOT_EMPIRICALLY_VALIDATED
401862799,Tulsa,Navy,ATS,Tulsa,2.5,1.7216925349817225,0.7783074650182775,0.5038915373250914,0.5038915373250914,1,,ats-shadow-conservative-v1,-2.5,0.0,UNVERIFIED,UNVERIFIED_INCOMPLETE_ESPN_COVERAGE,CAPTURED,LIMITED_FBS_SAMPLE;PRIOR_FCS_EXPOSURE;PRIOR_35_PLUS_BLOWOUT;QB_UNVERIFIED,108,False,,CROSS_MARKET_SHADOW_NOT_EMPIRICALLY_VALIDATED
401869933,South Alabama,Arkansas State,ATS,Arkansas State,-1.5,2.218160663568062,0.718160663568062,0.5035908033178403,0.5035908033178403,1,,ats-shadow-conservative-v1,-1.5,0.0,UNVERIFIED,UNVERIFIED_INCOMPLETE_ESPN_COVERAGE,CAPTURED,PRIOR_FCS_EXPOSURE;PRIOR_35_PLUS_BLOWOUT;QB_UNVERIFIED,109,False,,CROSS_MARKET_SHADOW_NOT_EMPIRICALLY_VALIDATED
401860922,Washington State,Utah State,ATS,Utah State,-5.5,6.214772023139844,0.7147720231398438,0.5035738601156993,0.5035738601156993,1,,ats-shadow-conservative-v1,-5.5,0.0,UNVERIFIED,UNVERIFIED_INCOMPLETE_ESPN_COVERAGE,CAPTURED,PRIOR_FCS_EXPOSURE;PRIOR_35_PLUS_BLOWOUT;QB_UNVERIFIED,110,False,,CROSS_MARKET_SHADOW_NOT_EMPIRICALLY_VALIDATED
401866435,Eastern Michigan,Akron,ATS,Akron,6.5,-5.9085188540501345,0.5914811459498655,0.5029574057297493,0.5029574057297493,1,,ats-shadow-conservative-v1,7.0,-0.5,UNVERIFIED,UNVERIFIED_INCOMPLETE_ESPN_COVERAGE,CAPTURED,PRIOR_FCS_EXPOSURE;PRIOR_35_PLUS_BLOWOUT;QB_UNVERIFIED,111,False,,CROSS_MARKET_SHADOW_NOT_EMPIRICALLY_VALIDATED
401869949,James Madison,Georgia Southern,ATS,Georgia Southern,7.5,-6.933452951128739,0.5665470488712607,0.5028327352443563,0.5028327352443563,1,,ats-shadow-conservative-v1,7.5,0.0,UNVERIFIED,UNVERIFIED_INCOMPLETE_ESPN_COVERAGE,CAPTURED,PRIOR_FCS_EXPOSURE;PRIOR_35_PLUS_BLOWOUT;QB_UNVERIFIED;WIND_WARNING;PRECIPITATION_WARNING,112,False,,CROSS_MARKET_SHADOW_NOT_EMPIRICALLY_VALIDATED
401856713,Tennessee,Arkansas,ATS,Tennessee,-13.5,-13.936024891913824,0.4360248919138243,0.5021801244595692,0.5021801244595692,1,,ats-shadow-conservative-v1,13.5,0.0,UNVERIFIED,UNVERIFIED_INCOMPLETE_ESPN_COVERAGE,CAPTURED,PRIOR_FCS_EXPOSURE;PRIOR_35_PLUS_BLOWOUT;QB_UNVERIFIED,113,False,,CROSS_MARKET_SHADOW_NOT_EMPIRICALLY_VALIDATED
401871066,New Mexico State,Florida International,ATS,New Mexico State,6.5,6.127404865765188,0.37259513423481216,0.5018629756711741,0.5018629756711741,1,,ats-shadow-conservative-v1,-6.5,0.0,UNVERIFIED,UNVERIFIED_INCOMPLETE_ESPN_COVERAGE,CAPTURED,LIMITED_FBS_SAMPLE;PRIOR_FCS_EXPOSURE;PRIOR_35_PLUS_BLOWOUT;QB_UNVERIFIED,114,False,,CROSS_MARKET_SHADOW_NOT_EMPIRICALLY_VALIDATED
401864519,Wyoming,San José State,ATS,San José State,-6.5,6.755472878480964,0.25547287848096367,0.5012773643924048,0.5012773643924048,1,,ats-shadow-conservative-v1,-6.0,-0.5,UNVERIFIED,UNVERIFIED_INCOMPLETE_ESPN_COVERAGE,CAPTURED,PRIOR_FCS_EXPOSURE;QB_UNVERIFIED,115,False,,CROSS_MARKET_SHADOW_NOT_EMPIRICALLY_VALIDATED
401856714,South Carolina,Florida,ATS,Florida,-13.5,13.646403527403326,0.14640352740332574,0.5007320176370166,0.5007320176370166,1,,ats-shadow-conservative-v1,-12.5,-1.0,UNVERIFIED,UNVERIFIED_INCOMPLETE_ESPN_COVERAGE,CAPTURED,PRIOR_FCS_EXPOSURE;PRIOR_35_PLUS_BLOWOUT;QB_UNVERIFIED;PRECIPITATION_WARNING,116,False,,CROSS_MARKET_SHADOW_NOT_EMPIRICALLY_VALIDATED
