game_id,away,home,locked_home_spread,current_home_spread,ats_selected_lock_advantage,ats_move_1_5_plus,crossed_3,crossed_7,locked_total,current_total,total_selected_lock_advantage,total_move_2_5_plus,market_status,market_retrieved_at,market_provider_observation_time,weather_status,forecast_hour_utc,temperature_f,precip_probability_pct,wind_mph,gust_mph,weather_retrieved_at,weather_flags
401856712,Georgia,Alabama,-1.5,-1.5,0.0,False,False,False,54.5,52.5,2.0,False,OBSERVED_UNTIMESTAMPED,2026-10-06T21:45:39.701104+00:00,,CAPTURED,2026-10-10T23:00:00+00:00,65.0,74,11.3,34.2,2026-10-06T21:44:19.913243+00:00,WIND_WARNING;PRECIPITATION_WARNING
401856713,Tennessee,Arkansas,13.5,13.5,0.0,False,False,False,50.5,51.5,-1.0,False,OBSERVED_UNTIMESTAMPED,2026-10-06T21:45:39.701104+00:00,,CAPTURED,2026-10-10T20:00:00+00:00,84.2,2,9.3,12.5,2026-10-06T21:44:18.929914+00:00,
401856714,South Carolina,Florida,-13.5,-12.5,-1.0,False,False,False,61.5,61.5,0.0,False,OBSERVED_UNTIMESTAMPED,2026-10-06T21:45:39.701104+00:00,,CAPTURED,2026-10-10T17:00:00+00:00,87.1,51,9.4,14.3,2026-10-06T21:44:17.913933+00:00,PRECIPITATION_WARNING
401856715,LSU,Kentucky,9.5,8.5,1.0,False,False,False,54.5,52.5,2.0,False,OBSERVED_UNTIMESTAMPED,2026-10-06T21:45:39.701104+00:00,,CAPTURED,2026-10-10T23:00:00+00:00,76.5,6,8.4,14.5,2026-10-06T21:44:19.426560+00:00,
401856716,Texas A&M,Missouri,-3.5,-3.5,0.0,False,False,False,48.5,48.5,0.0,False,OBSERVED_UNTIMESTAMPED,2026-10-06T21:45:39.701104+00:00,,CAPTURED,2026-10-10T16:00:00+00:00,81.2,0,10.5,19.0,2026-10-06T21:44:17.424493+00:00,
401856717,Texas,Oklahoma,7.5,8.5,-1.0,False,False,False,39.5,39.5,0.0,False,OBSERVED_UNTIMESTAMPED,2026-10-06T21:45:39.701104+00:00,,CAPTURED,2026-10-10T19:00:00+00:00,84.9,1,6.6,9.2,2026-10-06T21:44:18.898071+00:00,
401856718,Ole Miss,Vanderbilt,10.5,10.0,0.5,False,False,False,58.5,58.5,0.0,False,OBSERVED_UNTIMESTAMPED,2026-10-06T21:45:39.701104+00:00,,CAPTURED,2026-10-10T19:00:00+00:00,81.8,31,9.5,14.8,2026-10-06T21:44:18.435800+00:00,
401856808,Hawai'i,Arizona State,-20.5,-20.5,0.0,False,False,False,51.5,49.5,2.0,False,OBSERVED_UNTIMESTAMPED,2026-10-06T21:45:39.701104+00:00,,CAPTURED,2026-10-11T02:00:00+00:00,91.4,22,5.7,6.0,2026-10-06T21:44:19.945880+00:00,
401856823,Arizona,West Virginia,3.5,3.0,-0.5,False,True,False,61.5,61.5,0.0,False,OBSERVED_UNTIMESTAMPED,2026-10-06T21:45:39.701104+00:00,,CAPTURED,2026-10-10T16:00:00+00:00,77.4,0,2.4,5.1,2026-10-06T21:44:17.897854+00:00,
401856824,UCF,Oklahoma State,-9.5,-9.5,0.0,False,False,False,53.5,52.5,1.0,False,OBSERVED_UNTIMESTAMPED,2026-10-06T21:45:39.701104+00:00,,CAPTURED,2026-10-10T16:00:00+00:00,81.5,0,12.8,18.1,2026-10-06T21:44:17.896853+00:00,
401856825,Houston,Kansas State,-2.5,-2.5,0.0,False,False,False,55.5,55.5,0.0,False,OBSERVED_UNTIMESTAMPED,2026-10-06T21:45:39.701104+00:00,,CAPTURED,2026-10-10T19:00:00+00:00,83.5,0,23.1,28.6,2026-10-06T21:44:17.919958+00:00,WIND_WARNING
401856826,Iowa State,BYU,-10.5,-10.5,0.0,False,False,False,46.5,46.5,0.0,False,OBSERVED_UNTIMESTAMPED,2026-10-06T21:45:39.701104+00:00,,CAPTURED,2026-10-10T02:00:00+00:00,74.7,1,6.3,14.5,2026-10-06T21:44:17.405375+00:00,
401856827,Kansas,Utah,-15.5,,,False,False,False,51.5,51.5,0.0,False,MISSING_MARKET,2026-10-06T21:45:39.701104+00:00,,CAPTURED,2026-10-11T02:00:00+00:00,64.7,56,7.6,7.4,2026-10-06T21:44:19.939345+00:00,PRECIPITATION_WARNING
401858254,Florida State,Louisville,-3.5,-3.5,0.0,False,False,False,58.5,59.5,1.0,False,OBSERVED_UNTIMESTAMPED,2026-10-06T21:45:39.701104+00:00,,CAPTURED,2026-10-09T23:00:00+00:00,75.8,0,4.0,4.7,2026-10-06T21:44:16.341098+00:00,
401858255,Duke,Georgia Tech,6.5,7.0,0.5,False,False,True,48.5,48.5,0.0,False,OBSERVED_UNTIMESTAMPED,2026-10-06T21:45:39.701104+00:00,,CAPTURED,2026-10-10T19:00:00+00:00,64.0,57,11.5,31.3,2026-10-06T21:44:18.429250+00:00,WIND_WARNING;PRECIPITATION_WARNING
401858256,North Carolina,Pittsburgh,-3.5,-3.5,0.0,False,False,False,47.5,47.5,0.0,False,OBSERVED_UNTIMESTAMPED,2026-10-06T21:45:39.701104+00:00,,CAPTURED,2026-10-10T16:00:00+00:00,71.1,1,4.9,8.5,2026-10-06T21:44:17.435267+00:00,
401858257,Stanford,Notre Dame,-37.5,-38.5,-1.0,False,False,False,53.5,54.5,1.0,False,OBSERVED_UNTIMESTAMPED,2026-10-06T21:45:39.701104+00:00,,CAPTURED,2026-10-10T19:00:00+00:00,81.3,0,13.7,19.9,2026-10-06T21:44:18.397634+00:00,
401858258,Syracuse,Virginia,-8.5,-9.5,-1.0,False,False,False,50.5,49.5,1.0,False,OBSERVED_UNTIMESTAMPED,2026-10-06T21:45:39.701104+00:00,,CAPTURED,2026-10-10T23:00:00+00:00,63.3,4,2.7,2.7,2026-10-06T21:44:19.924813+00:00,
401858259,Virginia Tech,California,9.5,9.5,0.0,False,False,False,53.5,53.5,0.0,False,OBSERVED_UNTIMESTAMPED,2026-10-06T21:45:39.701104+00:00,,CAPTURED,2026-10-10T19:00:00+00:00,63.0,0,9.8,16.6,2026-10-06T21:44:18.399632+00:00,
401858260,Wake Forest,NC State,3.5,4.0,-0.5,False,False,False,59.5,59.5,0.0,False,OBSERVED_UNTIMESTAMPED,2026-10-06T21:45:39.701104+00:00,,CAPTURED,2026-10-10T16:00:00+00:00,70.8,7,8.5,14.1,2026-10-06T21:44:17.422446+00:00,
401858480,Illinois,Michigan State,2.5,2.5,0.0,False,False,False,49.5,47.5,-2.0,False,OBSERVED_UNTIMESTAMPED,2026-10-06T21:45:39.701104+00:00,,CAPTURED,2026-10-10T19:00:00+00:00,84.0,1,16.2,22.4,2026-10-06T21:44:18.896077+00:00,WIND_WARNING
401858481,Indiana,Nebraska,7.5,7.5,0.0,False,False,False,51.5,51.5,0.0,False,OBSERVED_UNTIMESTAMPED,2026-10-06T21:45:39.701104+00:00,,CAPTURED,2026-10-10T16:00:00+00:00,77.6,0,20.8,37.8,2026-10-06T21:44:17.895852+00:00,WIND_WARNING
401858482,Ball State,Northwestern,-36.5,-36.5,0.0,False,False,False,52.5,52.5,0.0,False,OBSERVED_UNTIMESTAMPED,2026-10-06T21:45:39.701104+00:00,,CAPTURED,2026-10-10T16:00:00+00:00,76.5,0,12.5,26.2,2026-10-06T21:44:17.899852+00:00,WIND_WARNING
401858483,Maryland,Ohio State,-34.5,-34.5,0.0,False,False,False,56.5,56.5,0.0,False,OBSERVED_UNTIMESTAMPED,2026-10-06T21:45:39.701104+00:00,,CAPTURED,2026-10-10T20:00:00+00:00,81.0,0,6.9,10.1,2026-10-06T21:44:19.412984+00:00,
401858484,UCLA,Oregon,-11.5,-11.5,0.0,False,False,False,59.5,58.5,1.0,False,OBSERVED_UNTIMESTAMPED,2026-10-06T21:45:39.701104+00:00,,CAPTURED,2026-10-10T19:00:00+00:00,60.2,13,2.2,5.1,2026-10-06T21:44:18.925905+00:00,
401858485,USC,Penn State,-1.5,-1.5,0.0,False,False,False,54.5,54.5,0.0,False,OBSERVED_UNTIMESTAMPED,2026-10-06T21:45:39.701104+00:00,,CAPTURED,2026-10-10T23:00:00+00:00,58.9,0,4.5,3.8,2026-10-06T21:44:19.922805+00:00,
401858486,Minnesota,Purdue,2.5,2.5,0.0,False,False,False,50.5,50.5,0.0,False,OBSERVED_UNTIMESTAMPED,2026-10-06T21:45:39.701104+00:00,,CAPTURED,2026-10-11T00:00:00+00:00,72.4,0,9.4,24.4,2026-10-06T21:44:19.937347+00:00,
401858487,Iowa,Washington,-2.5,-3.0,0.5,False,True,False,41.5,41.5,0.0,False,OBSERVED_UNTIMESTAMPED,2026-10-06T21:45:39.701104+00:00,,CAPTURED,2026-10-10T01:00:00+00:00,53.3,38,9.8,9.4,2026-10-06T21:44:16.344132+00:00,
401860901,Boise State,Fresno State,6.5,6.5,0.0,False,False,False,48.5,48.5,0.0,False,OBSERVED_UNTIMESTAMPED,2026-10-06T21:45:39.701104+00:00,,CAPTURED,2026-10-11T02:00:00+00:00,82.8,1,14.2,17.0,2026-10-06T21:44:19.942869+00:00,
401860902,San Diego State,Oregon State,-14.5,-14.5,0.0,False,False,False,55.5,53.5,2.0,False,OBSERVED_UNTIMESTAMPED,2026-10-06T21:45:39.701104+00:00,,CAPTURED,2026-10-10T22:00:00+00:00,59.2,21,8.4,8.5,2026-10-06T21:44:19.414995+00:00,
401860922,Washington State,Utah State,-5.5,-5.5,0.0,False,False,False,43.5,44.5,-1.0,False,OBSERVED_UNTIMESTAMPED,2026-10-06T21:45:39.701104+00:00,,CAPTURED,2026-10-10T01:00:00+00:00,68.1,0,8.5,6.9,2026-10-06T21:44:17.401327+00:00,
401861964,UConn,Temple,-3.5,-3.5,0.0,False,False,False,54.5,54.5,0.0,False,OBSERVED_UNTIMESTAMPED,2026-10-06T21:45:39.701104+00:00,,CAPTURED,2026-10-10T20:00:00+00:00,74.4,0,7.9,9.4,2026-10-06T21:44:18.926911+00:00,
401862794,South Florida,UTSA,-7.5,-7.0,0.5,False,False,True,50.5,49.5,1.0,False,OBSERVED_UNTIMESTAMPED,2026-10-06T21:45:39.701104+00:00,,DOME_WEATHER_NONFACTOR,,,,,,2026-10-06T21:44:16.339580+00:00,
401862795,Tulane,Army,-3.5,-3.0,-0.5,False,True,False,47.5,48.5,1.0,False,OBSERVED_UNTIMESTAMPED,2026-10-06T21:45:39.701104+00:00,,CAPTURED,2026-10-10T16:00:00+00:00,64.7,0,3.1,5.6,2026-10-06T21:44:17.407385+00:00,
401862796,Charlotte,North Texas,-28.5,-28.5,0.0,False,False,False,58.5,57.5,1.0,False,OBSERVED_UNTIMESTAMPED,2026-10-06T21:45:39.701104+00:00,,CAPTURED,2026-10-10T19:00:00+00:00,83.5,0,7.0,8.5,2026-10-06T21:44:18.430941+00:00,
401862797,Rice,East Carolina,-9.5,-10.0,0.5,False,False,False,48.5,47.5,1.0,False,OBSERVED_UNTIMESTAMPED,2026-10-06T21:45:39.701104+00:00,,CAPTURED,2026-10-10T20:00:00+00:00,75.8,9,9.4,12.5,2026-10-06T21:44:18.927905+00:00,
401862798,UAB,Memphis,-14.5,-14.0,0.5,False,False,False,56.5,57.5,-1.0,False,OBSERVED_UNTIMESTAMPED,2026-10-06T21:45:39.701104+00:00,,CAPTURED,2026-10-10T23:00:00+00:00,65.3,54,13.5,27.5,2026-10-06T21:44:19.419999+00:00,WIND_WARNING;PRECIPITATION_WARNING
401862799,Tulsa,Navy,-2.5,-2.5,0.0,False,False,False,48.5,48.5,0.0,False,OBSERVED_UNTIMESTAMPED,2026-10-06T21:45:39.701104+00:00,,CAPTURED,2026-10-10T19:00:00+00:00,69.7,0,7.9,9.8,2026-10-06T21:44:18.897065+00:00,
401864516,Air Force,Northern Illinois,7.5,7.5,0.0,False,False,False,46.5,46.5,0.0,False,OBSERVED_UNTIMESTAMPED,2026-10-06T21:45:39.701104+00:00,,CAPTURED,2026-10-10T23:00:00+00:00,73.3,1,7.4,7.8,2026-10-06T21:44:19.438127+00:00,
401864517,Nevada,UTEP,8.5,9.5,1.0,False,False,False,49.5,49.5,0.0,False,OBSERVED_UNTIMESTAMPED,2026-10-06T21:45:39.701104+00:00,,CAPTURED,2026-10-10T23:00:00+00:00,84.1,1,11.1,11.9,2026-10-06T21:44:19.423541+00:00,
401864518,North Dakota State,UNLV,3.5,3.0,-0.5,False,True,False,48.5,47.5,1.0,False,OBSERVED_UNTIMESTAMPED,2026-10-06T21:45:39.701104+00:00,,DOME_WEATHER_NONFACTOR,,,,,,2026-10-06T21:44:19.434129+00:00,
401864519,Wyoming,San José State,-6.5,-6.0,-0.5,False,False,False,43.5,43.5,0.0,False,OBSERVED_UNTIMESTAMPED,2026-10-06T21:45:39.701104+00:00,,CAPTURED,2026-10-10T01:00:00+00:00,84.1,0,6.0,6.5,2026-10-06T21:44:17.398821+00:00,
401866435,Eastern Michigan,Akron,6.5,7.0,-0.5,False,False,True,52.5,51.5,1.0,False,OBSERVED_UNTIMESTAMPED,2026-10-06T21:45:39.701104+00:00,,CAPTURED,2026-10-10T19:00:00+00:00,78.0,0,10.2,14.3,2026-10-06T21:44:18.409165+00:00,
401866436,Sacramento State,Bowling Green,-7.5,-7.5,0.0,False,False,False,44.5,44.5,0.0,False,OBSERVED_UNTIMESTAMPED,2026-10-06T21:45:39.701104+00:00,,CAPTURED,2026-10-10T16:00:00+00:00,74.4,0,11.9,18.6,2026-10-06T21:44:17.419923+00:00,
401866437,Buffalo,Toledo,-20.5,-20.5,0.0,False,False,False,54.5,54.5,0.0,False,OBSERVED_UNTIMESTAMPED,2026-10-06T21:45:39.701104+00:00,,CAPTURED,2026-10-10T19:00:00+00:00,83.7,0,9.8,17.0,2026-10-06T21:44:18.433800+00:00,
401866438,Central Michigan,Ohio,-2.5,-3.0,0.5,False,True,False,46.5,46.5,0.0,False,OBSERVED_UNTIMESTAMPED,2026-10-06T21:45:39.701104+00:00,,CAPTURED,2026-10-10T19:00:00+00:00,79.4,2,6.1,9.4,2026-10-06T21:44:18.404164+00:00,
401866439,Kent State,Western Michigan,-13.5,-13.5,0.0,False,False,False,43.5,43.5,0.0,False,OBSERVED_UNTIMESTAMPED,2026-10-06T21:45:39.701104+00:00,,CAPTURED,2026-10-10T19:00:00+00:00,82.7,0,15.2,20.6,2026-10-06T21:44:18.900064+00:00,WIND_WARNING
401866440,Miami (OH),Massachusetts,2.5,2.5,0.0,False,False,False,46.5,47.5,1.0,False,OBSERVED_UNTIMESTAMPED,2026-10-06T21:45:39.701104+00:00,,CAPTURED,2026-10-10T18:00:00+00:00,63.7,0,5.0,9.2,2026-10-06T21:44:17.916958+00:00,
401869843,Old Dominion,App State,-9.5,-9.5,0.0,False,False,False,50.5,50.5,0.0,False,OBSERVED_UNTIMESTAMPED,2026-10-06T21:45:39.701104+00:00,,CAPTURED,2026-10-10T17:00:00+00:00,64.6,7,8.4,14.1,2026-10-06T21:44:17.914931+00:00,
401869933,South Alabama,Arkansas State,-1.5,-1.5,0.0,False,False,False,57.5,58.5,-1.0,False,OBSERVED_UNTIMESTAMPED,2026-10-06T21:45:39.701104+00:00,,CAPTURED,2026-10-08T23:00:00+00:00,83.5,0,2.8,4.0,2026-10-06T21:44:16.341098+00:00,
401869943,Coastal Carolina,Marshall,-2.5,-3.0,-0.5,False,True,False,58.5,58.5,0.0,False,OBSERVED_UNTIMESTAMPED,2026-10-06T21:45:39.701104+00:00,,CAPTURED,2026-10-10T23:00:00+00:00,71.2,3,6.0,17.9,2026-10-06T21:44:19.429561+00:00,
401869949,James Madison,Georgia Southern,7.5,7.5,0.0,False,False,False,55.5,54.5,1.0,False,OBSERVED_UNTIMESTAMPED,2026-10-06T21:45:39.701104+00:00,,CAPTURED,2026-10-10T23:00:00+00:00,65.9,68,11.4,29.8,2026-10-06T21:44:19.933336+00:00,WIND_WARNING;PRECIPITATION_WARNING
401869965,Louisiana,Louisiana Tech,-2.5,-3.0,-0.5,False,True,False,48.5,47.5,1.0,False,OBSERVED_UNTIMESTAMPED,2026-10-06T21:45:39.701104+00:00,,CAPTURED,2026-10-10T23:00:00+00:00,68.5,44,5.7,16.3,2026-10-06T21:44:19.434129+00:00,
401870766,Sam Houston,Liberty,-13.5,-13.5,0.0,False,False,False,52.5,52.5,0.0,False,OBSERVED_UNTIMESTAMPED,2026-10-06T21:45:39.701104+00:00,,CAPTURED,2026-10-08T23:00:00+00:00,70.5,0,3.5,3.6,2026-10-06T21:44:16.335584+00:00,
401871051,Jacksonville State,Kennesaw State,2.5,3.0,0.5,False,True,False,49.5,49.5,0.0,False,OBSERVED_UNTIMESTAMPED,2026-10-06T21:45:39.701104+00:00,,CAPTURED,2026-10-07T23:00:00+00:00,71.8,0,3.8,5.8,2026-10-06T21:44:16.330027+00:00,
401871052,Missouri State,Western Kentucky,-2.5,-2.5,0.0,False,False,False,56.5,56.5,0.0,False,OBSERVED_UNTIMESTAMPED,2026-10-06T21:45:39.701104+00:00,,CAPTURED,2026-10-08T23:00:00+00:00,77.7,0,6.4,8.7,2026-10-06T21:44:16.337581+00:00,
401871066,New Mexico State,Florida International,-6.5,-6.5,0.0,False,False,False,47.5,47.5,0.0,False,OBSERVED_UNTIMESTAMPED,2026-10-06T21:45:39.701104+00:00,,CAPTURED,2026-10-07T23:00:00+00:00,79.6,34,4.3,4.7,2026-10-06T21:44:16.332563+00:00,
401871090,Southern Miss,Troy,-10.5,-10.0,0.5,False,False,False,50.5,52.5,-2.0,False,OBSERVED_UNTIMESTAMPED,2026-10-06T21:45:39.701104+00:00,,CAPTURED,2026-10-07T00:00:00+00:00,70.5,1,5.2,12.8,2026-10-06T21:44:16.329028+00:00,
