game_id,away,home,selection,locked_spread,projected_home_margin,raw_selected_edge,away_fbs_sample,home_fbs_sample,prior_fcs_exposure,prior_35_plus_blowout_exposure,qb_certainty,opponent_strength_adjustment_availability,current_market_spread,market_agreement,structural_warnings,analytical_classification,classification_is_audit_only
401856716,Texas A&M,Missouri,Missouri,-3.5,11.664562506153095,8.164562506153095,5,4,1,2,UNVERIFIED,NOT_IN_ACTIVE_MODEL,-3.5,0.0,PRIOR_FCS_EXPOSURE;PRIOR_35_PLUS_BLOWOUT;QB_UNVERIFIED,QB_UNCERTAINTY,True
401856717,Texas,Oklahoma,Oklahoma,7.5,2.59205754232226,10.09205754232226,4,4,0,2,UNVERIFIED,NOT_IN_ACTIVE_MODEL,8.5,-1.0,PRIOR_35_PLUS_BLOWOUT;QB_UNVERIFIED,QB_UNCERTAINTY,True
401856718,Ole Miss,Vanderbilt,Vanderbilt,10.5,4.444332275501417,14.944332275501417,4,4,1,0,UNVERIFIED,NOT_IN_ACTIVE_MODEL,10.0,0.5,PRIOR_FCS_EXPOSURE;QB_UNVERIFIED,QB_UNCERTAINTY,True
401856808,Hawai'i,Arizona State,Hawai'i,20.5,5.14966882346099,15.35033117653901,5,3,1,2,UNVERIFIED,NOT_IN_ACTIVE_MODEL,-20.5,0.0,LIMITED_FBS_SAMPLE;PRIOR_FCS_EXPOSURE;PRIOR_35_PLUS_BLOWOUT;QB_UNVERIFIED,FRAGILE_SAMPLE,True
401856827,Kansas,Utah,Kansas,15.5,8.06795696108113,7.43204303891887,3,3,2,3,UNVERIFIED,NOT_IN_ACTIVE_MODEL,,,LIMITED_FBS_SAMPLE;PRIOR_FCS_EXPOSURE;PRIOR_35_PLUS_BLOWOUT;MARKET_MISSING;QB_UNVERIFIED;PRECIPITATION_WARNING,FRAGILE_SAMPLE,True
401858256,North Carolina,Pittsburgh,Pittsburgh,-3.5,10.541690364740688,7.041690364740688,3,4,2,2,UNVERIFIED,NOT_IN_ACTIVE_MODEL,-3.5,0.0,LIMITED_FBS_SAMPLE;PRIOR_FCS_EXPOSURE;PRIOR_35_PLUS_BLOWOUT;QB_UNVERIFIED,FRAGILE_SAMPLE,True
401858257,Stanford,Notre Dame,Stanford,37.5,25.200250314824867,12.299749685175133,5,5,0,4,UNVERIFIED,NOT_IN_ACTIVE_MODEL,-38.5,-1.0,PRIOR_35_PLUS_BLOWOUT;QB_UNVERIFIED,QB_UNCERTAINTY,True
401858481,Indiana,Nebraska,Nebraska,7.5,1.7438672327615863,9.243867232761586,4,4,2,4,UNVERIFIED,NOT_IN_ACTIVE_MODEL,7.5,0.0,PRIOR_FCS_EXPOSURE;PRIOR_35_PLUS_BLOWOUT;QB_UNVERIFIED;WIND_WARNING,QB_UNCERTAINTY,True
401858482,Ball State,Northwestern,Ball State,36.5,18.583508992422512,17.916491007577488,4,3,2,2,UNVERIFIED,NOT_IN_ACTIVE_MODEL,-36.5,0.0,LIMITED_FBS_SAMPLE;PRIOR_FCS_EXPOSURE;PRIOR_35_PLUS_BLOWOUT;QB_UNVERIFIED;WIND_WARNING,FRAGILE_SAMPLE,True
401858483,Maryland,Ohio State,Maryland,34.5,19.02140536457984,15.478594635420158,4,5,1,4,UNVERIFIED,NOT_IN_ACTIVE_MODEL,-34.5,0.0,PRIOR_FCS_EXPOSURE;PRIOR_35_PLUS_BLOWOUT;QB_UNVERIFIED,QB_UNCERTAINTY,True
401858484,UCLA,Oregon,UCLA,11.5,-1.1029753712128647,12.602975371212864,4,3,1,2,UNVERIFIED,NOT_IN_ACTIVE_MODEL,-11.5,0.0,LIMITED_FBS_SAMPLE;PRIOR_FCS_EXPOSURE;PRIOR_35_PLUS_BLOWOUT;QB_UNVERIFIED,FRAGILE_SAMPLE,True
401862796,Charlotte,North Texas,Charlotte,28.5,17.941765498446564,10.558234501553436,4,4,2,4,UNVERIFIED,NOT_IN_ACTIVE_MODEL,-28.5,0.0,PRIOR_FCS_EXPOSURE;PRIOR_35_PLUS_BLOWOUT;QB_UNVERIFIED,QB_UNCERTAINTY,True
401862798,UAB,Memphis,UAB,14.5,6.06080290216066,8.43919709783934,4,4,2,1,UNVERIFIED,NOT_IN_ACTIVE_MODEL,-14.0,0.5,PRIOR_FCS_EXPOSURE;PRIOR_35_PLUS_BLOWOUT;QB_UNVERIFIED;WIND_WARNING;PRECIPITATION_WARNING,QB_UNCERTAINTY,True
401866439,Kent State,Western Michigan,Kent State,13.5,5.612034587721783,7.887965412278217,4,4,2,3,UNVERIFIED,NOT_IN_ACTIVE_MODEL,-13.5,0.0,PRIOR_FCS_EXPOSURE;PRIOR_35_PLUS_BLOWOUT;QB_UNVERIFIED;WIND_WARNING,QB_UNCERTAINTY,True
401866440,Miami (OH),Massachusetts,Massachusetts,2.5,13.25417281577491,15.75417281577491,4,3,3,2,UNVERIFIED,NOT_IN_ACTIVE_MODEL,2.5,0.0,LIMITED_FBS_SAMPLE;PRIOR_FCS_EXPOSURE;PRIOR_35_PLUS_BLOWOUT;QB_UNVERIFIED,FRAGILE_SAMPLE,True
401871052,Missouri State,Western Kentucky,Missouri State,2.5,-5.2801750903481,7.7801750903481,3,4,2,5,UNVERIFIED,NOT_IN_ACTIVE_MODEL,-2.5,0.0,LIMITED_FBS_SAMPLE;PRIOR_FCS_EXPOSURE;PRIOR_35_PLUS_BLOWOUT;QB_UNVERIFIED,FRAGILE_SAMPLE,True
