game_id,away,home,kickoff_utc,venue_id,game_status,away_fbs_games_before_week6,home_fbs_games_before_week6,away_prior_fcs_games,home_prior_fcs_games,away_prior_35_plus_blowouts,home_prior_35_plus_blowouts,away_rest_days,home_rest_days,away_travel_miles_from_prior_venue,home_travel_miles_from_prior_venue,qb_status,injury_status,market_status,weather_status,structural_warnings,opponent_strength_adjustment_availability,coaching_context,travel_context,schedule_source,qb_source,injury_source,market_source,weather_source
401856712,Georgia,Alabama,2026-10-10T23:30:00+00:00,3657,SCHEDULED,4,5,1,0,2,1,7.3,7.3,245.8,73.8,UNVERIFIED,UNVERIFIED_INCOMPLETE_ESPN_COVERAGE,OBSERVED_UNTIMESTAMPED,CAPTURED,PRIOR_FCS_EXPOSURE;PRIOR_35_PLUS_BLOWOUT;QB_UNVERIFIED;WIND_WARNING;PRECIPITATION_WARNING,NOT_IN_ACTIVE_MODEL,UNVERIFIED_NO_NUMERIC_ADJUSTMENT,VENUE_AND_PRIOR_GAME_AVAILABLE_NO_NUMERIC_ADJUSTMENT,CFBD 2026 FBS games capture,https://site.api.espn.com/apis/site/v2/sports/football/college-football/summary,ESPN injury feed; incomplete 3-team coverage,DraftKings via ESPN scoreboard; provider observation time absent,https://api.open-meteo.com/v1/forecast
401856713,Tennessee,Arkansas,2026-10-10T20:15:00+00:00,3887,SCHEDULED,4,4,1,1,1,0,7.0,6.9,572.9,397.2,UNVERIFIED,UNVERIFIED_INCOMPLETE_ESPN_COVERAGE,OBSERVED_UNTIMESTAMPED,CAPTURED,PRIOR_FCS_EXPOSURE;PRIOR_35_PLUS_BLOWOUT;QB_UNVERIFIED,NOT_IN_ACTIVE_MODEL,UNVERIFIED_NO_NUMERIC_ADJUSTMENT,VENUE_AND_PRIOR_GAME_AVAILABLE_NO_NUMERIC_ADJUSTMENT,CFBD 2026 FBS games capture,https://site.api.espn.com/apis/site/v2/sports/football/college-football/summary,ESPN injury feed; incomplete 3-team coverage,DraftKings via ESPN scoreboard; provider observation time absent,https://api.open-meteo.com/v1/forecast
401856714,South Carolina,Florida,2026-10-10T16:45:00+00:00,3634,SCHEDULED,4,4,1,1,2,2,6.9,6.9,308.7,857.0,UNVERIFIED,UNVERIFIED_INCOMPLETE_ESPN_COVERAGE,OBSERVED_UNTIMESTAMPED,CAPTURED,PRIOR_FCS_EXPOSURE;PRIOR_35_PLUS_BLOWOUT;QB_UNVERIFIED;PRECIPITATION_WARNING,NOT_IN_ACTIVE_MODEL,UNVERIFIED_NO_NUMERIC_ADJUSTMENT,VENUE_AND_PRIOR_GAME_AVAILABLE_NO_NUMERIC_ADJUSTMENT,CFBD 2026 FBS games capture,https://site.api.espn.com/apis/site/v2/sports/football/college-football/summary,ESPN injury feed; incomplete 3-team coverage,DraftKings via ESPN scoreboard; provider observation time absent,https://api.open-meteo.com/v1/forecast
401856715,LSU,Kentucky,2026-10-10T23:00:00+00:00,3683,SCHEDULED,4,4,1,1,2,0,7.0,7.1,649.2,340.9,UNVERIFIED,UNVERIFIED_INCOMPLETE_ESPN_COVERAGE,OBSERVED_UNTIMESTAMPED,CAPTURED,PRIOR_FCS_EXPOSURE;PRIOR_35_PLUS_BLOWOUT;QB_UNVERIFIED,NOT_IN_ACTIVE_MODEL,UNVERIFIED_NO_NUMERIC_ADJUSTMENT,VENUE_AND_PRIOR_GAME_AVAILABLE_NO_NUMERIC_ADJUSTMENT,CFBD 2026 FBS games capture,https://site.api.espn.com/apis/site/v2/sports/football/college-football/summary,ESPN injury feed; incomplete 3-team coverage,DraftKings via ESPN scoreboard; provider observation time absent,https://api.open-meteo.com/v1/forecast
401856716,Texas A&M,Missouri,2026-10-10T16:00:00+00:00,3838,SCHEDULED,5,4,0,1,1,1,6.7,6.9,618.4,0.0,UNVERIFIED,UNVERIFIED_INCOMPLETE_ESPN_COVERAGE,OBSERVED_UNTIMESTAMPED,CAPTURED,PRIOR_FCS_EXPOSURE;PRIOR_35_PLUS_BLOWOUT;QB_UNVERIFIED,NOT_IN_ACTIVE_MODEL,UNVERIFIED_NO_NUMERIC_ADJUSTMENT,VENUE_AND_PRIOR_GAME_AVAILABLE_NO_NUMERIC_ADJUSTMENT,CFBD 2026 FBS games capture,https://site.api.espn.com/apis/site/v2/sports/football/college-football/summary,ESPN injury feed; incomplete 3-team coverage,DraftKings via ESPN scoreboard; provider observation time absent,https://api.open-meteo.com/v1/forecast
401856717,Texas,Oklahoma,2026-10-10T19:30:00+00:00,499,SCHEDULED,4,4,0,0,1,1,14.1,14.0,763.5,776.1,UNVERIFIED,UNVERIFIED_INCOMPLETE_ESPN_COVERAGE,OBSERVED_UNTIMESTAMPED,CAPTURED,PRIOR_35_PLUS_BLOWOUT;QB_UNVERIFIED,NOT_IN_ACTIVE_MODEL,UNVERIFIED_NO_NUMERIC_ADJUSTMENT,VENUE_AND_PRIOR_GAME_AVAILABLE_NO_NUMERIC_ADJUSTMENT,CFBD 2026 FBS games capture,https://site.api.espn.com/apis/site/v2/sports/football/college-football/summary,ESPN injury feed; incomplete 3-team coverage,DraftKings via ESPN scoreboard; provider observation time absent,https://api.open-meteo.com/v1/forecast
401856718,Ole Miss,Vanderbilt,2026-10-10T19:30:00+00:00,3973,SCHEDULED,4,4,0,1,0,0,14.0,7.1,517.8,246.4,UNVERIFIED,UNVERIFIED_INCOMPLETE_ESPN_COVERAGE,OBSERVED_UNTIMESTAMPED,CAPTURED,PRIOR_FCS_EXPOSURE;QB_UNVERIFIED,NOT_IN_ACTIVE_MODEL,UNVERIFIED_NO_NUMERIC_ADJUSTMENT,VENUE_AND_PRIOR_GAME_AVAILABLE_NO_NUMERIC_ADJUSTMENT,CFBD 2026 FBS games capture,https://site.api.espn.com/apis/site/v2/sports/football/college-football/summary,ESPN injury feed; incomplete 3-team coverage,DraftKings via ESPN scoreboard; provider observation time absent,https://api.open-meteo.com/v1/forecast
401856808,Hawai'i,Arizona State,2026-10-11T02:30:00+00:00,3947,SCHEDULED,5,3,0,1,0,2,6.9,7.0,2912.7,0.0,UNVERIFIED,UNVERIFIED_INCOMPLETE_ESPN_COVERAGE,OBSERVED_UNTIMESTAMPED,CAPTURED,LIMITED_FBS_SAMPLE;PRIOR_FCS_EXPOSURE;PRIOR_35_PLUS_BLOWOUT;QB_UNVERIFIED,NOT_IN_ACTIVE_MODEL,UNVERIFIED_NO_NUMERIC_ADJUSTMENT,VENUE_AND_PRIOR_GAME_AVAILABLE_NO_NUMERIC_ADJUSTMENT,CFBD 2026 FBS games capture,https://site.api.espn.com/apis/site/v2/sports/football/college-football/summary,ESPN injury feed; incomplete 3-team coverage,DraftKings via ESPN scoreboard; provider observation time absent,https://api.open-meteo.com/v1/forecast
401856823,Arizona,West Virginia,2026-10-10T16:00:00+00:00,3842,SCHEDULED,4,4,1,1,0,1,6.5,7.0,1797.9,732.7,UNVERIFIED,UNVERIFIED_INCOMPLETE_ESPN_COVERAGE,OBSERVED_UNTIMESTAMPED,CAPTURED,PRIOR_FCS_EXPOSURE;PRIOR_35_PLUS_BLOWOUT;QB_UNVERIFIED,NOT_IN_ACTIVE_MODEL,UNVERIFIED_NO_NUMERIC_ADJUSTMENT,VENUE_AND_PRIOR_GAME_AVAILABLE_NO_NUMERIC_ADJUSTMENT,CFBD 2026 FBS games capture,https://site.api.espn.com/apis/site/v2/sports/football/college-football/summary,ESPN injury feed; incomplete 3-team coverage,DraftKings via ESPN scoreboard; provider observation time absent,https://api.open-meteo.com/v1/forecast
401856824,UCF,Oklahoma State,2026-10-10T16:00:00+00:00,3646,SCHEDULED,4,3,1,1,1,1,7.0,13.7,453.5,962.7,UNVERIFIED,UNVERIFIED_INCOMPLETE_ESPN_COVERAGE,OBSERVED_UNTIMESTAMPED,CAPTURED,LIMITED_FBS_SAMPLE;PRIOR_FCS_EXPOSURE;PRIOR_35_PLUS_BLOWOUT;QB_UNVERIFIED,NOT_IN_ACTIVE_MODEL,UNVERIFIED_NO_NUMERIC_ADJUSTMENT,VENUE_AND_PRIOR_GAME_AVAILABLE_NO_NUMERIC_ADJUSTMENT,CFBD 2026 FBS games capture,https://site.api.espn.com/apis/site/v2/sports/football/college-football/summary,ESPN injury feed; incomplete 3-team coverage,DraftKings via ESPN scoreboard; provider observation time absent,https://api.open-meteo.com/v1/forecast
401856825,Houston,Kansas State,2026-10-10T19:30:00+00:00,3636,SCHEDULED,4,3,1,1,1,1,7.1,13.9,658.8,646.5,UNVERIFIED,UNVERIFIED_INCOMPLETE_ESPN_COVERAGE,OBSERVED_UNTIMESTAMPED,CAPTURED,LIMITED_FBS_SAMPLE;PRIOR_FCS_EXPOSURE;PRIOR_35_PLUS_BLOWOUT;QB_UNVERIFIED;WIND_WARNING,NOT_IN_ACTIVE_MODEL,UNVERIFIED_NO_NUMERIC_ADJUSTMENT,VENUE_AND_PRIOR_GAME_AVAILABLE_NO_NUMERIC_ADJUSTMENT,CFBD 2026 FBS games capture,https://site.api.espn.com/apis/site/v2/sports/football/college-football/summary,ESPN injury feed; incomplete 3-team coverage,DraftKings via ESPN scoreboard; provider observation time absent,https://api.open-meteo.com/v1/forecast
401856826,Iowa State,BYU,2026-10-10T02:15:00+00:00,3801,SCHEDULED,4,3,1,1,1,1,6.4,6.1,943.7,947.8,UNVERIFIED,UNVERIFIED_INCOMPLETE_ESPN_COVERAGE,OBSERVED_UNTIMESTAMPED,CAPTURED,LIMITED_FBS_SAMPLE;PRIOR_FCS_EXPOSURE;PRIOR_35_PLUS_BLOWOUT;QB_UNVERIFIED,NOT_IN_ACTIVE_MODEL,UNVERIFIED_NO_NUMERIC_ADJUSTMENT,VENUE_AND_PRIOR_GAME_AVAILABLE_NO_NUMERIC_ADJUSTMENT,CFBD 2026 FBS games capture,https://site.api.espn.com/apis/site/v2/sports/football/college-football/summary,ESPN injury feed; incomplete 3-team coverage,DraftKings via ESPN scoreboard; provider observation time absent,https://api.open-meteo.com/v1/forecast
401856827,Kansas,Utah,2026-10-11T02:15:00+00:00,587,SCHEDULED,3,3,1,1,2,1,7.4,14.3,887.9,946.3,UNVERIFIED,UNVERIFIED_INCOMPLETE_ESPN_COVERAGE,MISSING_MARKET,CAPTURED,LIMITED_FBS_SAMPLE;PRIOR_FCS_EXPOSURE;PRIOR_35_PLUS_BLOWOUT;MARKET_MISSING;QB_UNVERIFIED;PRECIPITATION_WARNING,NOT_IN_ACTIVE_MODEL,UNVERIFIED_NO_NUMERIC_ADJUSTMENT,VENUE_AND_PRIOR_GAME_AVAILABLE_NO_NUMERIC_ADJUSTMENT,CFBD 2026 FBS games capture,https://site.api.espn.com/apis/site/v2/sports/football/college-football/summary,ESPN injury feed; incomplete 3-team coverage,DraftKings via ESPN scoreboard; provider observation time absent,https://api.open-meteo.com/v1/forecast
401858254,Florida State,Louisville,2026-10-09T23:00:00+00:00,3873,SCHEDULED,4,4,1,1,0,1,6.1,6.1,543.1,422.3,UNVERIFIED,UNVERIFIED_INCOMPLETE_ESPN_COVERAGE,OBSERVED_UNTIMESTAMPED,CAPTURED,PRIOR_FCS_EXPOSURE;PRIOR_35_PLUS_BLOWOUT;QB_UNVERIFIED,NOT_IN_ACTIVE_MODEL,UNVERIFIED_NO_NUMERIC_ADJUSTMENT,VENUE_AND_PRIOR_GAME_AVAILABLE_NO_NUMERIC_ADJUSTMENT,CFBD 2026 FBS games capture,https://site.api.espn.com/apis/site/v2/sports/football/college-football/summary,ESPN injury feed; incomplete 3-team coverage,DraftKings via ESPN scoreboard; provider observation time absent,https://api.open-meteo.com/v1/forecast
401858255,Duke,Georgia Tech,2026-10-10T19:30:00+00:00,721,SCHEDULED,3,3,1,1,1,0,14.0,13.7,345.0,2122.6,UNVERIFIED,UNVERIFIED_INCOMPLETE_ESPN_COVERAGE,OBSERVED_UNTIMESTAMPED,CAPTURED,LIMITED_FBS_SAMPLE;PRIOR_FCS_EXPOSURE;PRIOR_35_PLUS_BLOWOUT;QB_UNVERIFIED;WIND_WARNING;PRECIPITATION_WARNING,NOT_IN_ACTIVE_MODEL,UNVERIFIED_NO_NUMERIC_ADJUSTMENT,VENUE_AND_PRIOR_GAME_AVAILABLE_NO_NUMERIC_ADJUSTMENT,CFBD 2026 FBS games capture,https://site.api.espn.com/apis/site/v2/sports/football/college-football/summary,ESPN injury feed; incomplete 3-team coverage,DraftKings via ESPN scoreboard; provider observation time absent,https://api.open-meteo.com/v1/forecast
401858256,North Carolina,Pittsburgh,2026-10-10T16:00:00+00:00,3752,SCHEDULED,3,4,1,1,0,2,7.0,7.7,318.0,224.0,UNVERIFIED,UNVERIFIED_INCOMPLETE_ESPN_COVERAGE,OBSERVED_UNTIMESTAMPED,CAPTURED,LIMITED_FBS_SAMPLE;PRIOR_FCS_EXPOSURE;PRIOR_35_PLUS_BLOWOUT;QB_UNVERIFIED,NOT_IN_ACTIVE_MODEL,UNVERIFIED_NO_NUMERIC_ADJUSTMENT,VENUE_AND_PRIOR_GAME_AVAILABLE_NO_NUMERIC_ADJUSTMENT,CFBD 2026 FBS games capture,https://site.api.espn.com/apis/site/v2/sports/football/college-football/summary,ESPN injury feed; incomplete 3-team coverage,DraftKings via ESPN scoreboard; provider observation time absent,https://api.open-meteo.com/v1/forecast
401858257,Stanford,Notre Dame,2026-10-10T19:30:00+00:00,3855,SCHEDULED,5,5,0,0,2,2,7.1,7.1,501.1,556.2,UNVERIFIED,UNVERIFIED_INCOMPLETE_ESPN_COVERAGE,OBSERVED_UNTIMESTAMPED,CAPTURED,PRIOR_35_PLUS_BLOWOUT;QB_UNVERIFIED,NOT_IN_ACTIVE_MODEL,UNVERIFIED_NO_NUMERIC_ADJUSTMENT,VENUE_AND_PRIOR_GAME_AVAILABLE_NO_NUMERIC_ADJUSTMENT,CFBD 2026 FBS games capture,https://site.api.espn.com/apis/site/v2/sports/football/college-football/summary,ESPN injury feed; incomplete 3-team coverage,DraftKings via ESPN scoreboard; provider observation time absent,https://api.open-meteo.com/v1/forecast
401858258,Syracuse,Virginia,2026-10-10T23:30:00+00:00,3923,SCHEDULED,3,4,1,1,1,2,7.3,7.2,404.8,619.9,UNVERIFIED,UNVERIFIED_INCOMPLETE_ESPN_COVERAGE,OBSERVED_UNTIMESTAMPED,CAPTURED,LIMITED_FBS_SAMPLE;PRIOR_FCS_EXPOSURE;PRIOR_35_PLUS_BLOWOUT;QB_UNVERIFIED,NOT_IN_ACTIVE_MODEL,UNVERIFIED_NO_NUMERIC_ADJUSTMENT,VENUE_AND_PRIOR_GAME_AVAILABLE_NO_NUMERIC_ADJUSTMENT,CFBD 2026 FBS games capture,https://site.api.espn.com/apis/site/v2/sports/football/college-football/summary,ESPN injury feed; incomplete 3-team coverage,DraftKings via ESPN scoreboard; provider observation time absent,https://api.open-meteo.com/v1/forecast
401858259,Virginia Tech,California,2026-10-10T19:30:00+00:00,3831,SCHEDULED,4,4,1,1,1,1,7.9,7.0,2272.6,408.9,UNVERIFIED,UNVERIFIED_INCOMPLETE_ESPN_COVERAGE,OBSERVED_UNTIMESTAMPED,CAPTURED,PRIOR_FCS_EXPOSURE;PRIOR_35_PLUS_BLOWOUT;QB_UNVERIFIED,NOT_IN_ACTIVE_MODEL,UNVERIFIED_NO_NUMERIC_ADJUSTMENT,VENUE_AND_PRIOR_GAME_AVAILABLE_NO_NUMERIC_ADJUSTMENT,CFBD 2026 FBS games capture,https://site.api.espn.com/apis/site/v2/sports/football/college-football/summary,ESPN injury feed; incomplete 3-team coverage,DraftKings via ESPN scoreboard; provider observation time absent,https://api.open-meteo.com/v1/forecast
401858260,Wake Forest,NC State,2026-10-10T16:00:00+00:00,3670,SCHEDULED,5,4,0,1,1,1,7.0,6.9,88.8,0.0,UNVERIFIED,UNVERIFIED_INCOMPLETE_ESPN_COVERAGE,OBSERVED_UNTIMESTAMPED,CAPTURED,PRIOR_FCS_EXPOSURE;PRIOR_35_PLUS_BLOWOUT;QB_UNVERIFIED,NOT_IN_ACTIVE_MODEL,UNVERIFIED_NO_NUMERIC_ADJUSTMENT,VENUE_AND_PRIOR_GAME_AVAILABLE_NO_NUMERIC_ADJUSTMENT,CFBD 2026 FBS games capture,https://site.api.espn.com/apis/site/v2/sports/football/college-football/summary,ESPN injury feed; incomplete 3-team coverage,DraftKings via ESPN scoreboard; provider observation time absent,https://api.open-meteo.com/v1/forecast
401858480,Illinois,Michigan State,2026-10-10T19:30:00+00:00,3936,SCHEDULED,4,5,1,0,1,0,7.0,7.1,266.0,250.5,UNVERIFIED,UNVERIFIED_INCOMPLETE_ESPN_COVERAGE,OBSERVED_UNTIMESTAMPED,CAPTURED,PRIOR_FCS_EXPOSURE;PRIOR_35_PLUS_BLOWOUT;QB_UNVERIFIED;WIND_WARNING,NOT_IN_ACTIVE_MODEL,UNVERIFIED_NO_NUMERIC_ADJUSTMENT,VENUE_AND_PRIOR_GAME_AVAILABLE_NO_NUMERIC_ADJUSTMENT,CFBD 2026 FBS games capture,https://site.api.espn.com/apis/site/v2/sports/football/college-football/summary,ESPN injury feed; incomplete 3-team coverage,DraftKings via ESPN scoreboard; provider observation time absent,https://api.open-meteo.com/v1/forecast
401858481,Indiana,Nebraska,2026-10-10T16:00:00+00:00,3834,SCHEDULED,4,4,1,1,3,1,6.7,6.8,1162.6,0.0,UNVERIFIED,UNVERIFIED_INCOMPLETE_ESPN_COVERAGE,OBSERVED_UNTIMESTAMPED,CAPTURED,PRIOR_FCS_EXPOSURE;PRIOR_35_PLUS_BLOWOUT;QB_UNVERIFIED;WIND_WARNING,NOT_IN_ACTIVE_MODEL,UNVERIFIED_NO_NUMERIC_ADJUSTMENT,VENUE_AND_PRIOR_GAME_AVAILABLE_NO_NUMERIC_ADJUSTMENT,CFBD 2026 FBS games capture,https://site.api.espn.com/apis/site/v2/sports/football/college-football/summary,ESPN injury feed; incomplete 3-team coverage,DraftKings via ESPN scoreboard; provider observation time absent,https://api.open-meteo.com/v1/forecast
401858482,Ball State,Northwestern,2026-10-10T16:30:00+00:00,11823,SCHEDULED,4,3,1,1,2,0,6.9,7.7,174.2,0.0,UNVERIFIED,UNVERIFIED_INCOMPLETE_ESPN_COVERAGE,OBSERVED_UNTIMESTAMPED,CAPTURED,LIMITED_FBS_SAMPLE;PRIOR_FCS_EXPOSURE;PRIOR_35_PLUS_BLOWOUT;QB_UNVERIFIED;WIND_WARNING,NOT_IN_ACTIVE_MODEL,UNVERIFIED_NO_NUMERIC_ADJUSTMENT,VENUE_AND_PRIOR_GAME_AVAILABLE_NO_NUMERIC_ADJUSTMENT,CFBD 2026 FBS games capture,https://site.api.espn.com/apis/site/v2/sports/football/college-football/summary,ESPN injury feed; incomplete 3-team coverage,DraftKings via ESPN scoreboard; provider observation time absent,https://api.open-meteo.com/v1/forecast
401858483,Maryland,Ohio State,2026-10-10T20:15:00+00:00,3861,SCHEDULED,4,5,1,0,2,2,7.0,7.0,721.5,460.3,UNVERIFIED,UNVERIFIED_INCOMPLETE_ESPN_COVERAGE,OBSERVED_UNTIMESTAMPED,CAPTURED,PRIOR_FCS_EXPOSURE;PRIOR_35_PLUS_BLOWOUT;QB_UNVERIFIED,NOT_IN_ACTIVE_MODEL,UNVERIFIED_NO_NUMERIC_ADJUSTMENT,VENUE_AND_PRIOR_GAME_AVAILABLE_NO_NUMERIC_ADJUSTMENT,CFBD 2026 FBS games capture,https://site.api.espn.com/apis/site/v2/sports/football/college-football/summary,ESPN injury feed; incomplete 3-team coverage,DraftKings via ESPN scoreboard; provider observation time absent,https://api.open-meteo.com/v1/forecast
401858484,UCLA,Oregon,2026-10-10T19:30:00+00:00,3626,SCHEDULED,4,3,0,1,1,1,14.1,13.8,2379.8,739.5,UNVERIFIED,UNVERIFIED_INCOMPLETE_ESPN_COVERAGE,OBSERVED_UNTIMESTAMPED,CAPTURED,LIMITED_FBS_SAMPLE;PRIOR_FCS_EXPOSURE;PRIOR_35_PLUS_BLOWOUT;QB_UNVERIFIED,NOT_IN_ACTIVE_MODEL,UNVERIFIED_NO_NUMERIC_ADJUSTMENT,VENUE_AND_PRIOR_GAME_AVAILABLE_NO_NUMERIC_ADJUSTMENT,CFBD 2026 FBS games capture,https://site.api.espn.com/apis/site/v2/sports/football/college-football/summary,ESPN injury feed; incomplete 3-team coverage,DraftKings via ESPN scoreboard; provider observation time absent,https://api.open-meteo.com/v1/forecast
401858485,USC,Penn State,2026-10-10T23:30:00+00:00,3632,SCHEDULED,6,5,0,0,1,2,7.0,8.0,2247.4,516.5,UNVERIFIED,UNVERIFIED_INCOMPLETE_ESPN_COVERAGE,OBSERVED_UNTIMESTAMPED,CAPTURED,PRIOR_35_PLUS_BLOWOUT;QB_UNVERIFIED,NOT_IN_ACTIVE_MODEL,UNVERIFIED_NO_NUMERIC_ADJUSTMENT,VENUE_AND_PRIOR_GAME_AVAILABLE_NO_NUMERIC_ADJUSTMENT,CFBD 2026 FBS games capture,https://site.api.espn.com/apis/site/v2/sports/football/college-football/summary,ESPN injury feed; incomplete 3-team coverage,DraftKings via ESPN scoreboard; provider observation time absent,https://api.open-meteo.com/v1/forecast
401858486,Minnesota,Purdue,2026-10-11T00:00:00+00:00,3907,SCHEDULED,4,4,1,1,1,1,7.3,7.2,448.0,73.2,UNVERIFIED,UNVERIFIED_INCOMPLETE_ESPN_COVERAGE,OBSERVED_UNTIMESTAMPED,CAPTURED,PRIOR_FCS_EXPOSURE;PRIOR_35_PLUS_BLOWOUT;QB_UNVERIFIED,NOT_IN_ACTIVE_MODEL,UNVERIFIED_NO_NUMERIC_ADJUSTMENT,VENUE_AND_PRIOR_GAME_AVAILABLE_NO_NUMERIC_ADJUSTMENT,CFBD 2026 FBS games capture,https://site.api.espn.com/apis/site/v2/sports/football/college-football/summary,ESPN injury feed; incomplete 3-team coverage,DraftKings via ESPN scoreboard; provider observation time absent,https://api.open-meteo.com/v1/forecast
401858487,Iowa,Washington,2026-10-10T01:00:00+00:00,3765,SCHEDULED,4,4,1,1,2,0,6.2,6.1,1555.7,964.9,UNVERIFIED,UNVERIFIED_INCOMPLETE_ESPN_COVERAGE,OBSERVED_UNTIMESTAMPED,CAPTURED,PRIOR_FCS_EXPOSURE;PRIOR_35_PLUS_BLOWOUT;QB_UNVERIFIED,NOT_IN_ACTIVE_MODEL,UNVERIFIED_NO_NUMERIC_ADJUSTMENT,VENUE_AND_PRIOR_GAME_AVAILABLE_NO_NUMERIC_ADJUSTMENT,CFBD 2026 FBS games capture,https://site.api.espn.com/apis/site/v2/sports/football/college-football/summary,ESPN injury feed; incomplete 3-team coverage,DraftKings via ESPN scoreboard; provider observation time absent,https://api.open-meteo.com/v1/forecast
401860901,Boise State,Fresno State,2026-10-11T02:30:00+00:00,3660,SCHEDULED,4,5,1,0,0,2,7.1,7.0,505.2,698.1,UNVERIFIED,UNVERIFIED_INCOMPLETE_ESPN_COVERAGE,OBSERVED_UNTIMESTAMPED,CAPTURED,PRIOR_FCS_EXPOSURE;PRIOR_35_PLUS_BLOWOUT;QB_UNVERIFIED,NOT_IN_ACTIVE_MODEL,UNVERIFIED_NO_NUMERIC_ADJUSTMENT,VENUE_AND_PRIOR_GAME_AVAILABLE_NO_NUMERIC_ADJUSTMENT,CFBD 2026 FBS games capture,https://site.api.espn.com/apis/site/v2/sports/football/college-football/summary,ESPN injury feed; incomplete 3-team coverage,DraftKings via ESPN scoreboard; provider observation time absent,https://api.open-meteo.com/v1/forecast
401860902,San Diego State,Oregon State,2026-10-10T22:00:00+00:00,3893,SCHEDULED,4,4,1,1,0,1,6.8,7.0,878.1,963.6,UNVERIFIED,UNVERIFIED_INCOMPLETE_ESPN_COVERAGE,OBSERVED_UNTIMESTAMPED,CAPTURED,PRIOR_FCS_EXPOSURE;PRIOR_35_PLUS_BLOWOUT;QB_UNVERIFIED,NOT_IN_ACTIVE_MODEL,UNVERIFIED_NO_NUMERIC_ADJUSTMENT,VENUE_AND_PRIOR_GAME_AVAILABLE_NO_NUMERIC_ADJUSTMENT,CFBD 2026 FBS games capture,https://site.api.espn.com/apis/site/v2/sports/football/college-football/summary,ESPN injury feed; incomplete 3-team coverage,DraftKings via ESPN scoreboard; provider observation time absent,https://api.open-meteo.com/v1/forecast
401860922,Washington State,Utah State,2026-10-10T01:00:00+00:00,3905,SCHEDULED,4,4,1,1,1,0,6.0,6.1,433.9,256.8,UNVERIFIED,UNVERIFIED_INCOMPLETE_ESPN_COVERAGE,OBSERVED_UNTIMESTAMPED,CAPTURED,PRIOR_FCS_EXPOSURE;PRIOR_35_PLUS_BLOWOUT;QB_UNVERIFIED,NOT_IN_ACTIVE_MODEL,UNVERIFIED_NO_NUMERIC_ADJUSTMENT,VENUE_AND_PRIOR_GAME_AVAILABLE_NO_NUMERIC_ADJUSTMENT,CFBD 2026 FBS games capture,https://site.api.espn.com/apis/site/v2/sports/football/college-football/summary,ESPN injury feed; incomplete 3-team coverage,DraftKings via ESPN scoreboard; provider observation time absent,https://api.open-meteo.com/v1/forecast
401861964,UConn,Temple,2026-10-10T19:45:00+00:00,3806,SCHEDULED,4,4,1,1,1,0,7.2,6.8,185.0,924.2,UNVERIFIED,UNVERIFIED_INCOMPLETE_ESPN_COVERAGE,OBSERVED_UNTIMESTAMPED,CAPTURED,PRIOR_FCS_EXPOSURE;PRIOR_35_PLUS_BLOWOUT;QB_UNVERIFIED,NOT_IN_ACTIVE_MODEL,UNVERIFIED_NO_NUMERIC_ADJUSTMENT,VENUE_AND_PRIOR_GAME_AVAILABLE_NO_NUMERIC_ADJUSTMENT,CFBD 2026 FBS games capture,https://site.api.espn.com/apis/site/v2/sports/football/college-football/summary,ESPN injury feed; incomplete 3-team coverage,DraftKings via ESPN scoreboard; provider observation time absent,https://api.open-meteo.com/v1/forecast
401862794,South Florida,UTSA,2026-10-08T23:30:00+00:00,3604,SCHEDULED,4,4,1,1,1,0,5.0,5.0,972.6,185.6,UNVERIFIED,UNVERIFIED_INCOMPLETE_ESPN_COVERAGE,OBSERVED_UNTIMESTAMPED,DOME_WEATHER_NONFACTOR,PRIOR_FCS_EXPOSURE;PRIOR_35_PLUS_BLOWOUT;QB_UNVERIFIED,NOT_IN_ACTIVE_MODEL,UNVERIFIED_NO_NUMERIC_ADJUSTMENT,VENUE_AND_PRIOR_GAME_AVAILABLE_NO_NUMERIC_ADJUSTMENT,CFBD 2026 FBS games capture,https://site.api.espn.com/apis/site/v2/sports/football/college-football/summary,ESPN injury feed; incomplete 3-team coverage,DraftKings via ESPN scoreboard; provider observation time absent,DOME_WEATHER_NONFACTOR
401862795,Tulane,Army,2026-10-10T16:00:00+00:00,3841,SCHEDULED,4,3,0,1,0,1,13.7,6.7,1199.3,1195.9,UNVERIFIED,UNVERIFIED_INCOMPLETE_ESPN_COVERAGE,OBSERVED_UNTIMESTAMPED,CAPTURED,LIMITED_FBS_SAMPLE;PRIOR_FCS_EXPOSURE;PRIOR_35_PLUS_BLOWOUT;QB_UNVERIFIED,NOT_IN_ACTIVE_MODEL,UNVERIFIED_NO_NUMERIC_ADJUSTMENT,VENUE_AND_PRIOR_GAME_AVAILABLE_NO_NUMERIC_ADJUSTMENT,CFBD 2026 FBS games capture,https://site.api.espn.com/apis/site/v2/sports/football/college-football/summary,ESPN injury feed; incomplete 3-team coverage,DraftKings via ESPN scoreboard; provider observation time absent,https://api.open-meteo.com/v1/forecast
401862796,Charlotte,North Texas,2026-10-10T19:30:00+00:00,3825,SCHEDULED,4,4,1,1,1,3,7.2,8.8,947.8,214.9,UNVERIFIED,UNVERIFIED_INCOMPLETE_ESPN_COVERAGE,OBSERVED_UNTIMESTAMPED,CAPTURED,PRIOR_FCS_EXPOSURE;PRIOR_35_PLUS_BLOWOUT;QB_UNVERIFIED,NOT_IN_ACTIVE_MODEL,UNVERIFIED_NO_NUMERIC_ADJUSTMENT,VENUE_AND_PRIOR_GAME_AVAILABLE_NO_NUMERIC_ADJUSTMENT,CFBD 2026 FBS games capture,https://site.api.espn.com/apis/site/v2/sports/football/college-football/summary,ESPN injury feed; incomplete 3-team coverage,DraftKings via ESPN scoreboard; provider observation time absent,https://api.open-meteo.com/v1/forecast
401862797,Rice,East Carolina,2026-10-10T20:00:00+00:00,3699,SCHEDULED,4,3,1,1,1,1,6.9,14.0,1123.4,0.0,UNVERIFIED,UNVERIFIED_INCOMPLETE_ESPN_COVERAGE,OBSERVED_UNTIMESTAMPED,CAPTURED,LIMITED_FBS_SAMPLE;PRIOR_FCS_EXPOSURE;PRIOR_35_PLUS_BLOWOUT;QB_UNVERIFIED,NOT_IN_ACTIVE_MODEL,UNVERIFIED_NO_NUMERIC_ADJUSTMENT,VENUE_AND_PRIOR_GAME_AVAILABLE_NO_NUMERIC_ADJUSTMENT,CFBD 2026 FBS games capture,https://site.api.espn.com/apis/site/v2/sports/football/college-football/summary,ESPN injury feed; incomplete 3-team coverage,DraftKings via ESPN scoreboard; provider observation time absent,https://api.open-meteo.com/v1/forecast
401862798,UAB,Memphis,2026-10-10T23:00:00+00:00,3805,SCHEDULED,4,4,1,1,0,1,7.1,7.3,212.2,521.4,UNVERIFIED,UNVERIFIED_INCOMPLETE_ESPN_COVERAGE,OBSERVED_UNTIMESTAMPED,CAPTURED,PRIOR_FCS_EXPOSURE;PRIOR_35_PLUS_BLOWOUT;QB_UNVERIFIED;WIND_WARNING;PRECIPITATION_WARNING,NOT_IN_ACTIVE_MODEL,UNVERIFIED_NO_NUMERIC_ADJUSTMENT,VENUE_AND_PRIOR_GAME_AVAILABLE_NO_NUMERIC_ADJUSTMENT,CFBD 2026 FBS games capture,https://site.api.espn.com/apis/site/v2/sports/football/college-football/summary,ESPN injury feed; incomplete 3-team coverage,DraftKings via ESPN scoreboard; provider observation time absent,https://api.open-meteo.com/v1/forecast
401862799,Tulsa,Navy,2026-10-10T19:30:00+00:00,3852,SCHEDULED,4,3,1,1,1,0,8.8,7.1,1080.2,1515.5,UNVERIFIED,UNVERIFIED_INCOMPLETE_ESPN_COVERAGE,OBSERVED_UNTIMESTAMPED,CAPTURED,LIMITED_FBS_SAMPLE;PRIOR_FCS_EXPOSURE;PRIOR_35_PLUS_BLOWOUT;QB_UNVERIFIED,NOT_IN_ACTIVE_MODEL,UNVERIFIED_NO_NUMERIC_ADJUSTMENT,VENUE_AND_PRIOR_GAME_AVAILABLE_NO_NUMERIC_ADJUSTMENT,CFBD 2026 FBS games capture,https://site.api.espn.com/apis/site/v2/sports/football/college-football/summary,ESPN injury feed; incomplete 3-team coverage,DraftKings via ESPN scoreboard; provider observation time absent,https://api.open-meteo.com/v1/forecast
401864516,Air Force,Northern Illinois,2026-10-10T23:30:00+00:00,3764,SCHEDULED,3,3,1,1,0,1,7.3,14.2,867.1,614.8,UNVERIFIED,UNVERIFIED_INCOMPLETE_ESPN_COVERAGE,OBSERVED_UNTIMESTAMPED,CAPTURED,LIMITED_FBS_SAMPLE;PRIOR_FCS_EXPOSURE;PRIOR_35_PLUS_BLOWOUT;QB_UNVERIFIED,NOT_IN_ACTIVE_MODEL,UNVERIFIED_NO_NUMERIC_ADJUSTMENT,VENUE_AND_PRIOR_GAME_AVAILABLE_NO_NUMERIC_ADJUSTMENT,CFBD 2026 FBS games capture,https://site.api.espn.com/apis/site/v2/sports/football/college-football/summary,ESPN injury feed; incomplete 3-team coverage,DraftKings via ESPN scoreboard; provider observation time absent,https://api.open-meteo.com/v1/forecast
401864517,Nevada,UTEP,2026-10-10T23:00:00+00:00,3946,SCHEDULED,3,4,1,1,1,4,13.9,7.1,918.5,227.7,UNVERIFIED,UNVERIFIED_INCOMPLETE_ESPN_COVERAGE,OBSERVED_UNTIMESTAMPED,CAPTURED,LIMITED_FBS_SAMPLE;PRIOR_FCS_EXPOSURE;PRIOR_35_PLUS_BLOWOUT;QB_UNVERIFIED,NOT_IN_ACTIVE_MODEL,UNVERIFIED_NO_NUMERIC_ADJUSTMENT,VENUE_AND_PRIOR_GAME_AVAILABLE_NO_NUMERIC_ADJUSTMENT,CFBD 2026 FBS games capture,https://site.api.espn.com/apis/site/v2/sports/football/college-football/summary,ESPN injury feed; incomplete 3-team coverage,DraftKings via ESPN scoreboard; provider observation time absent,https://api.open-meteo.com/v1/forecast
401864518,North Dakota State,UNLV,2026-10-10T23:00:00+00:00,6501,SCHEDULED,4,5,1,0,1,1,7.1,7.1,1204.5,0.0,UNVERIFIED,UNVERIFIED_INCOMPLETE_ESPN_COVERAGE,OBSERVED_UNTIMESTAMPED,DOME_WEATHER_NONFACTOR,PRIOR_FCS_EXPOSURE;PRIOR_35_PLUS_BLOWOUT;QB_UNVERIFIED,NOT_IN_ACTIVE_MODEL,UNVERIFIED_NO_NUMERIC_ADJUSTMENT,VENUE_AND_PRIOR_GAME_AVAILABLE_NO_NUMERIC_ADJUSTMENT,CFBD 2026 FBS games capture,https://site.api.espn.com/apis/site/v2/sports/football/college-football/summary,ESPN injury feed; incomplete 3-team coverage,DraftKings via ESPN scoreboard; provider observation time absent,DOME_WEATHER_NONFACTOR
401864519,Wyoming,San José State,2026-10-10T01:00:00+00:00,3935,SCHEDULED,4,4,1,1,0,0,6.2,5.9,1436.7,2412.4,UNVERIFIED,UNVERIFIED_INCOMPLETE_ESPN_COVERAGE,OBSERVED_UNTIMESTAMPED,CAPTURED,PRIOR_FCS_EXPOSURE;QB_UNVERIFIED,NOT_IN_ACTIVE_MODEL,UNVERIFIED_NO_NUMERIC_ADJUSTMENT,VENUE_AND_PRIOR_GAME_AVAILABLE_NO_NUMERIC_ADJUSTMENT,CFBD 2026 FBS games capture,https://site.api.espn.com/apis/site/v2/sports/football/college-football/summary,ESPN injury feed; incomplete 3-team coverage,DraftKings via ESPN scoreboard; provider observation time absent,https://api.open-meteo.com/v1/forecast
401866435,Eastern Michigan,Akron,2026-10-10T19:30:00+00:00,3768,SCHEDULED,5,4,1,1,1,1,7.0,7.0,471.1,240.3,UNVERIFIED,UNVERIFIED_INCOMPLETE_ESPN_COVERAGE,OBSERVED_UNTIMESTAMPED,CAPTURED,PRIOR_FCS_EXPOSURE;PRIOR_35_PLUS_BLOWOUT;QB_UNVERIFIED,NOT_IN_ACTIVE_MODEL,UNVERIFIED_NO_NUMERIC_ADJUSTMENT,VENUE_AND_PRIOR_GAME_AVAILABLE_NO_NUMERIC_ADJUSTMENT,CFBD 2026 FBS games capture,https://site.api.espn.com/apis/site/v2/sports/football/college-football/summary,ESPN injury feed; incomplete 3-team coverage,DraftKings via ESPN scoreboard; provider observation time absent,https://api.open-meteo.com/v1/forecast
401866436,Sacramento State,Bowling Green,2026-10-10T16:00:00+00:00,3700,SCHEDULED,4,4,1,1,2,2,13.6,6.9,1995.3,141.0,UNVERIFIED,UNVERIFIED_INCOMPLETE_ESPN_COVERAGE,OBSERVED_UNTIMESTAMPED,CAPTURED,PRIOR_FCS_EXPOSURE;PRIOR_35_PLUS_BLOWOUT;QB_UNVERIFIED,NOT_IN_ACTIVE_MODEL,UNVERIFIED_NO_NUMERIC_ADJUSTMENT,VENUE_AND_PRIOR_GAME_AVAILABLE_NO_NUMERIC_ADJUSTMENT,CFBD 2026 FBS games capture,https://site.api.espn.com/apis/site/v2/sports/football/college-football/summary,ESPN injury feed; incomplete 3-team coverage,DraftKings via ESPN scoreboard; provider observation time absent,https://api.open-meteo.com/v1/forecast
401866437,Buffalo,Toledo,2026-10-10T19:30:00+00:00,3739,SCHEDULED,3,4,2,1,1,1,7.1,7.1,263.8,137.0,UNVERIFIED,UNVERIFIED_INCOMPLETE_ESPN_COVERAGE,OBSERVED_UNTIMESTAMPED,CAPTURED,LIMITED_FBS_SAMPLE;PRIOR_FCS_EXPOSURE;PRIOR_35_PLUS_BLOWOUT;QB_UNVERIFIED,NOT_IN_ACTIVE_MODEL,UNVERIFIED_NO_NUMERIC_ADJUSTMENT,VENUE_AND_PRIOR_GAME_AVAILABLE_NO_NUMERIC_ADJUSTMENT,CFBD 2026 FBS games capture,https://site.api.espn.com/apis/site/v2/sports/football/college-football/summary,ESPN injury feed; incomplete 3-team coverage,DraftKings via ESPN scoreboard; provider observation time absent,https://api.open-meteo.com/v1/forecast
401866438,Central Michigan,Ohio,2026-10-10T19:30:00+00:00,3876,SCHEDULED,4,4,1,1,1,0,7.0,7.0,324.9,132.3,UNVERIFIED,UNVERIFIED_INCOMPLETE_ESPN_COVERAGE,OBSERVED_UNTIMESTAMPED,CAPTURED,PRIOR_FCS_EXPOSURE;PRIOR_35_PLUS_BLOWOUT;QB_UNVERIFIED,NOT_IN_ACTIVE_MODEL,UNVERIFIED_NO_NUMERIC_ADJUSTMENT,VENUE_AND_PRIOR_GAME_AVAILABLE_NO_NUMERIC_ADJUSTMENT,CFBD 2026 FBS games capture,https://site.api.espn.com/apis/site/v2/sports/football/college-football/summary,ESPN injury feed; incomplete 3-team coverage,DraftKings via ESPN scoreboard; provider observation time absent,https://api.open-meteo.com/v1/forecast
401866439,Kent State,Western Michigan,2026-10-10T19:30:00+00:00,3980,SCHEDULED,4,4,1,1,2,1,7.0,7.1,234.9,350.2,UNVERIFIED,UNVERIFIED_INCOMPLETE_ESPN_COVERAGE,OBSERVED_UNTIMESTAMPED,CAPTURED,PRIOR_FCS_EXPOSURE;PRIOR_35_PLUS_BLOWOUT;QB_UNVERIFIED;WIND_WARNING,NOT_IN_ACTIVE_MODEL,UNVERIFIED_NO_NUMERIC_ADJUSTMENT,VENUE_AND_PRIOR_GAME_AVAILABLE_NO_NUMERIC_ADJUSTMENT,CFBD 2026 FBS games capture,https://site.api.espn.com/apis/site/v2/sports/football/college-football/summary,ESPN injury feed; incomplete 3-team coverage,DraftKings via ESPN scoreboard; provider observation time absent,https://api.open-meteo.com/v1/forecast
401866440,Miami (OH),Massachusetts,2026-10-10T18:00:00+00:00,3985,SCHEDULED,4,3,1,2,2,0,6.9,6.9,665.7,0.0,UNVERIFIED,UNVERIFIED_INCOMPLETE_ESPN_COVERAGE,OBSERVED_UNTIMESTAMPED,CAPTURED,LIMITED_FBS_SAMPLE;PRIOR_FCS_EXPOSURE;PRIOR_35_PLUS_BLOWOUT;QB_UNVERIFIED,NOT_IN_ACTIVE_MODEL,UNVERIFIED_NO_NUMERIC_ADJUSTMENT,VENUE_AND_PRIOR_GAME_AVAILABLE_NO_NUMERIC_ADJUSTMENT,CFBD 2026 FBS games capture,https://site.api.espn.com/apis/site/v2/sports/football/college-football/summary,ESPN injury feed; incomplete 3-team coverage,DraftKings via ESPN scoreboard; provider observation time absent,https://api.open-meteo.com/v1/forecast
401869843,Old Dominion,App State,2026-10-10T17:00:00+00:00,3792,SCHEDULED,4,3,1,1,0,1,6.9,13.7,229.6,168.2,UNVERIFIED,UNVERIFIED_INCOMPLETE_ESPN_COVERAGE,OBSERVED_UNTIMESTAMPED,CAPTURED,LIMITED_FBS_SAMPLE;PRIOR_FCS_EXPOSURE;PRIOR_35_PLUS_BLOWOUT;QB_UNVERIFIED,NOT_IN_ACTIVE_MODEL,UNVERIFIED_NO_NUMERIC_ADJUSTMENT,VENUE_AND_PRIOR_GAME_AVAILABLE_NO_NUMERIC_ADJUSTMENT,CFBD 2026 FBS games capture,https://site.api.espn.com/apis/site/v2/sports/football/college-football/summary,ESPN injury feed; incomplete 3-team coverage,DraftKings via ESPN scoreboard; provider observation time absent,https://api.open-meteo.com/v1/forecast
401869933,South Alabama,Arkansas State,2026-10-08T23:30:00+00:00,3625,SCHEDULED,4,4,1,1,0,1,5.0,5.0,383.6,397.3,UNVERIFIED,UNVERIFIED_INCOMPLETE_ESPN_COVERAGE,OBSERVED_UNTIMESTAMPED,CAPTURED,PRIOR_FCS_EXPOSURE;PRIOR_35_PLUS_BLOWOUT;QB_UNVERIFIED,NOT_IN_ACTIVE_MODEL,UNVERIFIED_NO_NUMERIC_ADJUSTMENT,VENUE_AND_PRIOR_GAME_AVAILABLE_NO_NUMERIC_ADJUSTMENT,CFBD 2026 FBS games capture,https://site.api.espn.com/apis/site/v2/sports/football/college-football/summary,ESPN injury feed; incomplete 3-team coverage,DraftKings via ESPN scoreboard; provider observation time absent,https://api.open-meteo.com/v1/forecast
401869943,Coastal Carolina,Marshall,2026-10-10T23:00:00+00:00,3775,SCHEDULED,4,4,1,1,1,1,7.0,7.1,372.1,192.1,UNVERIFIED,UNVERIFIED_INCOMPLETE_ESPN_COVERAGE,OBSERVED_UNTIMESTAMPED,CAPTURED,PRIOR_FCS_EXPOSURE;PRIOR_35_PLUS_BLOWOUT;QB_UNVERIFIED,NOT_IN_ACTIVE_MODEL,UNVERIFIED_NO_NUMERIC_ADJUSTMENT,VENUE_AND_PRIOR_GAME_AVAILABLE_NO_NUMERIC_ADJUSTMENT,CFBD 2026 FBS games capture,https://site.api.espn.com/apis/site/v2/sports/football/college-football/summary,ESPN injury feed; incomplete 3-team coverage,DraftKings via ESPN scoreboard; provider observation time absent,https://api.open-meteo.com/v1/forecast
401869949,James Madison,Georgia Southern,2026-10-10T23:30:00+00:00,3608,SCHEDULED,4,4,1,1,1,0,7.2,7.0,447.2,186.5,UNVERIFIED,UNVERIFIED_INCOMPLETE_ESPN_COVERAGE,OBSERVED_UNTIMESTAMPED,CAPTURED,PRIOR_FCS_EXPOSURE;PRIOR_35_PLUS_BLOWOUT;QB_UNVERIFIED;WIND_WARNING;PRECIPITATION_WARNING,NOT_IN_ACTIVE_MODEL,UNVERIFIED_NO_NUMERIC_ADJUSTMENT,VENUE_AND_PRIOR_GAME_AVAILABLE_NO_NUMERIC_ADJUSTMENT,CFBD 2026 FBS games capture,https://site.api.espn.com/apis/site/v2/sports/football/college-football/summary,ESPN injury feed; incomplete 3-team coverage,DraftKings via ESPN scoreboard; provider observation time absent,https://api.open-meteo.com/v1/forecast
401869965,Louisiana,Louisiana Tech,2026-10-10T23:30:00+00:00,3776,SCHEDULED,4,3,1,1,0,1,7.0,7.0,164.1,0.0,UNVERIFIED,UNVERIFIED_INCOMPLETE_ESPN_COVERAGE,OBSERVED_UNTIMESTAMPED,CAPTURED,LIMITED_FBS_SAMPLE;PRIOR_FCS_EXPOSURE;PRIOR_35_PLUS_BLOWOUT;QB_UNVERIFIED,NOT_IN_ACTIVE_MODEL,UNVERIFIED_NO_NUMERIC_ADJUSTMENT,VENUE_AND_PRIOR_GAME_AVAILABLE_NO_NUMERIC_ADJUSTMENT,CFBD 2026 FBS games capture,https://site.api.espn.com/apis/site/v2/sports/football/college-football/summary,ESPN injury feed; incomplete 3-team coverage,DraftKings via ESPN scoreboard; provider observation time absent,https://api.open-meteo.com/v1/forecast
401870766,Sam Houston,Liberty,2026-10-08T23:00:00+00:00,3992,SCHEDULED,3,4,1,1,2,1,12.3,6.0,1300.0,244.4,UNVERIFIED,UNVERIFIED_INCOMPLETE_ESPN_COVERAGE,OBSERVED_UNTIMESTAMPED,CAPTURED,LIMITED_FBS_SAMPLE;PRIOR_FCS_EXPOSURE;PRIOR_35_PLUS_BLOWOUT;QB_UNVERIFIED,NOT_IN_ACTIVE_MODEL,UNVERIFIED_NO_NUMERIC_ADJUSTMENT,VENUE_AND_PRIOR_GAME_AVAILABLE_NO_NUMERIC_ADJUSTMENT,CFBD 2026 FBS games capture,https://site.api.espn.com/apis/site/v2/sports/football/college-football/summary,ESPN injury feed; incomplete 3-team coverage,DraftKings via ESPN scoreboard; provider observation time absent,https://api.open-meteo.com/v1/forecast
401871051,Jacksonville State,Kennesaw State,2026-10-07T23:00:00+00:00,4899,SCHEDULED,4,3,1,1,1,1,11.0,11.0,70.2,367.6,UNVERIFIED,UNVERIFIED_INCOMPLETE_ESPN_COVERAGE,OBSERVED_UNTIMESTAMPED,CAPTURED,LIMITED_FBS_SAMPLE;PRIOR_FCS_EXPOSURE;PRIOR_35_PLUS_BLOWOUT;QB_UNVERIFIED,NOT_IN_ACTIVE_MODEL,UNVERIFIED_NO_NUMERIC_ADJUSTMENT,VENUE_AND_PRIOR_GAME_AVAILABLE_NO_NUMERIC_ADJUSTMENT,CFBD 2026 FBS games capture,https://site.api.espn.com/apis/site/v2/sports/football/college-football/summary,ESPN injury feed; incomplete 3-team coverage,DraftKings via ESPN scoreboard; provider observation time absent,https://api.open-meteo.com/v1/forecast
401871052,Missouri State,Western Kentucky,2026-10-08T23:00:00+00:00,3796,SCHEDULED,3,4,1,1,1,4,11.9,7.0,650.8,1195.4,UNVERIFIED,UNVERIFIED_INCOMPLETE_ESPN_COVERAGE,OBSERVED_UNTIMESTAMPED,CAPTURED,LIMITED_FBS_SAMPLE;PRIOR_FCS_EXPOSURE;PRIOR_35_PLUS_BLOWOUT;QB_UNVERIFIED,NOT_IN_ACTIVE_MODEL,UNVERIFIED_NO_NUMERIC_ADJUSTMENT,VENUE_AND_PRIOR_GAME_AVAILABLE_NO_NUMERIC_ADJUSTMENT,CFBD 2026 FBS games capture,https://site.api.espn.com/apis/site/v2/sports/football/college-football/summary,ESPN injury feed; incomplete 3-team coverage,DraftKings via ESPN scoreboard; provider observation time absent,https://api.open-meteo.com/v1/forecast
401871066,New Mexico State,Florida International,2026-10-07T23:30:00+00:00,2031,SCHEDULED,4,3,1,1,1,0,6.0,11.1,1650.7,0.0,UNVERIFIED,UNVERIFIED_INCOMPLETE_ESPN_COVERAGE,OBSERVED_UNTIMESTAMPED,CAPTURED,LIMITED_FBS_SAMPLE;PRIOR_FCS_EXPOSURE;PRIOR_35_PLUS_BLOWOUT;QB_UNVERIFIED,NOT_IN_ACTIVE_MODEL,UNVERIFIED_NO_NUMERIC_ADJUSTMENT,VENUE_AND_PRIOR_GAME_AVAILABLE_NO_NUMERIC_ADJUSTMENT,CFBD 2026 FBS games capture,https://site.api.espn.com/apis/site/v2/sports/football/college-football/summary,ESPN injury feed; incomplete 3-team coverage,DraftKings via ESPN scoreboard; provider observation time absent,https://api.open-meteo.com/v1/forecast
401871090,Southern Miss,Troy,2026-10-07T00:00:00+00:00,3975,SCHEDULED,3,3,1,1,2,0,10.0,10.0,278.2,1579.5,UNVERIFIED,UNVERIFIED_INCOMPLETE_ESPN_COVERAGE,OBSERVED_UNTIMESTAMPED,CAPTURED,LIMITED_FBS_SAMPLE;PRIOR_FCS_EXPOSURE;PRIOR_35_PLUS_BLOWOUT;QB_UNVERIFIED,NOT_IN_ACTIVE_MODEL,UNVERIFIED_NO_NUMERIC_ADJUSTMENT,VENUE_AND_PRIOR_GAME_AVAILABLE_NO_NUMERIC_ADJUSTMENT,CFBD 2026 FBS games capture,https://site.api.espn.com/apis/site/v2/sports/football/college-football/summary,ESPN injury feed; incomplete 3-team coverage,DraftKings via ESPN scoreboard; provider observation time absent,https://api.open-meteo.com/v1/forecast
