season,week,game_id,kickoff_utc,away_team,home_team,locked_home_spread,locked_total,model_projected_home_margin,model_uncertainty_points,model_prediction_error,selected_side,selected_team,selected_spread,model_ats_edge,model_edge_bucket,confidence,top_five_rank,is_top_five,fallback_code,final_away_score,final_home_score,actual_home_margin,ats_result,selected_cover_margin,decision_margin_direction,decision_margin_bucket,closing_home_spread,closing_selected_spread,closing_home_price,closing_away_price,clv_points,closing_book,closing_capture_timestamp_status,favorite_status,location_status,spread_bucket,hook_outcome,overtime_outcome,backdoor_outcome,late_score_outcome,turnover_variance,special_teams_variance,handicap_review,process_classification,classification_basis,score_source_event_id,score_source_url,score_source_payload_sha256,score_event_canonical_sha256,closing_source_url,closing_payload_sha256
2026,1,401858423,2026-09-03T22:00:00.000Z,Massachusetts,Rutgers,-29.5,51.5,10.664085,,-26.664085,away,Massachusetts,29.5,18.835915,12_to_under_20,1,,NO,,37,21,-16,WIN,45.5,covered_by,14_plus,-29.5,29.5,-110,-110,0.0,DraftKings,ARCHIVED_CLOSE_CAPTURE_TIMESTAMP_UNAVAILABLE,underdog,away,14_plus,not_hook,NO,NOT_EVALUATED_NO_SCORING_SEQUENCE,NOT_EVALUATED_NO_SCORING_SEQUENCE,NOT_EVALUATED_NO_PLAY_BY_PLAY,NOT_EVALUATED_NO_PLAY_BY_PLAY,NO_FAILURE,NO_FAILURE,Selected side covered; no failure classification assigned.,401858423,https://www.espn.com/college-football/game/_/gameId/401858423,adba7034b6721ee913502406344c6c7d07f39e2785436f7c784a84b320a9cd61,7a5d90785005797cbaf48050ee4950ca5a96277a1e665aa24ae95cfe3586e28d,https://raw.githubusercontent.com/sportsdataverse/cfbfastR-cfb-raw/9fecb00ad197e53b56eb3217098fa8c9fda38fd5/cfb/betting/json/401858423.json,77d2e5891bef05b2ea99a6d22abdf394e4e65c35bb1b6bb21fc4ef0bfddf70f5
2026,1,401858204,2026-09-03T23:00:00.000Z,Akron,Wake Forest,-24.5,48.5,9.000904,,12.999096,away,Akron,24.5,15.499096,12_to_under_20,1,,NO,,16,38,22,WIN,2.5,covered_by,0_to_3,-27.5,27.5,-115,-105,-3.0,DraftKings,ARCHIVED_CLOSE_CAPTURE_TIMESTAMP_UNAVAILABLE,underdog,away,14_plus,not_hook,NO,NOT_EVALUATED_NO_SCORING_SEQUENCE,NOT_EVALUATED_NO_SCORING_SEQUENCE,NOT_EVALUATED_NO_PLAY_BY_PLAY,NOT_EVALUATED_NO_PLAY_BY_PLAY,NO_FAILURE,NO_FAILURE,Selected side covered; no failure classification assigned.,401858204,https://www.espn.com/college-football/game/_/gameId/401858204,adba7034b6721ee913502406344c6c7d07f39e2785436f7c784a84b320a9cd61,725bb5175af41e7a77cfbe407d32459311180a535304cd523a7073be1c2f6462,https://raw.githubusercontent.com/sportsdataverse/cfbfastR-cfb-raw/9fecb00ad197e53b56eb3217098fa8c9fda38fd5/cfb/betting/json/401858204.json,cce826c83455c2e283fb979a98f624372c4ab1f53caf573ed314ff9d1bf66bc6
2026,1,401856776,2026-09-04T00:00:00.000Z,Colorado,Georgia Tech,-6.5,50.5,10.373767,,-11.373767,home,Georgia Tech,-6.5,3.873767,3_to_under_5,1,,NO,,14,13,-1,LOSS,-7.5,lost_by,7_5_to_14,-6.5,-6.5,-110,-110,0.0,DraftKings,ARCHIVED_CLOSE_CAPTURE_TIMESTAMP_UNAVAILABLE,favorite,home,3_to_6_5,not_hook,NO,NOT_EVALUATED_NO_SCORING_SEQUENCE,NOT_EVALUATED_NO_SCORING_SEQUENCE,NOT_EVALUATED_NO_PLAY_BY_PLAY,NOT_EVALUATED_NO_PLAY_BY_PLAY,NO_CLEAR_FUNDAMENTAL_FAILURE_FROM_AVAILABLE_EVIDENCE,MINOR MODEL MISS,Frozen projected home margin missed actual home margin by 11.37 points; available score/line evidence does not establish a more specific cause.,401856776,https://www.espn.com/college-football/game/_/gameId/401856776,adba7034b6721ee913502406344c6c7d07f39e2785436f7c784a84b320a9cd61,103f7fd5d342fc07ad51423be9a747cf5f1d1c94c8ed09eca3d10a3ca77f54fc,https://raw.githubusercontent.com/sportsdataverse/cfbfastR-cfb-raw/9fecb00ad197e53b56eb3217098fa8c9fda38fd5/cfb/betting/json/401856776.json,b4f8f042abb5e851ddef8275b8c62d584047706d0db31e48d3895c811ea9d86b
2026,1,401858424,2026-09-04T01:00:00.000Z,UAB,Illinois,-27.5,54.5,9.187266,,9.812734,away,UAB,27.5,18.312734,12_to_under_20,1,,NO,,23,42,19,WIN,8.5,covered_by,7_5_to_14,-25.5,25.5,-108,-112,2.0,DraftKings,ARCHIVED_CLOSE_CAPTURE_TIMESTAMP_UNAVAILABLE,underdog,away,14_plus,not_hook,NO,NOT_EVALUATED_NO_SCORING_SEQUENCE,NOT_EVALUATED_NO_SCORING_SEQUENCE,NOT_EVALUATED_NO_PLAY_BY_PLAY,NOT_EVALUATED_NO_PLAY_BY_PLAY,NO_FAILURE,NO_FAILURE,Selected side covered; no failure classification assigned.,401858424,https://www.espn.com/college-football/game/_/gameId/401858424,adba7034b6721ee913502406344c6c7d07f39e2785436f7c784a84b320a9cd61,d1fd03d486597b541455123539bb31b211a18c26d81dce5221cf57c2159ad7e9,https://raw.githubusercontent.com/sportsdataverse/cfbfastR-cfb-raw/9fecb00ad197e53b56eb3217098fa8c9fda38fd5/cfb/betting/json/401858424.json,fa667a1b23cb57fd33b1c90b3c83adbbb59f3dff40fc3096591e1ecc27a8a09c
2026,1,401864495,2026-09-04T22:30:00.000Z,San José State,Eastern Michigan,-3.5,55.5,2.857508,,-8.857508,away,San José State,3.5,0.642492,under_1_5,1,,NO,,27,21,-6,WIN,9.5,covered_by,7_5_to_14,-1.5,1.5,-108,-112,2.0,DraftKings,ARCHIVED_CLOSE_CAPTURE_TIMESTAMP_UNAVAILABLE,underdog,away,3_to_6_5,not_hook,NO,NOT_EVALUATED_NO_SCORING_SEQUENCE,NOT_EVALUATED_NO_SCORING_SEQUENCE,NOT_EVALUATED_NO_PLAY_BY_PLAY,NOT_EVALUATED_NO_PLAY_BY_PLAY,NO_FAILURE,NO_FAILURE,Selected side covered; no failure classification assigned.,401864495,https://www.espn.com/college-football/game/_/gameId/401864495,adba7034b6721ee913502406344c6c7d07f39e2785436f7c784a84b320a9cd61,f4742993038f182ee382da45d712aea90d7c7dbfac485b87647ff816196cbce5,https://raw.githubusercontent.com/sportsdataverse/cfbfastR-cfb-raw/9fecb00ad197e53b56eb3217098fa8c9fda38fd5/cfb/betting/json/401864495.json,17bd61f2bcfdf645ef9f1ecbc0f2ef550f39f7d6b85696ac59762b9edf63b7f5
2026,1,401856664,2026-09-05T00:00:00.000Z,UTEP,Oklahoma,-41.5,51.5,11.152895,,39.847105,away,UTEP,41.5,30.347105,20_plus,1,,NO,,0,51,51,LOSS,-9.5,lost_by,7_5_to_14,-40.5,40.5,-110,-110,1.0,DraftKings,ARCHIVED_CLOSE_CAPTURE_TIMESTAMP_UNAVAILABLE,underdog,away,14_plus,not_hook,NO,NOT_EVALUATED_NO_SCORING_SEQUENCE,NOT_EVALUATED_NO_SCORING_SEQUENCE,NOT_EVALUATED_NO_PLAY_BY_PLAY,NOT_EVALUATED_NO_PLAY_BY_PLAY,FUNDAMENTALLY_WRONG_MARGIN_FORECAST,MAJOR MODEL MISS,Frozen projected home margin missed actual home margin by 39.85 points; no personnel or play-by-play cause is asserted.,401856664,https://www.espn.com/college-football/game/_/gameId/401856664,adba7034b6721ee913502406344c6c7d07f39e2785436f7c784a84b320a9cd61,fcd03e21d07c9dc254106b376f12539344af96f04a361365b6ac017b11913938,https://raw.githubusercontent.com/sportsdataverse/cfbfastR-cfb-raw/9fecb00ad197e53b56eb3217098fa8c9fda38fd5/cfb/betting/json/401856664.json,9b31ffef1bef8625a2711c48838c80eef14040691fd8b397b0b997fdb93f6003
2026,1,401858429,2026-09-05T00:00:00.000Z,Toledo,Michigan State,-9.5,46.5,-9.32636,,19.32636,away,Toledo,9.5,18.82636,12_to_under_20,1,,NO,,20,30,10,LOSS,-0.5,lost_by,0_to_3,-10.0,10.0,-110,-110,-0.5,DraftKings,ARCHIVED_CLOSE_CAPTURE_TIMESTAMP_UNAVAILABLE,underdog,away,7_to_9_5,lost_by_hook,NO,NOT_EVALUATED_NO_SCORING_SEQUENCE,NOT_EVALUATED_NO_SCORING_SEQUENCE,NOT_EVALUATED_NO_PLAY_BY_PLAY,NOT_EVALUATED_NO_PLAY_BY_PLAY,NO_CLEAR_FUNDAMENTAL_FAILURE_FROM_AVAILABLE_EVIDENCE,MINOR MODEL MISS,Frozen projected home margin missed actual home margin by 19.33 points; available score/line evidence does not establish a more specific cause.,401858429,https://www.espn.com/college-football/game/_/gameId/401858429,adba7034b6721ee913502406344c6c7d07f39e2785436f7c784a84b320a9cd61,64b7c35f9820b022101b4330ec76d4f8b16595dbc797fdd2eb770b49367514aa,https://raw.githubusercontent.com/sportsdataverse/cfbfastR-cfb-raw/9fecb00ad197e53b56eb3217098fa8c9fda38fd5/cfb/betting/json/401858429.json,d845cd1e6089d72afee124656bca6c71a73dcc525a994d3b8f89affbab03f6b8
2026,1,401858436,2026-09-05T01:00:00.000Z,Fresno State,USC,-21.5,51.5,11.692122,,27.307878,away,Fresno State,21.5,9.807878,8_to_under_12,1,,NO,,0,39,39,LOSS,-17.5,lost_by,14_plus,-21.5,21.5,-112,-108,0.0,DraftKings,ARCHIVED_CLOSE_CAPTURE_TIMESTAMP_UNAVAILABLE,underdog,away,14_plus,not_hook,NO,NOT_EVALUATED_NO_SCORING_SEQUENCE,NOT_EVALUATED_NO_SCORING_SEQUENCE,NOT_EVALUATED_NO_PLAY_BY_PLAY,NOT_EVALUATED_NO_PLAY_BY_PLAY,FUNDAMENTALLY_WRONG_MARGIN_FORECAST,MAJOR MODEL MISS,Frozen projected home margin missed actual home margin by 27.31 points; no personnel or play-by-play cause is asserted.,401858436,https://www.espn.com/college-football/game/_/gameId/401858436,adba7034b6721ee913502406344c6c7d07f39e2785436f7c784a84b320a9cd61,5390f62946d65027764abd15daae76f782fb40cd64309538d1e8e886e120ceea,https://raw.githubusercontent.com/sportsdataverse/cfbfastR-cfb-raw/9fecb00ad197e53b56eb3217098fa8c9fda38fd5/cfb/betting/json/401858436.json,5b12756656b75fda69722f67acb6d0ea703f249e81b9ea969ca11cb7a988809b
2026,1,401858206,2026-09-05T01:00:00.000Z,Miami,Stanford,24.5,47.5,-7.48657,,-31.51343,home,Stanford,24.5,17.01343,12_to_under_20,1,,NO,,45,6,-39,LOSS,-14.5,lost_by,14_plus,24.5,24.5,-112,-108,0.0,DraftKings,ARCHIVED_CLOSE_CAPTURE_TIMESTAMP_UNAVAILABLE,underdog,home,14_plus,not_hook,NO,NOT_EVALUATED_NO_SCORING_SEQUENCE,NOT_EVALUATED_NO_SCORING_SEQUENCE,NOT_EVALUATED_NO_PLAY_BY_PLAY,NOT_EVALUATED_NO_PLAY_BY_PLAY,FUNDAMENTALLY_WRONG_MARGIN_FORECAST,MAJOR MODEL MISS,Frozen projected home margin missed actual home margin by 31.51 points; no personnel or play-by-play cause is asserted.,401858206,https://www.espn.com/college-football/game/_/gameId/401858206,adba7034b6721ee913502406344c6c7d07f39e2785436f7c784a84b320a9cd61,9534cbdc70ae7cb583c8bcdd142ff37dcc26c9b90099599303977ed2786bdfcb,https://raw.githubusercontent.com/sportsdataverse/cfbfastR-cfb-raw/9fecb00ad197e53b56eb3217098fa8c9fda38fd5/cfb/betting/json/401858206.json,62b2897d52c72a8ba0a1611c14a860cdb8f331fd44f417259072fe7889b4f25d
2026,1,401858425,2026-09-05T16:00:00.000Z,North Texas,Indiana,-40.5,55.5,6.658696,,29.341304,away,North Texas,40.5,33.841304,20_plus,1,,NO,,16,52,36,WIN,4.5,covered_by,3_5_to_7,-39.5,39.5,-110,-110,1.0,DraftKings,ARCHIVED_CLOSE_CAPTURE_TIMESTAMP_UNAVAILABLE,underdog,away,14_plus,not_hook,NO,NOT_EVALUATED_NO_SCORING_SEQUENCE,NOT_EVALUATED_NO_SCORING_SEQUENCE,NOT_EVALUATED_NO_PLAY_BY_PLAY,NOT_EVALUATED_NO_PLAY_BY_PLAY,NO_FAILURE,NO_FAILURE,Selected side covered; no failure classification assigned.,401858425,https://www.espn.com/college-football/game/_/gameId/401858425,adba7034b6721ee913502406344c6c7d07f39e2785436f7c784a84b320a9cd61,c6e50def90307fa183c864644e30bc9f348b339778cb1d752b3ff3a674837877,https://raw.githubusercontent.com/sportsdataverse/cfbfastR-cfb-raw/9fecb00ad197e53b56eb3217098fa8c9fda38fd5/cfb/betting/json/401858425.json,d69602aa3ab40df67c0f5b30a61011e88b9f95a19547f0bc462b25b30d4c916d
2026,1,401856780,2026-09-05T16:00:00.000Z,Coastal Carolina,West Virginia,-20.5,56.5,4.422591,,2.577409,away,Coastal Carolina,20.5,16.077409,12_to_under_20,1,,NO,,24,31,7,WIN,13.5,covered_by,7_5_to_14,-21.0,21.0,-115,-105,-0.5,DraftKings,ARCHIVED_CLOSE_CAPTURE_TIMESTAMP_UNAVAILABLE,underdog,away,14_plus,not_hook,NO,NOT_EVALUATED_NO_SCORING_SEQUENCE,NOT_EVALUATED_NO_SCORING_SEQUENCE,NOT_EVALUATED_NO_PLAY_BY_PLAY,NOT_EVALUATED_NO_PLAY_BY_PLAY,NO_FAILURE,NO_FAILURE,Selected side covered; no failure classification assigned.,401856780,https://www.espn.com/college-football/game/_/gameId/401856780,adba7034b6721ee913502406344c6c7d07f39e2785436f7c784a84b320a9cd61,2a2cdc23968e687cb563b7484bef8cf2ed002cb9400dc66cbd20216a2f9fb6f7,https://raw.githubusercontent.com/sportsdataverse/cfbfastR-cfb-raw/9fecb00ad197e53b56eb3217098fa8c9fda38fd5/cfb/betting/json/401856780.json,21387d3820da9632d26821dccee9e52c9652493da90913cdae1574644aedceda
2026,1,401858430,2026-09-05T16:00:00.000Z,Ohio,Nebraska,-23.5,46.5,0.018647,,27.981353,away,Ohio,23.5,23.481353,20_plus,1,,NO,,21,49,28,LOSS,-4.5,lost_by,3_5_to_7,-23.5,23.5,-118,-102,0.0,DraftKings,ARCHIVED_CLOSE_CAPTURE_TIMESTAMP_UNAVAILABLE,underdog,away,14_plus,not_hook,NO,NOT_EVALUATED_NO_SCORING_SEQUENCE,NOT_EVALUATED_NO_SCORING_SEQUENCE,NOT_EVALUATED_NO_PLAY_BY_PLAY,NOT_EVALUATED_NO_PLAY_BY_PLAY,FUNDAMENTALLY_WRONG_MARGIN_FORECAST,MAJOR MODEL MISS,Frozen projected home margin missed actual home margin by 27.98 points; no personnel or play-by-play cause is asserted.,401858430,https://www.espn.com/college-football/game/_/gameId/401858430,adba7034b6721ee913502406344c6c7d07f39e2785436f7c784a84b320a9cd61,ecc1ec3def22dccbe48168c9cd4bcfc6ca64b15d01cefc767449303f2c933e08,https://raw.githubusercontent.com/sportsdataverse/cfbfastR-cfb-raw/9fecb00ad197e53b56eb3217098fa8c9fda38fd5/cfb/betting/json/401858430.json,aed35510be149c93e4a86cedf8fa4e6ad6ee4f5cbd8bec9a4c5e5a63ad9332ac
2026,1,401856778,2026-09-05T16:00:00.000Z,Oregon State,Houston,-20.5,49.5,8.574743,,4.425257,away,Oregon State,20.5,11.925257,8_to_under_12,1,,NO,,20,33,13,WIN,7.5,covered_by,7_5_to_14,-21.0,21.0,-105,-115,-0.5,DraftKings,ARCHIVED_CLOSE_CAPTURE_TIMESTAMP_UNAVAILABLE,underdog,away,14_plus,not_hook,NO,NOT_EVALUATED_NO_SCORING_SEQUENCE,NOT_EVALUATED_NO_SCORING_SEQUENCE,NOT_EVALUATED_NO_PLAY_BY_PLAY,NOT_EVALUATED_NO_PLAY_BY_PLAY,NO_FAILURE,NO_FAILURE,Selected side covered; no failure classification assigned.,401856778,https://www.espn.com/college-football/game/_/gameId/401856778,adba7034b6721ee913502406344c6c7d07f39e2785436f7c784a84b320a9cd61,9d89b5f0ace0f4631f85fe45d49a6fc5ca58f838dd6a20443625fc8aabf5e237,https://raw.githubusercontent.com/sportsdataverse/cfbfastR-cfb-raw/9fecb00ad197e53b56eb3217098fa8c9fda38fd5/cfb/betting/json/401856778.json,145fa12e876ff9bfeb1becebad188a4ed3ab4b5f52b868c84939be1470d5691a
2026,1,401856634,2026-09-05T16:00:00.000Z,East Carolina,Alabama,-27.5,52.5,4.035829,,33.964171,away,East Carolina,27.5,23.464171,20_plus,1,5,YES,,10,48,38,LOSS,-10.5,lost_by,7_5_to_14,-28.5,28.5,+100,-120,-1.0,DraftKings,ARCHIVED_CLOSE_CAPTURE_TIMESTAMP_UNAVAILABLE,underdog,away,14_plus,not_hook,NO,NOT_EVALUATED_NO_SCORING_SEQUENCE,NOT_EVALUATED_NO_SCORING_SEQUENCE,NOT_EVALUATED_NO_PLAY_BY_PLAY,NOT_EVALUATED_NO_PLAY_BY_PLAY,FUNDAMENTALLY_WRONG_MARGIN_FORECAST,MAJOR MODEL MISS,Frozen projected home margin missed actual home margin by 33.96 points; no personnel or play-by-play cause is asserted.,401856634,https://www.espn.com/college-football/game/_/gameId/401856634,adba7034b6721ee913502406344c6c7d07f39e2785436f7c784a84b320a9cd61,0f8f1c1941aa8900db2803f0de4b6a7335423a0873d1614e73999a29d8951129,https://raw.githubusercontent.com/sportsdataverse/cfbfastR-cfb-raw/9fecb00ad197e53b56eb3217098fa8c9fda38fd5/cfb/betting/json/401856634.json,262317bf79a8a85a66795dfcd279dc0cef4c9c1d6ab18266f06037df2524a0a5
2026,1,401869960,2026-09-05T16:00:00.000Z,Liberty,James Madison,-6.5,50.5,12.564516,,-5.564516,home,James Madison,-6.5,6.064516,5_to_under_8,1,,NO,,13,20,7,WIN,0.5,covered_by,0_to_3,-6.0,-6.0,-110,-110,-0.5,DraftKings,ARCHIVED_CLOSE_CAPTURE_TIMESTAMP_UNAVAILABLE,favorite,home,3_to_6_5,won_by_hook,NO,NOT_EVALUATED_NO_SCORING_SEQUENCE,NOT_EVALUATED_NO_SCORING_SEQUENCE,NOT_EVALUATED_NO_PLAY_BY_PLAY,NOT_EVALUATED_NO_PLAY_BY_PLAY,NO_FAILURE,NO_FAILURE,Selected side covered; no failure classification assigned.,401869960,https://www.espn.com/college-football/game/_/gameId/401869960,adba7034b6721ee913502406344c6c7d07f39e2785436f7c784a84b320a9cd61,c7a25a784a253cc14a34ba9067fcb380a1c1cf736d04f6e9191445774474df93,https://raw.githubusercontent.com/sportsdataverse/cfbfastR-cfb-raw/9fecb00ad197e53b56eb3217098fa8c9fda38fd5/cfb/betting/json/401869960.json,87635d51b6045c69aca76cdd8aec9257c924ea7b1fe7ccdd9008ce57393a8465
2026,1,401858207,2026-09-05T16:00:00.000Z,Miami (OH),Pittsburgh,-16.5,48.5,5.914159,,39.085841,away,Miami (OH),16.5,10.585841,8_to_under_12,1,,NO,,14,59,45,LOSS,-28.5,lost_by,14_plus,-16.5,16.5,-110,-110,0.0,DraftKings,ARCHIVED_CLOSE_CAPTURE_TIMESTAMP_UNAVAILABLE,underdog,away,14_plus,not_hook,NO,NOT_EVALUATED_NO_SCORING_SEQUENCE,NOT_EVALUATED_NO_SCORING_SEQUENCE,NOT_EVALUATED_NO_PLAY_BY_PLAY,NOT_EVALUATED_NO_PLAY_BY_PLAY,FUNDAMENTALLY_WRONG_MARGIN_FORECAST,MAJOR MODEL MISS,Frozen projected home margin missed actual home margin by 39.09 points; no personnel or play-by-play cause is asserted.,401858207,https://www.espn.com/college-football/game/_/gameId/401858207,adba7034b6721ee913502406344c6c7d07f39e2785436f7c784a84b320a9cd61,97e80a36329424b1048a8666f010871eae437636fd0e79e564be3b7e21faffdb,https://raw.githubusercontent.com/sportsdataverse/cfbfastR-cfb-raw/9fecb00ad197e53b56eb3217098fa8c9fda38fd5/cfb/betting/json/401858207.json,3d83eba40424714a0ce6d8051eb5b46ba8cf011f595dccafaf337db9c9a6cf89
2026,1,401858432,2026-09-05T16:30:00.000Z,Ball State,Ohio State,-50.5,56.5,23.105835,,29.894165,away,Ball State,50.5,27.394165,20_plus,1,,NO,,3,56,53,LOSS,-2.5,lost_by,0_to_3,-50.5,50.5,-108,-112,0.0,DraftKings,ARCHIVED_CLOSE_CAPTURE_TIMESTAMP_UNAVAILABLE,underdog,away,14_plus,not_hook,NO,NOT_EVALUATED_NO_SCORING_SEQUENCE,NOT_EVALUATED_NO_SCORING_SEQUENCE,NOT_EVALUATED_NO_PLAY_BY_PLAY,NOT_EVALUATED_NO_PLAY_BY_PLAY,FUNDAMENTALLY_WRONG_MARGIN_FORECAST,MAJOR MODEL MISS,Frozen projected home margin missed actual home margin by 29.89 points; no personnel or play-by-play cause is asserted.,401858432,https://www.espn.com/college-football/game/_/gameId/401858432,adba7034b6721ee913502406344c6c7d07f39e2785436f7c784a84b320a9cd61,4b46dd90b63171f9af6b30fcda5b06cfa9b78ff037336abe6237e03641085afe,https://raw.githubusercontent.com/sportsdataverse/cfbfastR-cfb-raw/9fecb00ad197e53b56eb3217098fa8c9fda38fd5/cfb/betting/json/401858432.json,550b8c9bda663bf108f1fe21d266ab813d09aa40c7bee59aa36e7a7b6e76a6ac
2026,1,401856665,2026-09-05T16:45:00.000Z,Kent State,South Carolina,-36.5,53.5,7.809734,,49.190266,away,Kent State,36.5,28.690266,20_plus,1,,NO,,0,57,57,LOSS,-20.5,lost_by,14_plus,-35.5,35.5,-102,-118,1.0,DraftKings,ARCHIVED_CLOSE_CAPTURE_TIMESTAMP_UNAVAILABLE,underdog,away,14_plus,not_hook,NO,NOT_EVALUATED_NO_SCORING_SEQUENCE,NOT_EVALUATED_NO_SCORING_SEQUENCE,NOT_EVALUATED_NO_PLAY_BY_PLAY,NOT_EVALUATED_NO_PLAY_BY_PLAY,FUNDAMENTALLY_WRONG_MARGIN_FORECAST,MAJOR MODEL MISS,Frozen projected home margin missed actual home margin by 49.19 points; no personnel or play-by-play cause is asserted.,401856665,https://www.espn.com/college-football/game/_/gameId/401856665,adba7034b6721ee913502406344c6c7d07f39e2785436f7c784a84b320a9cd61,8efde4d2cf176b84515860fa34db33ad65f6fd920c8b01b8ce755a3d34d1355d,https://raw.githubusercontent.com/sportsdataverse/cfbfastR-cfb-raw/9fecb00ad197e53b56eb3217098fa8c9fda38fd5/cfb/betting/json/401856665.json,38557b964f5d6994a046ddc2be1d572800ddaf44efb882b0d4a3678748e58564
2026,1,401858434,2026-09-05T19:30:00.000Z,Marshall,Penn State,-23.5,52.5,6.755884,,38.244116,away,Marshall,23.5,16.744116,12_to_under_20,1,,NO,,0,45,45,LOSS,-21.5,lost_by,14_plus,-23.5,23.5,-108,-112,0.0,DraftKings,ARCHIVED_CLOSE_CAPTURE_TIMESTAMP_UNAVAILABLE,underdog,away,14_plus,not_hook,NO,NOT_EVALUATED_NO_SCORING_SEQUENCE,NOT_EVALUATED_NO_SCORING_SEQUENCE,NOT_EVALUATED_NO_PLAY_BY_PLAY,NOT_EVALUATED_NO_PLAY_BY_PLAY,FUNDAMENTALLY_WRONG_MARGIN_FORECAST,MAJOR MODEL MISS,Frozen projected home margin missed actual home margin by 38.24 points; no personnel or play-by-play cause is asserted.,401858434,https://www.espn.com/college-football/game/_/gameId/401858434,adba7034b6721ee913502406344c6c7d07f39e2785436f7c784a84b320a9cd61,cae32eac813b4f830c32b70391ef35f9c65e2d6e712cdfcde806de4df55a614d,https://raw.githubusercontent.com/sportsdataverse/cfbfastR-cfb-raw/9fecb00ad197e53b56eb3217098fa8c9fda38fd5/cfb/betting/json/401858434.json,3329442a56ce4418cea810e67767c947836b980cbeea51a900cf3a21d8407db8
2026,1,401856777,2026-09-05T19:30:00.000Z,Boston College,Cincinnati,-7.5,49.5,10.25016,,8.74984,home,Cincinnati,-7.5,2.75016,1_5_to_under_3,1,,NO,,15,34,19,WIN,11.5,covered_by,7_5_to_14,-7.0,-7.0,-108,-112,-0.5,DraftKings,ARCHIVED_CLOSE_CAPTURE_TIMESTAMP_UNAVAILABLE,favorite,home,7_to_9_5,not_hook,NO,NOT_EVALUATED_NO_SCORING_SEQUENCE,NOT_EVALUATED_NO_SCORING_SEQUENCE,NOT_EVALUATED_NO_PLAY_BY_PLAY,NOT_EVALUATED_NO_PLAY_BY_PLAY,NO_FAILURE,NO_FAILURE,Selected side covered; no failure classification assigned.,401856777,https://www.espn.com/college-football/game/_/gameId/401856777,adba7034b6721ee913502406344c6c7d07f39e2785436f7c784a84b320a9cd61,5445cbda468b84b24d7f591bd289db6f806a91529d92f356ca69bf3404bba57b,https://raw.githubusercontent.com/sportsdataverse/cfbfastR-cfb-raw/9fecb00ad197e53b56eb3217098fa8c9fda38fd5/cfb/betting/json/401856777.json,450dcaff94604ab69076b0962b180582f76fc427a85c4079b339f801e25a89e5
2026,1,401856667,2026-09-05T19:30:00.000Z,Texas State,Texas,-29.5,59.5,1.107138,,50.892862,away,Texas State,29.5,28.392862,20_plus,1,,NO,,7,59,52,LOSS,-22.5,lost_by,14_plus,-29.5,29.5,-112,-108,0.0,DraftKings,ARCHIVED_CLOSE_CAPTURE_TIMESTAMP_UNAVAILABLE,underdog,away,14_plus,not_hook,NO,NOT_EVALUATED_NO_SCORING_SEQUENCE,NOT_EVALUATED_NO_SCORING_SEQUENCE,NOT_EVALUATED_NO_PLAY_BY_PLAY,NOT_EVALUATED_NO_PLAY_BY_PLAY,FUNDAMENTALLY_WRONG_MARGIN_FORECAST,MAJOR MODEL MISS,Frozen projected home margin missed actual home margin by 50.89 points; no personnel or play-by-play cause is asserted.,401856667,https://www.espn.com/college-football/game/_/gameId/401856667,adba7034b6721ee913502406344c6c7d07f39e2785436f7c784a84b320a9cd61,e7b95420b742c0ddd32410cd588d10483ce9c1f0c60bcde5909d109e964590c6,https://raw.githubusercontent.com/sportsdataverse/cfbfastR-cfb-raw/9fecb00ad197e53b56eb3217098fa8c9fda38fd5/cfb/betting/json/401856667.json,2df02f991e91ede754cfb74d3d17b9e2226dc717b4545151e35320b5de5578ba
2026,1,401858433,2026-09-05T19:30:00.000Z,Boise State,Oregon,-24.5,51.5,12.704129,,-5.704129,away,Boise State,24.5,11.795871,8_to_under_12,1,,NO,,27,34,7,WIN,17.5,covered_by,14_plus,-24.5,24.5,-115,-105,0.0,DraftKings,ARCHIVED_CLOSE_CAPTURE_TIMESTAMP_UNAVAILABLE,underdog,away,14_plus,not_hook,NO,NOT_EVALUATED_NO_SCORING_SEQUENCE,NOT_EVALUATED_NO_SCORING_SEQUENCE,NOT_EVALUATED_NO_PLAY_BY_PLAY,NOT_EVALUATED_NO_PLAY_BY_PLAY,NO_FAILURE,NO_FAILURE,Selected side covered; no failure classification assigned.,401858433,https://www.espn.com/college-football/game/_/gameId/401858433,adba7034b6721ee913502406344c6c7d07f39e2785436f7c784a84b320a9cd61,d3c3fd2344c78b4b450a78d94967e42da37bbe5898a1340640d0bd455991d209,https://raw.githubusercontent.com/sportsdataverse/cfbfastR-cfb-raw/9fecb00ad197e53b56eb3217098fa8c9fda38fd5/cfb/betting/json/401858433.json,9842182d833779d2663f2c8e46fe086d024fca330fb288e7e96ae667b912b23b
2026,1,401858209,2026-09-05T19:30:00.000Z,Tulane,Duke,-7.5,51.5,0.530698,,13.469302,away,Tulane,7.5,6.969302,5_to_under_8,1,,NO,,3,17,14,LOSS,-6.5,lost_by,3_5_to_7,-9.5,9.5,-110,-110,-2.0,DraftKings,ARCHIVED_CLOSE_CAPTURE_TIMESTAMP_UNAVAILABLE,underdog,away,7_to_9_5,not_hook,NO,NOT_EVALUATED_NO_SCORING_SEQUENCE,NOT_EVALUATED_NO_SCORING_SEQUENCE,NOT_EVALUATED_NO_PLAY_BY_PLAY,NOT_EVALUATED_NO_PLAY_BY_PLAY,NO_CLEAR_FUNDAMENTAL_FAILURE_FROM_AVAILABLE_EVIDENCE,MINOR MODEL MISS,Frozen projected home margin missed actual home margin by 13.47 points; available score/line evidence does not establish a more specific cause.,401858209,https://www.espn.com/college-football/game/_/gameId/401858209,adba7034b6721ee913502406344c6c7d07f39e2785436f7c784a84b320a9cd61,d51365b812c89ec1d5934a3ffa06a8db71a029833cc1b663b4662e9c1dd7ce88,https://raw.githubusercontent.com/sportsdataverse/cfbfastR-cfb-raw/9fecb00ad197e53b56eb3217098fa8c9fda38fd5/cfb/betting/json/401858209.json,1df1209042dacfa7b697e260f07d2766492acb40b6ecf7b9b1e9a7de4999a807
2026,1,401856636,2026-09-05T19:30:00.000Z,Baylor,Auburn,-7.5,59.5,6.766798,,-5.766798,away,Baylor,7.5,0.733202,under_1_5,1,4,YES,,16,17,1,WIN,6.5,covered_by,3_5_to_7,-6.5,6.5,-115,-105,1.0,DraftKings,ARCHIVED_CLOSE_CAPTURE_TIMESTAMP_UNAVAILABLE,underdog,neutral,7_to_9_5,not_hook,NO,NOT_EVALUATED_NO_SCORING_SEQUENCE,NOT_EVALUATED_NO_SCORING_SEQUENCE,NOT_EVALUATED_NO_PLAY_BY_PLAY,NOT_EVALUATED_NO_PLAY_BY_PLAY,NO_FAILURE,NO_FAILURE,Selected side covered; no failure classification assigned.,401856636,https://www.espn.com/college-football/game/_/gameId/401856636,adba7034b6721ee913502406344c6c7d07f39e2785436f7c784a84b320a9cd61,5d1995ee1185fdb050a7ea7212c29c7654a7985203673224d414013ab4a3c41c,https://raw.githubusercontent.com/sportsdataverse/cfbfastR-cfb-raw/9fecb00ad197e53b56eb3217098fa8c9fda38fd5/cfb/betting/json/401856636.json,bbbe926eb93e71e5e17e56c0557d85b858bcc80c9c63347535a2e3ec45c8ea94
2026,1,401856772,2026-09-05T19:45:00.000Z,Oklahoma State,Tulsa,13.5,59.5,11.9938,,2.0062,home,Tulsa,13.5,25.4938,20_plus,1,,NO,,10,24,14,WIN,27.5,covered_by,14_plus,13.5,13.5,-112,-115,0.0,DraftKings,ARCHIVED_CLOSE_CAPTURE_TIMESTAMP_UNAVAILABLE,underdog,home,10_to_13_5,not_hook,NO,NOT_EVALUATED_NO_SCORING_SEQUENCE,NOT_EVALUATED_NO_SCORING_SEQUENCE,NOT_EVALUATED_NO_PLAY_BY_PLAY,NOT_EVALUATED_NO_PLAY_BY_PLAY,NO_FAILURE,NO_FAILURE,Selected side covered; no failure classification assigned.,401856772,https://www.espn.com/college-football/game/_/gameId/401856772,adba7034b6721ee913502406344c6c7d07f39e2785436f7c784a84b320a9cd61,3e1b69dc4c27dacfc1572f199fef56397a549d92206ba7f940b1ddddb8fd5ad9,https://raw.githubusercontent.com/sportsdataverse/cfbfastR-cfb-raw/9fecb00ad197e53b56eb3217098fa8c9fda38fd5/cfb/betting/json/401856772.json,fea62dacbf3163b4bfb1167778685ae445c39694800879703494bf8277bc780b
2026,1,401858426,2026-09-05T20:15:00.000Z,Northern Illinois,Iowa,-31.5,44.5,12.434749,,27.565251,away,Northern Illinois,31.5,19.065251,12_to_under_20,1,,NO,,0,40,40,LOSS,-8.5,lost_by,7_5_to_14,-31.5,31.5,-105,-115,0.0,DraftKings,ARCHIVED_CLOSE_CAPTURE_TIMESTAMP_UNAVAILABLE,underdog,away,14_plus,not_hook,NO,NOT_EVALUATED_NO_SCORING_SEQUENCE,NOT_EVALUATED_NO_SCORING_SEQUENCE,NOT_EVALUATED_NO_PLAY_BY_PLAY,NOT_EVALUATED_NO_PLAY_BY_PLAY,FUNDAMENTALLY_WRONG_MARGIN_FORECAST,MAJOR MODEL MISS,Frozen projected home margin missed actual home margin by 27.57 points; no personnel or play-by-play cause is asserted.,401858426,https://www.espn.com/college-football/game/_/gameId/401858426,adba7034b6721ee913502406344c6c7d07f39e2785436f7c784a84b320a9cd61,39b861e118fcc636d2cfa6dfc2162a99a61113b88f4fa8700260654036635a60,https://raw.githubusercontent.com/sportsdataverse/cfbfastR-cfb-raw/9fecb00ad197e53b56eb3217098fa8c9fda38fd5/cfb/betting/json/401858426.json,71e996012b8a1bdb6918fcf1ee8a99114d5609289a5b8a440b2cde68989c5c1b
2026,1,401860878,2026-09-05T22:00:00.000Z,Wyoming,Colorado State,-2.5,46.5,0.712305,,21.287695,away,Wyoming,2.5,1.787695,1_5_to_under_3,1,,NO,,13,35,22,LOSS,-19.5,lost_by,14_plus,-2.5,2.5,-108,-112,0.0,DraftKings,ARCHIVED_CLOSE_CAPTURE_TIMESTAMP_UNAVAILABLE,underdog,away,under_3,not_hook,NO,NOT_EVALUATED_NO_SCORING_SEQUENCE,NOT_EVALUATED_NO_SCORING_SEQUENCE,NOT_EVALUATED_NO_PLAY_BY_PLAY,NOT_EVALUATED_NO_PLAY_BY_PLAY,FUNDAMENTALLY_WRONG_MARGIN_FORECAST,MAJOR MODEL MISS,Frozen projected home margin missed actual home margin by 21.29 points; no personnel or play-by-play cause is asserted.,401860878,https://www.espn.com/college-football/game/_/gameId/401860878,adba7034b6721ee913502406344c6c7d07f39e2785436f7c784a84b320a9cd61,366751d4c2058e2bfca3806e465e218ed9e36eee4eff8943e6a80397f6526bc7,https://raw.githubusercontent.com/sportsdataverse/cfbfastR-cfb-raw/9fecb00ad197e53b56eb3217098fa8c9fda38fd5/cfb/betting/json/401860878.json,f75de3771c5ecabe5bf7dbc758871bc7df437001ed46de8ccf2338c03d991191
2026,1,401862699,2026-09-05T23:00:00.000Z,Florida International,South Florida,-13.5,51.5,13.027749,,-3.027749,away,Florida International,13.5,0.472251,under_1_5,1,,NO,,9,19,10,WIN,3.5,covered_by,3_5_to_7,-14.5,14.5,-105,-115,-1.0,DraftKings,ARCHIVED_CLOSE_CAPTURE_TIMESTAMP_UNAVAILABLE,underdog,away,10_to_13_5,not_hook,NO,NOT_EVALUATED_NO_SCORING_SEQUENCE,NOT_EVALUATED_NO_SCORING_SEQUENCE,NOT_EVALUATED_NO_PLAY_BY_PLAY,NOT_EVALUATED_NO_PLAY_BY_PLAY,NO_FAILURE,NO_FAILURE,Selected side covered; no failure classification assigned.,401862699,https://www.espn.com/college-football/game/_/gameId/401862699,adba7034b6721ee913502406344c6c7d07f39e2785436f7c784a84b320a9cd61,c0b5fe9469fc399161db862a0592a9f0b30ff57fbd825703828e44b1201820a3,https://raw.githubusercontent.com/sportsdataverse/cfbfastR-cfb-raw/9fecb00ad197e53b56eb3217098fa8c9fda38fd5/cfb/betting/json/401862699.json,ec28cf00dca21819573b078ee339796b000970efa4922e75d644d7f0c8f829b5
2026,1,401870763,2026-09-05T23:00:00.000Z,Sam Houston,Troy,-16.5,53.5,10.340347,,-7.340347,away,Sam Houston,16.5,6.159653,5_to_under_8,1,,NO,,21,24,3,WIN,13.5,covered_by,7_5_to_14,-15.5,15.5,-115,-105,1.0,DraftKings,ARCHIVED_CLOSE_CAPTURE_TIMESTAMP_UNAVAILABLE,underdog,away,14_plus,not_hook,NO,NOT_EVALUATED_NO_SCORING_SEQUENCE,NOT_EVALUATED_NO_SCORING_SEQUENCE,NOT_EVALUATED_NO_PLAY_BY_PLAY,NOT_EVALUATED_NO_PLAY_BY_PLAY,NO_FAILURE,NO_FAILURE,Selected side covered; no failure classification assigned.,401870763,https://www.espn.com/college-football/game/_/gameId/401870763,adba7034b6721ee913502406344c6c7d07f39e2785436f7c784a84b320a9cd61,d03d2cfcd8334070bf79d62178755a0700cd134cfe120f4fd7f958fec0059e01,https://raw.githubusercontent.com/sportsdataverse/cfbfastR-cfb-raw/9fecb00ad197e53b56eb3217098fa8c9fda38fd5/cfb/betting/json/401870763.json,691fe6e20820e7354bceecceee203410e8f6b98142c70da8a92e5a322614b51f
2026,1,401856668,2026-09-05T23:00:00.000Z,Missouri State,Texas A&M,-40.5,53.5,10.832047,,39.167953,away,Missouri State,40.5,29.667953,20_plus,1,,NO,,0,50,50,LOSS,-9.5,lost_by,7_5_to_14,-38.5,38.5,-112,-108,2.0,DraftKings,ARCHIVED_CLOSE_CAPTURE_TIMESTAMP_UNAVAILABLE,underdog,away,14_plus,not_hook,NO,NOT_EVALUATED_NO_SCORING_SEQUENCE,NOT_EVALUATED_NO_SCORING_SEQUENCE,NOT_EVALUATED_NO_PLAY_BY_PLAY,NOT_EVALUATED_NO_PLAY_BY_PLAY,FUNDAMENTALLY_WRONG_MARGIN_FORECAST,MAJOR MODEL MISS,Frozen projected home margin missed actual home margin by 39.17 points; no personnel or play-by-play cause is asserted.,401856668,https://www.espn.com/college-football/game/_/gameId/401856668,adba7034b6721ee913502406344c6c7d07f39e2785436f7c784a84b320a9cd61,73e71f5553f6910ae5aa60ed76bf5192a6a7efef7c8bb125a654a1a8b7307635,https://raw.githubusercontent.com/sportsdataverse/cfbfastR-cfb-raw/9fecb00ad197e53b56eb3217098fa8c9fda38fd5/cfb/betting/json/401856668.json,bbb189e4ae06c21a620abf70e09478346ba7c727598c41438366348cf5229808
2026,1,401862695,2026-09-05T23:00:00.000Z,Arkansas State,Memphis,-11.5,51.5,10.261866,,7.738134,away,Arkansas State,11.5,1.238134,under_1_5,1,,NO,,24,42,18,LOSS,-6.5,lost_by,3_5_to_7,-10.5,10.5,-108,-112,1.0,DraftKings,ARCHIVED_CLOSE_CAPTURE_TIMESTAMP_UNAVAILABLE,underdog,away,10_to_13_5,not_hook,NO,NOT_EVALUATED_NO_SCORING_SEQUENCE,NOT_EVALUATED_NO_SCORING_SEQUENCE,NOT_EVALUATED_NO_PLAY_BY_PLAY,NOT_EVALUATED_NO_PLAY_BY_PLAY,NO_CLEAR_FUNDAMENTAL_FAILURE_FROM_AVAILABLE_EVIDENCE,MINOR MODEL MISS,Frozen projected home margin missed actual home margin by 7.74 points; available score/line evidence does not establish a more specific cause.,401862695,https://www.espn.com/college-football/game/_/gameId/401862695,adba7034b6721ee913502406344c6c7d07f39e2785436f7c784a84b320a9cd61,9a3737e504ad36f2caa65c0c59131b3bbbd4044ada4ef8f12de9c7817539954e,https://raw.githubusercontent.com/sportsdataverse/cfbfastR-cfb-raw/9fecb00ad197e53b56eb3217098fa8c9fda38fd5/cfb/betting/json/401862695.json,09631f60d4092ad85a9bb56df5813a7a06f6d19aaca426333a46d9932c806c61
2026,1,401856660,2026-09-05T23:30:00.000Z,Clemson,LSU,-10.5,50.5,-0.290829,,41.290829,away,Clemson,10.5,10.790829,8_to_under_12,1,2,YES,,10,51,41,LOSS,-30.5,lost_by,14_plus,-10.0,10.0,-112,-108,0.5,DraftKings,ARCHIVED_CLOSE_CAPTURE_TIMESTAMP_UNAVAILABLE,underdog,away,10_to_13_5,not_hook,NO,NOT_EVALUATED_NO_SCORING_SEQUENCE,NOT_EVALUATED_NO_SCORING_SEQUENCE,NOT_EVALUATED_NO_PLAY_BY_PLAY,NOT_EVALUATED_NO_PLAY_BY_PLAY,FUNDAMENTALLY_WRONG_MARGIN_FORECAST,MAJOR MODEL MISS,Frozen projected home margin missed actual home margin by 41.29 points; no personnel or play-by-play cause is asserted.,401856660,https://www.espn.com/college-football/game/_/gameId/401856660,adba7034b6721ee913502406344c6c7d07f39e2785436f7c784a84b320a9cd61,e1973a80b45d10fb6c0d5815fa1fa4ed19fb330588ca48387862f334d4a031ca,https://raw.githubusercontent.com/sportsdataverse/cfbfastR-cfb-raw/9fecb00ad197e53b56eb3217098fa8c9fda38fd5/cfb/betting/json/401856660.json,2b836591d1ef25857193ad486a059311549c14b1108744942ed0e4b8020dc2b7
2026,1,401856662,2026-09-05T23:30:00.000Z,UL Monroe,Mississippi State,-28.5,54.5,5.067109,,43.932891,away,UL Monroe,28.5,23.432891,20_plus,1,,NO,,13,62,49,LOSS,-20.5,lost_by,14_plus,-28.5,28.5,-105,-115,0.0,DraftKings,ARCHIVED_CLOSE_CAPTURE_TIMESTAMP_UNAVAILABLE,underdog,away,14_plus,not_hook,NO,NOT_EVALUATED_NO_SCORING_SEQUENCE,NOT_EVALUATED_NO_SCORING_SEQUENCE,NOT_EVALUATED_NO_PLAY_BY_PLAY,NOT_EVALUATED_NO_PLAY_BY_PLAY,FUNDAMENTALLY_WRONG_MARGIN_FORECAST,MAJOR MODEL MISS,Frozen projected home margin missed actual home margin by 43.93 points; no personnel or play-by-play cause is asserted.,401856662,https://www.espn.com/college-football/game/_/gameId/401856662,adba7034b6721ee913502406344c6c7d07f39e2785436f7c784a84b320a9cd61,67552c90d3b9883f1f8d03d8dbcfacfff8f3ffab523a11ab3f11f56e0da096ff,https://raw.githubusercontent.com/sportsdataverse/cfbfastR-cfb-raw/9fecb00ad197e53b56eb3217098fa8c9fda38fd5/cfb/betting/json/401856662.json,6e8762e93b2bd0cc8cd985c087aafadac874444bcba49c8754280a798496ed48
2026,1,401858428,2026-09-05T23:30:00.000Z,Western Michigan,Michigan,-27.5,48.5,6.634405,,-5.634405,away,Western Michigan,27.5,20.865595,20_plus,1,,NO,,12,13,1,WIN,26.5,covered_by,14_plus,-27.5,27.5,-115,-105,0.0,DraftKings,ARCHIVED_CLOSE_CAPTURE_TIMESTAMP_UNAVAILABLE,underdog,away,14_plus,not_hook,NO,NOT_EVALUATED_NO_SCORING_SEQUENCE,NOT_EVALUATED_NO_SCORING_SEQUENCE,NOT_EVALUATED_NO_PLAY_BY_PLAY,NOT_EVALUATED_NO_PLAY_BY_PLAY,NO_FAILURE,NO_FAILURE,Selected side covered; no failure classification assigned.,401858428,https://www.espn.com/college-football/game/_/gameId/401858428,adba7034b6721ee913502406344c6c7d07f39e2785436f7c784a84b320a9cd61,88bb8096850218dcaf5579634bc85ded3e3411bbf63eebd8a77a948b4dd9101c,https://raw.githubusercontent.com/sportsdataverse/cfbfastR-cfb-raw/9fecb00ad197e53b56eb3217098fa8c9fda38fd5/cfb/betting/json/401858428.json,aa64ba85df12244f430f14b22f1284f94591c50a6e966773b509d1e7b8e3b0f6
2026,1,401856637,2026-09-05T23:45:00.000Z,Florida Atlantic,Florida,-26.5,59.5,4.305514,,40.694486,away,Florida Atlantic,26.5,22.194486,20_plus,1,3,YES,,21,66,45,LOSS,-18.5,lost_by,14_plus,-26.5,26.5,-108,-112,0.0,DraftKings,ARCHIVED_CLOSE_CAPTURE_TIMESTAMP_UNAVAILABLE,underdog,away,14_plus,not_hook,NO,NOT_EVALUATED_NO_SCORING_SEQUENCE,NOT_EVALUATED_NO_SCORING_SEQUENCE,NOT_EVALUATED_NO_PLAY_BY_PLAY,NOT_EVALUATED_NO_PLAY_BY_PLAY,FUNDAMENTALLY_WRONG_MARGIN_FORECAST,MAJOR MODEL MISS,Frozen projected home margin missed actual home margin by 40.69 points; no personnel or play-by-play cause is asserted.,401856637,https://www.espn.com/college-football/game/_/gameId/401856637,adba7034b6721ee913502406344c6c7d07f39e2785436f7c784a84b320a9cd61,809fded82c0104e43c8639f60922d03be46e4ed7656202fc1b231aa2acbf361e,https://raw.githubusercontent.com/sportsdataverse/cfbfastR-cfb-raw/9fecb00ad197e53b56eb3217098fa8c9fda38fd5/cfb/betting/json/401856637.json,c7f653f83526f3741da454ec66ad3f1bd10a8a64720522ea81b5f8b35a1fc96d
2026,1,401864498,2026-09-06T02:00:00.000Z,Central Michigan,New Mexico,-10.5,46.5,2.714147,,28.285853,away,Central Michigan,10.5,7.785853,5_to_under_8,1,,NO,,7,38,31,LOSS,-20.5,lost_by,14_plus,-11.5,11.5,-105,-115,-1.0,DraftKings,ARCHIVED_CLOSE_CAPTURE_TIMESTAMP_UNAVAILABLE,underdog,away,10_to_13_5,not_hook,NO,NOT_EVALUATED_NO_SCORING_SEQUENCE,NOT_EVALUATED_NO_SCORING_SEQUENCE,NOT_EVALUATED_NO_PLAY_BY_PLAY,NOT_EVALUATED_NO_PLAY_BY_PLAY,FUNDAMENTALLY_WRONG_MARGIN_FORECAST,MAJOR MODEL MISS,Frozen projected home margin missed actual home margin by 28.29 points; no personnel or play-by-play cause is asserted.,401864498,https://www.espn.com/college-football/game/_/gameId/401864498,adba7034b6721ee913502406344c6c7d07f39e2785436f7c784a84b320a9cd61,5b31bd690bbd8de5bbc29704a267c9d4259c6a6e1be0b3a89d999d1d228c571a,https://raw.githubusercontent.com/sportsdataverse/cfbfastR-cfb-raw/9fecb00ad197e53b56eb3217098fa8c9fda38fd5/cfb/betting/json/401864498.json,b5fcb86e4ad5b15af46595bbf03b9a044112e5fa2ab67df38f33e0d5b364a166
2026,1,401864497,2026-09-06T02:00:00.000Z,UNLV,Hawai'i,3.5,56.5,1.393114,,-16.393114,home,Hawai'i,3.5,4.893114,3_to_under_5,1,,NO,,21,6,-15,LOSS,-11.5,lost_by,7_5_to_14,2.5,2.5,-115,-105,1.0,DraftKings,ARCHIVED_CLOSE_CAPTURE_TIMESTAMP_UNAVAILABLE,underdog,home,3_to_6_5,not_hook,NO,NOT_EVALUATED_NO_SCORING_SEQUENCE,NOT_EVALUATED_NO_SCORING_SEQUENCE,NOT_EVALUATED_NO_PLAY_BY_PLAY,NOT_EVALUATED_NO_PLAY_BY_PLAY,NO_CLEAR_FUNDAMENTAL_FAILURE_FROM_AVAILABLE_EVIDENCE,MINOR MODEL MISS,Frozen projected home margin missed actual home margin by 16.39 points; available score/line evidence does not establish a more specific cause.,401864497,https://www.espn.com/college-football/game/_/gameId/401864497,adba7034b6721ee913502406344c6c7d07f39e2785436f7c784a84b320a9cd61,089a440c49e0a7fb88749314fc3c13d9b8a9110d85fa1d073edf370fbef9fafe,https://raw.githubusercontent.com/sportsdataverse/cfbfastR-cfb-raw/9fecb00ad197e53b56eb3217098fa8c9fda38fd5/cfb/betting/json/401864497.json,858b39c7957070f66b0f827f2e9de2520718443c585ffa8b1a14d1a8be964e59
2026,1,401858210,2026-09-06T02:30:00.000Z,UCLA,California,1.5,53.5,6.26472,,-27.26472,home,California,1.5,7.76472,5_to_under_8,1,,NO,,45,24,-21,LOSS,-19.5,lost_by,14_plus,2.5,2.5,-105,-115,-1.0,DraftKings,ARCHIVED_CLOSE_CAPTURE_TIMESTAMP_UNAVAILABLE,underdog,home,under_3,not_hook,NO,NOT_EVALUATED_NO_SCORING_SEQUENCE,NOT_EVALUATED_NO_SCORING_SEQUENCE,NOT_EVALUATED_NO_PLAY_BY_PLAY,NOT_EVALUATED_NO_PLAY_BY_PLAY,FUNDAMENTALLY_WRONG_MARGIN_FORECAST,MAJOR MODEL MISS,Frozen projected home margin missed actual home margin by 27.26 points; no personnel or play-by-play cause is asserted.,401858210,https://www.espn.com/college-football/game/_/gameId/401858210,adba7034b6721ee913502406344c6c7d07f39e2785436f7c784a84b320a9cd61,8877e8cfe26070f7e448a96faaa2f93646f9b256885f9f542809a15ad811aecb,https://raw.githubusercontent.com/sportsdataverse/cfbfastR-cfb-raw/9fecb00ad197e53b56eb3217098fa8c9fda38fd5/cfb/betting/json/401858210.json,6a04f5e3375ac8e31febbca4c66317ad1eccf6b5b11ca78764fbf4650af3ee51
2026,1,401864432,2026-09-06T02:30:00.000Z,Western Kentucky,Nevada,2.5,52.5,-4.301115,,39.301115,away,Western Kentucky,-2.5,1.801115,1_5_to_under_3,1,,NO,,14,49,35,LOSS,-37.5,lost_by,14_plus,1.5,-1.5,-118,-102,-1.0,DraftKings,ARCHIVED_CLOSE_CAPTURE_TIMESTAMP_UNAVAILABLE,favorite,away,under_3,not_hook,NO,NOT_EVALUATED_NO_SCORING_SEQUENCE,NOT_EVALUATED_NO_SCORING_SEQUENCE,NOT_EVALUATED_NO_PLAY_BY_PLAY,NOT_EVALUATED_NO_PLAY_BY_PLAY,FUNDAMENTALLY_WRONG_MARGIN_FORECAST,MAJOR MODEL MISS,Frozen projected home margin missed actual home margin by 39.30 points; no personnel or play-by-play cause is asserted.,401864432,https://www.espn.com/college-football/game/_/gameId/401864432,adba7034b6721ee913502406344c6c7d07f39e2785436f7c784a84b320a9cd61,34d40accf7d6fd4af0233f62c97af5f1498de5b124320d90bfd9ce0f40acf02f,https://raw.githubusercontent.com/sportsdataverse/cfbfastR-cfb-raw/9fecb00ad197e53b56eb3217098fa8c9fda38fd5/cfb/betting/json/401864432.json,e3ce4d616cede389426fbc992db709dec51342034c5dd3d5d31ef01690a8905c
2026,1,401858437,2026-09-06T20:00:00.000Z,Washington State,Washington,-23.5,51.5,9.730758,,4.269242,away,Washington State,23.5,13.769242,12_to_under_20,1,,NO,,10,24,14,WIN,9.5,covered_by,7_5_to_14,-23.5,23.5,-118,-120,0.0,DraftKings,ARCHIVED_CLOSE_CAPTURE_TIMESTAMP_UNAVAILABLE,underdog,away,14_plus,not_hook,NO,NOT_EVALUATED_NO_SCORING_SEQUENCE,NOT_EVALUATED_NO_SCORING_SEQUENCE,NOT_EVALUATED_NO_PLAY_BY_PLAY,NOT_EVALUATED_NO_PLAY_BY_PLAY,NO_FAILURE,NO_FAILURE,Selected side covered; no failure classification assigned.,401858437,https://www.espn.com/college-football/game/_/gameId/401858437,adba7034b6721ee913502406344c6c7d07f39e2785436f7c784a84b320a9cd61,de8b73ed9899a753057b1a1f4685faebfca80ad04523fb0853d526d236109742,https://raw.githubusercontent.com/sportsdataverse/cfbfastR-cfb-raw/9fecb00ad197e53b56eb3217098fa8c9fda38fd5/cfb/betting/json/401858437.json,9986f07a132345d441b470493ac4d8ae7faf13ed01b62a805857eb387ebe95ac
2026,1,401858438,2026-09-06T23:30:00.000Z,Wisconsin,Notre Dame,-20.5,47.5,21.007994,,6.992006,home,Notre Dame,-20.5,0.507994,under_1_5,1,,NO,,13,41,28,WIN,7.5,covered_by,7_5_to_14,-21.0,-21.0,-115,-105,0.5,DraftKings,ARCHIVED_CLOSE_CAPTURE_TIMESTAMP_UNAVAILABLE,favorite,neutral,14_plus,not_hook,NO,NOT_EVALUATED_NO_SCORING_SEQUENCE,NOT_EVALUATED_NO_SCORING_SEQUENCE,NOT_EVALUATED_NO_PLAY_BY_PLAY,NOT_EVALUATED_NO_PLAY_BY_PLAY,NO_FAILURE,NO_FAILURE,Selected side covered; no failure classification assigned.,401858438,https://www.espn.com/college-football/game/_/gameId/401858438,adba7034b6721ee913502406344c6c7d07f39e2785436f7c784a84b320a9cd61,ee93bcbcce4dba4209d70b33ad186599b713b5a5bbf1cb4062f3c25239ba6bfd,https://raw.githubusercontent.com/sportsdataverse/cfbfastR-cfb-raw/9fecb00ad197e53b56eb3217098fa8c9fda38fd5/cfb/betting/json/401858438.json,8bda06a80884d2e9c8df53a0489b0895e94761f01b7889449723f531df188577
2026,1,401856661,2026-09-06T23:30:00.000Z,Louisville,Ole Miss,-6.5,55.5,6.575746,,-3.575746,home,Ole Miss,-6.5,0.075746,under_1_5,1,1,YES,,38,41,3,LOSS,-3.5,lost_by,3_5_to_7,-6.5,-6.5,-112,-108,0.0,DraftKings,ARCHIVED_CLOSE_CAPTURE_TIMESTAMP_UNAVAILABLE,favorite,neutral,3_to_6_5,not_hook,NO,NOT_EVALUATED_NO_SCORING_SEQUENCE,NOT_EVALUATED_NO_SCORING_SEQUENCE,NOT_EVALUATED_NO_PLAY_BY_PLAY,NOT_EVALUATED_NO_PLAY_BY_PLAY,NO_CLEAR_FUNDAMENTAL_FAILURE_FROM_AVAILABLE_EVIDENCE,MINOR MODEL MISS,Frozen projected home margin missed actual home margin by 3.58 points; available score/line evidence does not establish a more specific cause.,401856661,https://www.espn.com/college-football/game/_/gameId/401856661,adba7034b6721ee913502406344c6c7d07f39e2785436f7c784a84b320a9cd61,199f25ad4f2078a288f23b4c9763e63ce99cd10fc72ff92753efa53ab763fd95,https://raw.githubusercontent.com/sportsdataverse/cfbfastR-cfb-raw/9fecb00ad197e53b56eb3217098fa8c9fda38fd5/cfb/betting/json/401856661.json,7d62ae7050972e329d0a9405e2d0dacfd319f734fb02a35e7fdae970dc30e61e
2026,1,401858212,2026-09-07T23:30:00.000Z,SMU,Florida State,3.5,53.5,0.291731,,-3.291731,home,Florida State,3.5,3.791731,3_to_under_5,1,,NO,,27,24,-3,WIN,0.5,covered_by,0_to_3,3.0,3.0,-105,-115,0.5,DraftKings,ARCHIVED_CLOSE_CAPTURE_TIMESTAMP_UNAVAILABLE,underdog,home,3_to_6_5,won_by_hook,NO,NOT_EVALUATED_NO_SCORING_SEQUENCE,NOT_EVALUATED_NO_SCORING_SEQUENCE,NOT_EVALUATED_NO_PLAY_BY_PLAY,NOT_EVALUATED_NO_PLAY_BY_PLAY,NO_FAILURE,NO_FAILURE,Selected side covered; no failure classification assigned.,401858212,https://www.espn.com/college-football/game/_/gameId/401858212,b98bfc092452e41471e30f30a759857fcd44d6d5dd2e8e82580cb53cbe15fe08,ecd55ef781e408a0ef0567382cfacdc647143d69437262358110fe549f7c8b84,https://raw.githubusercontent.com/sportsdataverse/cfbfastR-cfb-raw/9fecb00ad197e53b56eb3217098fa8c9fda38fd5/cfb/betting/json/401858212.json,e3845fcb853fcec92c6332c5a2c67072844129f2fc49885f8a820084cea4fc86
