game_id,away,home,locked_home_spread,current_draftkings_home_spread,current_minus_locked_home_spread,ats_selected_locked_line_advantage,locked_total,current_draftkings_total,current_minus_locked_total,totals_selected_locked_line_advantage,market_updated_at,weather_status,wind_mph_at_kickoff,precip_probability_pct_at_kickoff,temperature_f_at_kickoff,venue_dome,venue_elevation_m,home_rest_days,home_travel_miles_from_prior_venue,away_rest_days,away_travel_miles_from_prior_venue,injury_status
401856705,Vanderbilt,Georgia,-24.5,-25.5,-1.0,-1.0,51.5,50.5,-1.0,1.0,2026-10-01T03:25:10Z,CAPTURED,3.8,41,84.8,False,186.1120758,6.9,0,6.9,154,INCOMPLETE_ESPN_COVERAGE;QB_UNVERIFIED
401856707,Alabama,Mississippi State,5.5,6.0,0.5,-0.5,60.5,59.5,-1.0,1.0,2026-10-01T03:25:10Z,CAPTURED,5.5,34,86.1,False,110.2742081,6.7,0,6.7,74,INCOMPLETE_ESPN_COVERAGE;QB_UNVERIFIED
401856708,Florida,Missouri,5.5,5.5,0.0,0.0,57.5,57.5,0.0,0.0,2026-10-01T03:25:10Z,CAPTURED,6.5,1,72.0,False,212.6865692,6.8,427,7.0,857,INCOMPLETE_ESPN_COVERAGE;QB_UNVERIFIED
401856709,Kentucky,South Carolina,-2.5,-2.5,0.0,0.0,53.5,53.5,0.0,0.0,2026-10-01T03:25:10Z,CAPTURED,4.1,81,77.1,False,60.54548645,6.9,380,7.1,341,INCOMPLETE_ESPN_COVERAGE;QB_UNVERIFIED
401856710,Auburn,Tennessee,-7.5,-7.0,0.5,-0.5,54.5,54.5,0.0,0.0,2026-10-01T03:25:10Z,CAPTURED,4.7,44,81.6,False,271.9517212,7.1,0,7.0,248,INCOMPLETE_ESPN_COVERAGE;QB_UNVERIFIED
401856711,Arkansas,Texas A&M,-14.5,-14.0,0.5,0.5,50.5,50.5,0.0,0.0,2026-10-01T03:25:10Z,CAPTURED,13.2,57,79.9,False,108.824585,7.0,307,7.0,397,INCOMPLETE_ESPN_COVERAGE;QB_UNVERIFIED
401856807,Middle Tennessee,Kansas,-19.5,-18.5,1.0,1.0,49.5,49.5,0.0,0.0,2026-10-01T03:25:10Z,CAPTURED,6.6,0,63.0,False,274.855957,14.0,4368,6.7,635,INCOMPLETE_ESPN_COVERAGE;QB_UNVERIFIED
401856817,Baylor,Arizona State,-3.5,-4.0,-0.5,-0.5,48.5,49.5,1.0,-1.0,2026-10-01T03:25:10Z,CAPTURED,7.5,0,92.4,False,360.1569519,14.4,5259,7.4,872,INCOMPLETE_ESPN_COVERAGE;QB_UNVERIFIED
401856818,BYU,TCU,6.5,6.5,0.0,0.0,47.5,47.5,0.0,0.0,2026-10-01T03:25:10Z,CAPTURED,4.3,33,77.2,False,185.4387054,7.1,1001,14.0,691,INCOMPLETE_ESPN_COVERAGE;QB_UNVERIFIED
401856819,UCF,Houston,-12.5,-11.5,1.0,1.0,51.5,51.5,0.0,0.0,2026-10-01T03:25:10Z,CAPTURED,8.2,40,84.8,False,9.57440567,6.8,823,6.9,857,INCOMPLETE_ESPN_COVERAGE;QB_UNVERIFIED
401856820,Cincinnati,Arizona,-7.5,-6.5,1.0,1.0,55.5,55.5,0.0,0.0,2026-10-01T03:25:10Z,CAPTURED,11.1,0,84.0,False,742.1530151,7.1,1055,7.2,1552,INCOMPLETE_ESPN_COVERAGE;QB_UNVERIFIED
401856821,Texas Tech,Colorado,13.5,12.5,-1.0,1.0,50.5,50.5,0.0,0.0,2026-10-01T03:25:10Z,CAPTURED,16.8,0,76.6,False,1634.041138,7.3,741,7.3,481,INCOMPLETE_ESPN_COVERAGE;QB_UNVERIFIED
401856822,West Virginia,Iowa State,-2.5,-3.0,-0.5,0.5,52.5,53.5,1.0,-1.0,2026-10-01T03:25:10Z,CAPTURED,12.8,0,59.3,False,274.9135437,6.9,0,6.7,733,INCOMPLETE_ESPN_COVERAGE;QB_UNVERIFIED
401858245,Pittsburgh,Virginia Tech,-3.5,-3.0,0.5,0.5,54.5,54.5,0.0,0.0,2026-10-01T03:25:10Z,CAPTURED,4.1,5,76.9,False,632.2631226,6.3,605,6.3,224,INCOMPLETE_ESPN_COVERAGE;QB_UNVERIFIED
401858246,Boston College,SMU,-20.5,-21.0,-0.5,-0.5,55.5,55.5,0.0,0.0,2026-10-01T03:25:10Z,CAPTURED,6.5,62,72.6,False,169.4058075,6.6,0,7.0,1540,INCOMPLETE_ESPN_COVERAGE;QB_UNVERIFIED
401858247,California,UNLV,-2.5,-2.5,0.0,0.0,52.5,53.5,1.0,-1.0,2026-10-01T03:25:10Z,INDOOR_DOME,,,,True,666,7.1,1839,7.7,409,INCOMPLETE_ESPN_COVERAGE;QB_UNVERIFIED
401858248,Louisville,NC State,4.5,3.5,-1.0,1.0,59.5,58.5,-1.0,1.0,2026-10-01T03:25:10Z,CAPTURED,6.8,49,71.7,False,117.0089951,6.8,0,7.1,422,INCOMPLETE_ESPN_COVERAGE;QB_UNVERIFIED
401858249,Miami,Clemson,16.5,16.5,0.0,0.0,47.5,47.5,0.0,0.0,2026-10-01T03:25:10Z,CAPTURED,7.2,86,70.4,False,205.6452179,7.9,2190,7.0,622,INCOMPLETE_ESPN_COVERAGE;QB_UNVERIFIED
401858250,Notre Dame,North Carolina,21.5,21.0,-0.5,0.5,46.5,47.5,1.0,1.0,2026-10-01T03:25:10Z,CAPTURED,8.0,26,75.5,False,127.7569809,14.0,230,6.9,529,INCOMPLETE_ESPN_COVERAGE;QB_UNVERIFIED
401858251,Stanford,Wake Forest,-12.5,-13.5,-1.0,-1.0,53.5,53.5,0.0,0.0,2026-10-01T03:25:10Z,CAPTURED,9.6,30,67.3,False,283.548584,7.0,335,6.6,2302,INCOMPLETE_ESPN_COVERAGE;QB_UNVERIFIED
401858252,Syracuse,UConn,6.5,6.5,0.0,0.0,50.5,50.5,0.0,0.0,2026-10-01T03:25:10Z,CAPTURED,7.9,0,69.4,False,6.515614986,6.9,653,15.7,396,INCOMPLETE_ESPN_COVERAGE;QB_UNVERIFIED
401858253,Virginia,Florida State,2.5,2.5,0.0,0.0,51.5,51.5,0.0,0.0,2026-10-01T03:25:10Z,CAPTURED,6.9,67,89.1,False,19.55942535,7.0,0,6.9,620,INCOMPLETE_ESPN_COVERAGE;QB_UNVERIFIED
401858472,Purdue,Illinois,-10.5,-10.0,0.5,0.5,61.5,61.5,0.0,0.0,2026-10-01T03:25:10Z,CAPTURED,9.6,0,69.1,False,223.2471619,7.2,276,7.1,73,INCOMPLETE_ESPN_COVERAGE;QB_UNVERIFIED
401858473,Ohio State,Iowa,13.5,14.5,1.0,-1.0,45.5,45.5,0.0,0.0,2026-10-01T03:25:10Z,CAPTURED,9.9,0,64.5,False,220.6357727,7.0,403,7.1,460,INCOMPLETE_ESPN_COVERAGE;QB_UNVERIFIED
401858474,Michigan,Minnesota,5.5,5.5,0.0,0.0,43.5,43.5,0.0,0.0,2026-10-01T03:25:10Z,CAPTURED,14.1,1,61.4,False,254.3902283,6.5,1392,6.9,509,INCOMPLETE_ESPN_COVERAGE;QB_UNVERIFIED
401858475,Maryland,Nebraska,-14.5,-14.5,0.0,0.0,52.5,52.5,0.0,0.0,2026-10-01T03:25:10Z,CAPTURED,14.1,0,71.2,False,354.9318848,7.0,643,7.1,1053,INCOMPLETE_ESPN_COVERAGE;QB_UNVERIFIED
401858476,Penn State,Northwestern,2.5,2.5,0.0,0.0,45.5,45.5,0.0,0.0,2026-10-01T03:25:10Z,CAPTURED,11.5,0,57.2,False,181.2376099,7.0,208,6.1,517,INCOMPLETE_ESPN_COVERAGE;QB_UNVERIFIED
401858477,Indiana,Rutgers,24.5,23.5,-1.0,1.0,55.5,56.5,1.0,-1.0,2026-10-01T03:25:10Z,CAPTURED,3.7,0,64.5,False,19,8.0,0,8.0,646,INCOMPLETE_ESPN_COVERAGE;QB_UNVERIFIED
401858478,Washington,USC,-9.5,-9.5,0.0,0.0,58.5,58.5,0.0,0.0,2026-10-01T03:25:10Z,CAPTURED,11.2,0,94.1,False,42.50374222,7.0,0,6.9,965,INCOMPLETE_ESPN_COVERAGE;QB_UNVERIFIED
401858479,Michigan State,Wisconsin,-10.5,-10.0,0.5,-0.5,43.5,43.5,0.0,0.0,2026-10-01T03:25:10Z,CAPTURED,10.4,0,58.7,False,263.604126,6.8,614,6.8,251,INCOMPLETE_ESPN_COVERAGE;QB_UNVERIFIED
401860898,Utah State,Boise State,-20.5,-20.5,0.0,0.0,51.5,51.5,0.0,0.0,2026-10-01T03:25:10Z,CAPTURED,3.4,0,83.7,False,823.2221069,7.2,1541,7.0,257,INCOMPLETE_ESPN_COVERAGE;QB_UNVERIFIED
401860899,Oregon State,Colorado State,6.5,6.0,-0.5,0.5,62.5,61.5,-1.0,1.0,2026-10-01T03:25:10Z,CAPTURED,18.7,0,80.9,False,1528.4,7.2,856,6.9,613,INCOMPLETE_ESPN_COVERAGE;QB_UNVERIFIED
401860900,Texas State,San Diego State,4.5,7.0,2.5,2.5,59.5,59.5,0.0,0.0,2026-10-01T03:25:10Z,CAPTURED,3.1,0,94.3,False,62,7.4,1929,7.2,1149,INCOMPLETE_ESPN_COVERAGE;QB_UNVERIFIED
401860921,Fresno State,Washington State,-2.5,-1.5,1.0,1.0,46.5,45.5,-1.0,1.0,2026-10-01T03:25:10Z,CAPTURED,4.1,0,68.6,False,773.9526367,7.1,0,7.0,698,INCOMPLETE_ESPN_COVERAGE;QB_UNVERIFIED
401862786,North Texas,Tulsa,-1.5,1.5,3.0,-3.0,57.5,57.5,0.0,0.0,2026-10-01T03:25:10Z,CAPTURED,3.3,18,69.8,False,235.5928345,5.0,99,5.1,215,INCOMPLETE_ESPN_COVERAGE;QB_UNVERIFIED
401862787,Memphis,Charlotte,20.5,20.5,0.0,0.0,52.5,52.5,0.0,0.0,2026-10-01T03:25:10Z,CAPTURED,8.0,72,71.3,False,190.365509,6.9,0,13.9,521,INCOMPLETE_ESPN_COVERAGE;QB_UNVERIFIED
401862788,UTSA,Rice,11.5,11.5,0.0,0.0,55.5,56.5,1.0,-1.0,2026-10-01T03:25:10Z,CAPTURED,5.3,78,82.0,False,7.148301601,6.9,1485,7.3,186,INCOMPLETE_ESPN_COVERAGE;QB_UNVERIFIED
401862791,Navy,Air Force,-3.5,-3.5,0.0,0.0,46.5,45.5,-1.0,-1.0,2026-10-01T03:25:10Z,CAPTURED,3.5,0,73.0,False,2024.875732,6.6,801,7.7,1072,INCOMPLETE_ESPN_COVERAGE;QB_UNVERIFIED
401862792,Temple,South Florida,-5.5,-6.5,-1.0,1.0,48.5,48.5,0.0,0.0,2026-10-01T03:25:10Z,CAPTURED,9.2,71,77.5,False,11.07972908,7.1,928,8.1,924,INCOMPLETE_ESPN_COVERAGE;QB_UNVERIFIED
401864513,San José State,Hawai'i,-2.5,-3.0,-0.5,-0.5,51.5,51.5,0.0,0.0,2026-10-01T03:25:10Z,CAPTURED,7.7,6,77.3,False,20,7.4,3322,14.0,2412,INCOMPLETE_ESPN_COVERAGE;QB_UNVERIFIED
401864514,UTEP,New Mexico,-22.5,-22.5,0.0,0.0,48.5,48.5,0.0,0.0,2026-10-01T03:25:10Z,CAPTURED,6.2,0,71.9,False,1554.471924,7.0,193,6.8,228,INCOMPLETE_ESPN_COVERAGE;QB_UNVERIFIED
401864515,Wyoming,North Dakota State,-18.5,-18.5,0.0,0.0,45.5,45.5,0.0,0.0,2026-10-01T03:25:10Z,INDOOR_DOME,,,,True,274.4847717,13.7,1369,7.0,581,INCOMPLETE_ESPN_COVERAGE;QB_UNVERIFIED
401866430,Akron,Central Michigan,-6.5,-6.5,0.0,0.0,47.5,46.5,-1.0,-1.0,2026-10-01T03:25:10Z,CAPTURED,5.1,0,61.1,False,240.9007721,6.9,1244,7.1,240,INCOMPLETE_ESPN_COVERAGE;QB_UNVERIFIED
401866431,Toledo,Ball State,19.5,19.5,0.0,0.0,51.5,52.5,1.0,1.0,2026-10-01T03:25:10Z,CAPTURED,11.0,0,63.4,False,285.481781,7.1,224,7.1,137,INCOMPLETE_ESPN_COVERAGE;QB_UNVERIFIED
401866432,Western Michigan,Buffalo,13.5,14.0,0.5,-0.5,46.5,46.5,0.0,0.0,2026-10-01T03:25:10Z,CAPTURED,8.1,0,60.7,False,181.5759735,6.9,0,6.9,350,INCOMPLETE_ESPN_COVERAGE;QB_UNVERIFIED
401866433,Eastern Michigan,Massachusetts,-5.5,-6.5,-1.0,1.0,48.5,48.5,0.0,0.0,2026-10-01T03:25:10Z,CAPTURED,6.5,0,69.6,False,46.58664703,6.8,2548,7.1,567,INCOMPLETE_ESPN_COVERAGE;QB_UNVERIFIED
401866434,Ohio,Kent State,3.5,3.5,0.0,0.0,50.5,50.5,0.0,0.0,2026-10-01T03:25:10Z,CAPTURED,8.0,0,64.8,False,321.3641663,7.1,0,7.0,132,INCOMPLETE_ESPN_COVERAGE;QB_UNVERIFIED
401866477,Bowling Green,Miami (OH),-13.5,-13.5,0.0,0.0,43.5,43.5,0.0,0.0,2026-10-01T03:25:10Z,CAPTURED,11.5,0,67.3,False,242.2643585,7.0,0,6.9,141,INCOMPLETE_ESPN_COVERAGE;QB_UNVERIFIED
401869842,Army,Louisiana Tech,2.5,2.5,0.0,0.0,46.5,47.5,1.0,1.0,2026-10-01T03:25:10Z,CAPTURED,8.8,38,82.0,False,72.87982941,14.1,270,8.1,1097,INCOMPLETE_ESPN_COVERAGE;QB_UNVERIFIED
401869932,Arkansas State,Louisiana,-6.5,-6.5,0.0,0.0,47.5,47.5,0.0,0.0,2026-10-01T03:25:10Z,CAPTURED,3.6,76,76.7,False,3.556508303,7.1,744,7.0,397,INCOMPLETE_ESPN_COVERAGE;QB_UNVERIFIED
401869942,Georgia Southern,Coastal Carolina,2.5,2.5,0.0,0.0,54.5,54.5,0.0,0.0,2026-10-01T03:25:10Z,CAPTURED,1.2,69,75.4,False,13.74894905,9.0,0,7.1,186,INCOMPLETE_ESPN_COVERAGE;QB_UNVERIFIED
401869956,Old Dominion,Georgia State,-1.5,-2.5,-1.0,1.0,51.5,51.5,0.0,0.0,2026-10-01T03:25:10Z,CAPTURED,3.6,79,86.7,False,287,7.1,0,6.9,505,INCOMPLETE_ESPN_COVERAGE;QB_UNVERIFIED
401869962,Marshall,James Madison,-18.5,-19.5,-1.0,1.0,55.5,56.5,1.0,-1.0,2026-10-01T03:25:10Z,CAPTURED,5.8,24,53.5,False,399.303009,6.9,176,7.0,192,INCOMPLETE_ESPN_COVERAGE;QB_UNVERIFIED
401871049,Western Kentucky,New Mexico State,-2.5,-2.5,0.0,0.0,57.5,57.5,0.0,0.0,2026-10-01T03:25:10Z,CAPTURED,12.6,3,73.5,False,1208.201294,5.2,0,5.0,1195,INCOMPLETE_ESPN_COVERAGE;QB_UNVERIFIED
401871050,Liberty,Delaware,7.5,7.5,0.0,0.0,49.5,50.5,1.0,-1.0,2026-10-01T03:25:10Z,CAPTURED,7.7,30,73.8,False,28.74350357,6.0,187,8.0,444,INCOMPLETE_ESPN_COVERAGE;QB_UNVERIFIED
401871089,UL Monroe,South Alabama,-13.5,-14.0,-0.5,-0.5,57.5,57.5,0.0,0.0,2026-10-01T03:25:10Z,CAPTURED,7.5,87,73.9,False,45,7.3,548,7.0,261,INCOMPLETE_ESPN_COVERAGE;QB_UNVERIFIED
