game_id,away,home,locked_line_id,locked_home_spread,projected_home_margin,home_ats_edge,selected_side,pick,pick_spread,uncertainty_points,shadow_uncertainty_points,confidence,rank,top_five,fallback_code,context_adjustment_points,adjusted_home_margin,data_quality
401856705,Vanderbilt,Georgia,17,-24.5,21.748178616650588,-2.7518213833494123,away,Vanderbilt,24.5,,18.290927446326037,1,,False,,0,21.748178616650588,WEEK4_PIT_EPA;INJURY_WEATHER_MARKET_UNVERIFIED
401856707,Alabama,Mississippi State,12,5.5,1.821660623297891,7.321660623297891,home,Mississippi State,5.5,,18.282235890222548,1,,False,,0,1.821660623297891,WEEK4_PIT_EPA;INJURY_WEATHER_MARKET_UNVERIFIED
401856708,Florida,Missouri,22,5.5,-2.445883592679558,3.054116407320442,home,Missouri,5.5,,18.283296097924456,1,,False,,0,-2.445883592679558,WEEK4_PIT_EPA;INJURY_WEATHER_MARKET_UNVERIFIED
401856709,Kentucky,South Carolina,36,-2.5,-2.7487719309940735,-5.2487719309940735,away,Kentucky,2.5,,18.283410519729106,1,,False,,0,-2.7487719309940735,WEEK4_PIT_EPA;INJURY_WEATHER_MARKET_UNVERIFIED
401856710,Auburn,Tennessee,23,-7.5,11.344136568663671,3.8441365686636715,home,Tennessee,-7.5,,18.283586459588765,1,,False,,0,11.344136568663671,WEEK4_PIT_EPA;INJURY_WEATHER_MARKET_UNVERIFIED
401856711,Arkansas,Texas A&M,40,-14.5,7.426709841285708,-7.073290158714292,away,Arkansas,14.5,,18.28240945612757,1,,False,,0,7.426709841285708,WEEK4_PIT_EPA;INJURY_WEATHER_MARKET_UNVERIFIED
401856807,Middle Tennessee,Kansas,13,-19.5,7.069072766029998,-12.430927233970003,away,Middle Tennessee,19.5,,18.28234526958166,1,,False,,0,7.069072766029998,WEEK4_PIT_EPA;INJURY_WEATHER_MARKET_UNVERIFIED
401856817,Baylor,Arizona State,53,-3.5,-2.2145947853889085,-5.7145947853889085,away,Baylor,3.5,,18.283212220147544,1,,False,,0,-2.2145947853889085,WEEK4_PIT_EPA;INJURY_WEATHER_MARKET_UNVERIFIED
401856818,BYU,TCU,43,6.5,-10.61913791833006,-4.119137918330059,away,BYU,-6.5,,18.288203476450796,1,,False,,0,-10.61913791833006,WEEK4_PIT_EPA;INJURY_WEATHER_MARKET_UNVERIFIED
401856819,UCF,Houston,7,-12.5,10.672197771213074,-1.8278022287869256,away,UCF,12.5,,18.283322863703564,1,,False,,0,10.672197771213074,WEEK4_PIT_EPA;INJURY_WEATHER_MARKET_UNVERIFIED
401856820,Cincinnati,Arizona,55,-7.5,3.736138890967289,-3.763861109032711,away,Cincinnati,7.5,,18.282095209482648,1,,False,,0,3.736138890967289,WEEK4_PIT_EPA;INJURY_WEATHER_MARKET_UNVERIFIED
401856821,Texas Tech,Colorado,48,13.5,-2.0692822195692697,11.43071778043073,home,Colorado,13.5,,18.283161070503432,1,,False,,0,-2.0692822195692697,WEEK4_PIT_EPA;INJURY_WEATHER_MARKET_UNVERIFIED
401856822,West Virginia,Iowa State,14,-2.5,7.643975064670211,5.143975064670211,home,Iowa State,-2.5,,18.282451984453534,1,,False,,0,7.643975064670211,WEEK4_PIT_EPA;INJURY_WEATHER_MARKET_UNVERIFIED
401858245,Pittsburgh,Virginia Tech,4,-3.5,-1.0105241773538909,-4.510524177353891,away,Pittsburgh,3.5,,18.282824464190686,1,2,True,,0,-1.0105241773538909,WEEK4_PIT_EPA;INJURY_WEATHER_MARKET_UNVERIFIED
401858246,Boston College,SMU,9,-20.5,13.217921689590305,-7.282078310409695,away,Boston College,20.5,,18.28445649534071,1,,False,,0,13.217921689590305,WEEK4_PIT_EPA;INJURY_WEATHER_MARKET_UNVERIFIED
401858247,California,UNLV,21,-2.5,5.48391943076167,2.98391943076167,home,UNLV,-2.5,,18.28214793137523,1,,False,,0,5.48391943076167,WEEK4_PIT_EPA;INJURY_WEATHER_MARKET_UNVERIFIED
401858248,Louisville,NC State,26,4.5,-2.76044629161046,1.7395537083895398,home,NC State,4.5,,18.283415033850662,1,,False,,0,-2.76044629161046,WEEK4_PIT_EPA;INJURY_WEATHER_MARKET_UNVERIFIED
401858249,Miami,Clemson,45,16.5,-15.845485424950486,0.6545145750495145,home,Clemson,16.5,,18.293321667836516,1,,False,,0,-15.845485424950486,WEEK4_PIT_EPA;INJURY_WEATHER_MARKET_UNVERIFIED
401858250,Notre Dame,North Carolina,6,21.5,-11.16767280457704,10.33232719542296,home,North Carolina,21.5,,18.288668132854383,1,,False,,0,-11.16767280457704,WEEK4_PIT_EPA;INJURY_WEATHER_MARKET_UNVERIFIED
401858251,Stanford,Wake Forest,8,-12.5,11.297282058170108,-1.2027179418298921,away,Stanford,12.5,,18.283567250253206,1,,False,,0,11.297282058170108,WEEK4_PIT_EPA;INJURY_WEATHER_MARKET_UNVERIFIED
401858252,Syracuse,UConn,10,6.5,7.186460924726764,13.686460924726763,home,UConn,6.5,,18.28236553956374,1,,False,,0,7.186460924726764,WEEK4_PIT_EPA;INJURY_WEATHER_MARKET_UNVERIFIED
401858253,Virginia,Florida State,27,2.5,-8.456345539305211,-5.956345539305211,away,Virginia,-2.5,,18.28653721186362,1,,False,,0,-8.456345539305211,WEEK4_PIT_EPA;INJURY_WEATHER_MARKET_UNVERIFIED
401858472,Purdue,Illinois,37,-10.5,7.820546371949928,-2.679453628050072,away,Purdue,10.5,,18.28248851518409,1,,False,,0,7.820546371949928,WEEK4_PIT_EPA;INJURY_WEATHER_MARKET_UNVERIFIED
401858473,Ohio State,Iowa,29,13.5,-0.6684040026968701,12.831595997303129,home,Iowa,13.5,,18.282729257719694,1,,False,,0,-0.6684040026968701,WEEK4_PIT_EPA;INJURY_WEATHER_MARKET_UNVERIFIED
401858474,Michigan,Minnesota,11,5.5,-2.449608255647341,3.050391744352659,home,Minnesota,5.5,,18.28329747345678,1,,False,,0,-2.449608255647341,WEEK4_PIT_EPA;INJURY_WEATHER_MARKET_UNVERIFIED
401858475,Maryland,Nebraska,34,-14.5,18.467522839939242,3.9675228399392424,home,Nebraska,-14.5,,18.28795179895718,1,,False,,0,18.467522839939242,WEEK4_PIT_EPA;INJURY_WEATHER_MARKET_UNVERIFIED
401858476,Penn State,Northwestern,5,2.5,1.0469349711726084,3.5469349711726084,home,Northwestern,2.5,,18.28235178149733,1,1,True,,0,1.0469349711726084,WEEK4_PIT_EPA;INJURY_WEATHER_MARKET_UNVERIFIED
401858477,Indiana,Rutgers,50,24.5,-15.069139463852235,9.430860536147765,home,Rutgers,24.5,,18.292463759307932,1,,False,,0,-15.069139463852235,WEEK4_PIT_EPA;INJURY_WEATHER_MARKET_UNVERIFIED
401858478,Washington,USC,46,-9.5,-0.3163521771578628,-9.816352177157864,away,Washington,9.5,,18.282638203192825,1,,False,,0,-0.3163521771578628,WEEK4_PIT_EPA;INJURY_WEATHER_MARKET_UNVERIFIED
401858479,Michigan State,Wisconsin,16,-10.5,13.413875741161636,2.913875741161636,home,Wisconsin,-10.5,,18.28455895517817,1,,False,,0,13.413875741161636,WEEK4_PIT_EPA;INJURY_WEATHER_MARKET_UNVERIFIED
401860898,Utah State,Boise State,49,-20.5,16.018576010624646,-4.4814239893753545,away,Utah State,20.5,,18.28612725039816,1,,False,,0,16.018576010624646,WEEK4_PIT_EPA;INJURY_WEATHER_MARKET_UNVERIFIED
401860899,Oregon State,Colorado State,38,6.5,1.6397337504573302,8.13973375045733,home,Colorado State,6.5,,18.282260052553024,1,,False,,0,1.6397337504573302,WEEK4_PIT_EPA;INJURY_WEATHER_MARKET_UNVERIFIED
401860900,Texas State,San Diego State,54,4.5,-9.14071546448306,-4.64071546448306,away,Texas State,-4.5,,18.287035854990112,1,,False,,0,-9.14071546448306,WEEK4_PIT_EPA;INJURY_WEATHER_MARKET_UNVERIFIED
401860921,Fresno State,Washington State,52,-2.5,-3.5937475717664764,-6.093747571766476,away,Fresno State,2.5,,18.28375716925987,1,,False,,0,-3.5937475717664764,WEEK4_PIT_EPA;INJURY_WEATHER_MARKET_UNVERIFIED
401862786,North Texas,Tulsa,2,-1.5,2.8699020479195756,1.3699020479195756,home,Tulsa,-1.5,,18.282133164372567,1,4,True,,0,2.8699020479195756,WEEK4_PIT_EPA;INJURY_WEATHER_MARKET_UNVERIFIED
401862787,Memphis,Charlotte,28,20.5,-9.639555594849394,10.860444405150606,home,Charlotte,20.5,,18.287416009203856,1,,False,,0,-9.639555594849394,WEEK4_PIT_EPA;INJURY_WEATHER_MARKET_UNVERIFIED
401862788,UTSA,Rice,39,11.5,-5.3671503440916855,6.1328496559083145,home,Rice,11.5,,18.284616082057447,1,,False,,0,-5.3671503440916855,WEEK4_PIT_EPA;INJURY_WEATHER_MARKET_UNVERIFIED
401862791,Navy,Air Force,15,-3.5,12.298420042610918,8.798420042610918,home,Air Force,-3.5,,18.284004726491872,1,,False,,0,12.298420042610918,WEEK4_PIT_EPA;INJURY_WEATHER_MARKET_UNVERIFIED
401862792,Temple,South Florida,47,-5.5,10.08742255589808,4.58742255589808,home,South Florida,-5.5,,18.28311425585009,1,,False,,0,10.08742255589808,WEEK4_PIT_EPA;INJURY_WEATHER_MARKET_UNVERIFIED
401864513,San José State,Hawai'i,56,-2.5,-2.0089920998429847,-4.508992099842985,away,San José State,2.5,,18.283140199298263,1,,False,,0,-2.0089920998429847,WEEK4_PIT_EPA;INJURY_WEATHER_MARKET_UNVERIFIED
401864514,UTEP,New Mexico,35,-22.5,32.08614547441228,9.586145474412277,home,New Mexico,-22.5,,18.304281268305278,1,,False,,0,32.08614547441228,WEEK4_PIT_EPA;INJURY_WEATHER_MARKET_UNVERIFIED
401864515,Wyoming,North Dakota State,32,-18.5,15.144236463085504,-3.3557635369144965,away,Wyoming,18.5,,18.285558013776235,1,,False,,0,15.144236463085504,WEEK4_PIT_EPA;INJURY_WEATHER_MARKET_UNVERIFIED
401866430,Akron,Central Michigan,31,-6.5,6.700109940983024,0.20010994098302426,home,Central Michigan,-6.5,,18.282286637384168,1,,False,,0,6.700109940983024,WEEK4_PIT_EPA;INJURY_WEATHER_MARKET_UNVERIFIED
401866431,Toledo,Ball State,19,19.5,-14.706744844113597,4.793255155886403,home,Ball State,19.5,,18.292074950859984,1,,False,,0,-14.706744844113597,WEEK4_PIT_EPA;INJURY_WEATHER_MARKET_UNVERIFIED
401866432,Western Michigan,Buffalo,18,13.5,-0.15911882782387288,13.340881172176127,home,Buffalo,13.5,,18.282599802520103,1,,False,,0,-0.15911882782387288,WEEK4_PIT_EPA;INJURY_WEATHER_MARKET_UNVERIFIED
401866433,Eastern Michigan,Massachusetts,25,-5.5,25.18990715171812,19.68990715171812,home,Massachusetts,-5.5,,18.294703035757585,1,,False,,0,25.18990715171812,WEEK4_PIT_EPA;INJURY_WEATHER_MARKET_UNVERIFIED
401866434,Ohio,Kent State,30,3.5,3.568407687524043,7.068407687524044,home,Kent State,3.5,,18.282099242918697,1,,False,,0,3.568407687524043,WEEK4_PIT_EPA;INJURY_WEATHER_MARKET_UNVERIFIED
401866477,Bowling Green,Miami (OH),20,-13.5,21.114331420925154,7.614331420925154,home,Miami (OH),-13.5,,18.290305107264672,1,,False,,0,21.114331420925154,WEEK4_PIT_EPA;INJURY_WEATHER_MARKET_UNVERIFIED
401869842,Army,Louisiana Tech,44,2.5,0.06739055489797563,2.5673905548979756,home,Louisiana Tech,2.5,,18.282546942564082,1,,False,,0,0.06739055489797563,WEEK4_PIT_EPA;INJURY_WEATHER_MARKET_UNVERIFIED
401869932,Arkansas State,Louisiana,51,-6.5,14.11639050933612,7.616390509336121,home,Louisiana,-6.5,,18.28494414003863,1,,False,,0,14.11639050933612,WEEK4_PIT_EPA;INJURY_WEATHER_MARKET_UNVERIFIED
401869942,Georgia Southern,Coastal Carolina,42,2.5,5.886895199685181,8.386895199685181,home,Coastal Carolina,2.5,,18.282184616141837,1,,False,,0,5.886895199685181,WEEK4_PIT_EPA;INJURY_WEATHER_MARKET_UNVERIFIED
401869956,Old Dominion,Georgia State,24,-1.5,14.72643030336948,13.22643030336948,home,Georgia State,-1.5,,18.28530127227396,1,,False,,0,14.72643030336948,WEEK4_PIT_EPA;INJURY_WEATHER_MARKET_UNVERIFIED
401869962,Marshall,James Madison,33,-18.5,23.599711087063103,5.099711087063103,home,James Madison,-18.5,,18.29287540219956,1,,False,,0,23.599711087063103,WEEK4_PIT_EPA;INJURY_WEATHER_MARKET_UNVERIFIED
401871049,Western Kentucky,New Mexico State,1,-2.5,15.16791471653587,12.66791471653587,home,New Mexico State,-2.5,,18.285572859730525,1,5,True,,0,15.16791471653587,WEEK4_PIT_EPA;INJURY_WEATHER_MARKET_UNVERIFIED
401871050,Liberty,Delaware,3,7.5,-0.06763671237384417,7.432363287626156,home,Delaware,7.5,,18.28257810398574,1,3,True,,0,-0.06763671237384417,WEEK4_PIT_EPA;INJURY_WEATHER_MARKET_UNVERIFIED
401871089,UL Monroe,South Alabama,41,-13.5,12.840764439037947,-0.6592355609620526,away,UL Monroe,13.5,,18.284265403690547,1,,False,,0,12.840764439037947,WEEK4_PIT_EPA;INJURY_WEATHER_MARKET_UNVERIFIED
