game_id,away,home,locked_line_id,locked_total,projected_total,raw_point_edge,pick,uncertainty_points,raw_selected_probability,probability_status,confidence,data_quality,skip_reason
401856705,Vanderbilt,Georgia,17,51.5,45.88387744778746,-5.616122552212538,under,16.71386581218222,0.6315705141634016,UNCALIBRATED_NORMAL_SHADOW,3,WEEK4_PIT_EPA;INJURY_WEATHER_MARKET_UNVERIFIED,
401856707,Alabama,Mississippi State,12,60.5,54.321716475524084,-6.1782835244759156,under,16.71386581218222,0.6441784219281407,UNCALIBRATED_NORMAL_SHADOW,3,WEEK4_PIT_EPA;INJURY_WEATHER_MARKET_UNVERIFIED,
401856708,Florida,Missouri,22,57.5,52.39425965420433,-5.105740345795667,under,16.71386581218222,0.6199994406238056,UNCALIBRATED_NORMAL_SHADOW,3,WEEK4_PIT_EPA;INJURY_WEATHER_MARKET_UNVERIFIED,
401856709,Kentucky,South Carolina,36,53.5,53.56051803581205,0.06051803581205206,over,16.71386581218222,0.5014444982823955,UNCALIBRATED_NORMAL_SHADOW,1,WEEK4_PIT_EPA;INJURY_WEATHER_MARKET_UNVERIFIED,
401856710,Auburn,Tennessee,23,54.5,44.64634365815773,-9.853656341842267,under,16.71386581218222,0.722253744131544,UNCALIBRATED_NORMAL_SHADOW,4,WEEK4_PIT_EPA;INJURY_WEATHER_MARKET_UNVERIFIED,
401856711,Arkansas,Texas A&M,40,50.5,47.65037777163405,-2.849622228365952,under,16.71386581218222,0.5676893710886134,UNCALIBRATED_NORMAL_SHADOW,2,WEEK4_PIT_EPA;INJURY_WEATHER_MARKET_UNVERIFIED,
401856807,Middle Tennessee,Kansas,13,49.5,47.76456865162936,-1.7354313483706392,under,16.71386581218222,0.5413485986257582,UNCALIBRATED_NORMAL_SHADOW,1,WEEK4_PIT_EPA;INJURY_WEATHER_MARKET_UNVERIFIED,
401856817,Baylor,Arizona State,53,48.5,42.51299593203013,-5.98700406796987,under,16.71386581218222,0.639905355273225,UNCALIBRATED_NORMAL_SHADOW,3,WEEK4_PIT_EPA;INJURY_WEATHER_MARKET_UNVERIFIED,
401856818,BYU,TCU,43,47.5,50.993749922566394,3.493749922566394,over,16.71386581218222,0.5827887709079991,UNCALIBRATED_NORMAL_SHADOW,2,WEEK4_PIT_EPA;INJURY_WEATHER_MARKET_UNVERIFIED,
401856819,UCF,Houston,7,51.5,50.266497237226716,-1.2335027627732842,under,16.71386581218222,0.5294156998517904,UNCALIBRATED_NORMAL_SHADOW,1,WEEK4_PIT_EPA;INJURY_WEATHER_MARKET_UNVERIFIED,
401856820,Cincinnati,Arizona,55,55.5,55.01342289937541,-0.4865771006245865,under,16.71386581218222,0.5116124398898285,UNCALIBRATED_NORMAL_SHADOW,1,WEEK4_PIT_EPA;INJURY_WEATHER_MARKET_UNVERIFIED,
401856821,Texas Tech,Colorado,48,50.5,48.63273884902583,-1.8672611509741728,under,16.71386581218222,0.5444770063862466,UNCALIBRATED_NORMAL_SHADOW,1,WEEK4_PIT_EPA;INJURY_WEATHER_MARKET_UNVERIFIED,
401856822,West Virginia,Iowa State,14,52.5,49.824613712510214,-2.6753862874897862,under,16.71386581218222,0.5635869813711929,UNCALIBRATED_NORMAL_SHADOW,2,WEEK4_PIT_EPA;INJURY_WEATHER_MARKET_UNVERIFIED,
401858245,Pittsburgh,Virginia Tech,4,54.5,50.47537077706248,-4.02462922293752,under,16.71386581218222,0.5951433198847631,UNCALIBRATED_NORMAL_SHADOW,2,WEEK4_PIT_EPA;INJURY_WEATHER_MARKET_UNVERIFIED,
401858246,Boston College,SMU,9,55.5,46.412256563772466,-9.087743436227534,under,16.71386581218222,0.7066845699409102,UNCALIBRATED_NORMAL_SHADOW,4,WEEK4_PIT_EPA;INJURY_WEATHER_MARKET_UNVERIFIED,
401858247,California,UNLV,21,52.5,44.81741489861861,-7.682585101381392,under,16.71386581218222,0.6771174853178833,UNCALIBRATED_NORMAL_SHADOW,3,WEEK4_PIT_EPA;INJURY_WEATHER_MARKET_UNVERIFIED,
401858248,Louisville,NC State,26,59.5,56.579890194293746,-2.920109805706254,under,16.71386581218222,0.5693469576172931,UNCALIBRATED_NORMAL_SHADOW,2,WEEK4_PIT_EPA;INJURY_WEATHER_MARKET_UNVERIFIED,
401858249,Miami,Clemson,45,47.5,49.65235965850668,2.1523596585066826,over,16.71386581218222,0.551232903806712,UNCALIBRATED_NORMAL_SHADOW,2,WEEK4_PIT_EPA;INJURY_WEATHER_MARKET_UNVERIFIED,
401858250,Notre Dame,North Carolina,6,46.5,46.57278759221289,0.07278759221289022,over,16.71386581218222,0.5017373572674795,UNCALIBRATED_NORMAL_SHADOW,1,WEEK4_PIT_EPA;INJURY_WEATHER_MARKET_UNVERIFIED,
401858251,Stanford,Wake Forest,8,53.5,58.42278036199867,4.922780361998669,over,16.71386581218222,0.6158245677204508,UNCALIBRATED_NORMAL_SHADOW,3,WEEK4_PIT_EPA;INJURY_WEATHER_MARKET_UNVERIFIED,
401858252,Syracuse,UConn,10,50.5,45.703279181818004,-4.796720818181996,under,16.71386581218222,0.6129402054042794,UNCALIBRATED_NORMAL_SHADOW,3,WEEK4_PIT_EPA;INJURY_WEATHER_MARKET_UNVERIFIED,
401858253,Virginia,Florida State,27,51.5,57.03394504404764,5.533945044047641,over,16.71386581218222,0.6297151643130827,UNCALIBRATED_NORMAL_SHADOW,3,WEEK4_PIT_EPA;INJURY_WEATHER_MARKET_UNVERIFIED,
401858472,Purdue,Illinois,37,61.5,63.296341292326176,1.7963412923261757,over,16.71386581218222,0.5427943617853815,UNCALIBRATED_NORMAL_SHADOW,1,WEEK4_PIT_EPA;INJURY_WEATHER_MARKET_UNVERIFIED,
401858473,Ohio State,Iowa,29,45.5,52.39532594337934,6.895325943379341,over,16.71386581218222,0.6600322813440185,UNCALIBRATED_NORMAL_SHADOW,3,WEEK4_PIT_EPA;INJURY_WEATHER_MARKET_UNVERIFIED,
401858474,Michigan,Minnesota,11,43.5,45.87670076230266,2.3767007623026615,over,16.71386581218222,0.5565387252230533,UNCALIBRATED_NORMAL_SHADOW,2,WEEK4_PIT_EPA;INJURY_WEATHER_MARKET_UNVERIFIED,
401858475,Maryland,Nebraska,34,52.5,51.879074356073914,-0.6209256439260855,under,16.71386581218222,0.5148174292380541,UNCALIBRATED_NORMAL_SHADOW,1,WEEK4_PIT_EPA;INJURY_WEATHER_MARKET_UNVERIFIED,
401858476,Penn State,Northwestern,5,45.5,52.750086623872534,7.250086623872534,over,16.71386581218222,0.6677747217156504,UNCALIBRATED_NORMAL_SHADOW,3,WEEK4_PIT_EPA;INJURY_WEATHER_MARKET_UNVERIFIED,
401858477,Indiana,Rutgers,50,55.5,54.67153093718427,-0.8284690628157279,under,16.71386581218222,0.5197665847229807,UNCALIBRATED_NORMAL_SHADOW,1,WEEK4_PIT_EPA;INJURY_WEATHER_MARKET_UNVERIFIED,
401858478,Washington,USC,46,58.5,51.68618588151541,-6.8138141184845935,under,16.71386581218222,0.6582436086514593,UNCALIBRATED_NORMAL_SHADOW,3,WEEK4_PIT_EPA;INJURY_WEATHER_MARKET_UNVERIFIED,
401858479,Michigan State,Wisconsin,16,43.5,46.3420970269258,2.8420970269257992,over,16.71386581218222,0.5675123374394538,UNCALIBRATED_NORMAL_SHADOW,2,WEEK4_PIT_EPA;INJURY_WEATHER_MARKET_UNVERIFIED,
401860898,Utah State,Boise State,49,51.5,47.713592106714245,-3.786407893285755,under,16.71386581218222,0.5896104075958573,UNCALIBRATED_NORMAL_SHADOW,2,WEEK4_PIT_EPA;INJURY_WEATHER_MARKET_UNVERIFIED,
401860899,Oregon State,Colorado State,38,62.5,57.572523053870874,-4.927476946129126,under,16.71386581218222,0.615931907293608,UNCALIBRATED_NORMAL_SHADOW,3,WEEK4_PIT_EPA;INJURY_WEATHER_MARKET_UNVERIFIED,
401860900,Texas State,San Diego State,54,59.5,53.0199288428948,-6.4800711571052005,under,16.71386581218222,0.6508833053397842,UNCALIBRATED_NORMAL_SHADOW,3,WEEK4_PIT_EPA;INJURY_WEATHER_MARKET_UNVERIFIED,
401860921,Fresno State,Washington State,52,46.5,45.10559667777475,-1.3944033222252514,under,16.71386581218222,0.5332443617694804,UNCALIBRATED_NORMAL_SHADOW,1,WEEK4_PIT_EPA;INJURY_WEATHER_MARKET_UNVERIFIED,
401862786,North Texas,Tulsa,2,57.5,52.15244723585998,-5.347552764140019,under,16.71386581218222,0.6254957808394663,UNCALIBRATED_NORMAL_SHADOW,3,WEEK4_PIT_EPA;INJURY_WEATHER_MARKET_UNVERIFIED,
401862787,Memphis,Charlotte,28,52.5,50.36180719022752,-2.1381928097724767,under,16.71386581218222,0.5508975301058376,UNCALIBRATED_NORMAL_SHADOW,2,WEEK4_PIT_EPA;INJURY_WEATHER_MARKET_UNVERIFIED,
401862788,UTSA,Rice,39,55.5,50.97459355981613,-4.525406440183872,under,16.71386581218222,0.6067112694630854,UNCALIBRATED_NORMAL_SHADOW,3,WEEK4_PIT_EPA;INJURY_WEATHER_MARKET_UNVERIFIED,
401862791,Navy,Air Force,15,46.5,53.942508161406025,7.442508161406025,over,16.71386581218222,0.6719447054901437,UNCALIBRATED_NORMAL_SHADOW,3,WEEK4_PIT_EPA;INJURY_WEATHER_MARKET_UNVERIFIED,
401862792,Temple,South Florida,47,48.5,53.192788871667034,4.692788871667034,over,16.71386581218222,0.6105574362165369,UNCALIBRATED_NORMAL_SHADOW,3,WEEK4_PIT_EPA;INJURY_WEATHER_MARKET_UNVERIFIED,
401864513,San José State,Hawai'i,56,51.5,48.26858232612713,-3.231417673872869,under,16.71386581218222,0.5766526852669422,UNCALIBRATED_NORMAL_SHADOW,2,WEEK4_PIT_EPA;INJURY_WEATHER_MARKET_UNVERIFIED,
401864514,UTEP,New Mexico,35,48.5,44.624105710790005,-3.8758942892099952,under,16.71386581218222,0.5916909682395439,UNCALIBRATED_NORMAL_SHADOW,2,WEEK4_PIT_EPA;INJURY_WEATHER_MARKET_UNVERIFIED,
401864515,Wyoming,North Dakota State,32,45.5,46.12567579496853,0.6256757949685294,over,16.71386581218222,0.5149307315000521,UNCALIBRATED_NORMAL_SHADOW,1,WEEK4_PIT_EPA;INJURY_WEATHER_MARKET_UNVERIFIED,
401866430,Akron,Central Michigan,31,47.5,48.40911845400169,0.9091184540016926,over,16.71386581218222,0.5216889995340563,UNCALIBRATED_NORMAL_SHADOW,1,WEEK4_PIT_EPA;INJURY_WEATHER_MARKET_UNVERIFIED,
401866431,Toledo,Ball State,19,51.5,53.73956589509968,2.2395658950996804,over,16.71386581218222,0.5532965335390203,UNCALIBRATED_NORMAL_SHADOW,2,WEEK4_PIT_EPA;INJURY_WEATHER_MARKET_UNVERIFIED,
401866432,Western Michigan,Buffalo,18,46.5,46.788141134614605,0.2881411346146052,over,16.71386581218222,0.5068772831386013,UNCALIBRATED_NORMAL_SHADOW,1,WEEK4_PIT_EPA;INJURY_WEATHER_MARKET_UNVERIFIED,
401866433,Eastern Michigan,Massachusetts,25,48.5,45.361893423409626,-3.138106576590374,under,16.71386581218222,0.5744655191731622,UNCALIBRATED_NORMAL_SHADOW,2,WEEK4_PIT_EPA;INJURY_WEATHER_MARKET_UNVERIFIED,
401866434,Ohio,Kent State,30,50.5,53.241775392814446,2.7417753928144464,over,16.71386581218222,0.5651509460690309,UNCALIBRATED_NORMAL_SHADOW,2,WEEK4_PIT_EPA;INJURY_WEATHER_MARKET_UNVERIFIED,
401866477,Bowling Green,Miami (OH),20,43.5,50.36645808107375,6.866458081073752,over,16.71386581218222,0.6593992223803227,UNCALIBRATED_NORMAL_SHADOW,3,WEEK4_PIT_EPA;INJURY_WEATHER_MARKET_UNVERIFIED,
401869842,Army,Louisiana Tech,44,46.5,52.675375273943644,6.175375273943644,over,16.71386581218222,0.6441135872045092,UNCALIBRATED_NORMAL_SHADOW,3,WEEK4_PIT_EPA;INJURY_WEATHER_MARKET_UNVERIFIED,
401869932,Arkansas State,Louisiana,51,47.5,45.149751329131576,-2.3502486708684245,under,16.71386581218222,0.5559136230630455,UNCALIBRATED_NORMAL_SHADOW,2,WEEK4_PIT_EPA;INJURY_WEATHER_MARKET_UNVERIFIED,
401869942,Georgia Southern,Coastal Carolina,42,54.5,50.886059607899725,-3.6139403921002753,under,16.71386581218222,0.5855934609350368,UNCALIBRATED_NORMAL_SHADOW,2,WEEK4_PIT_EPA;INJURY_WEATHER_MARKET_UNVERIFIED,
401869956,Old Dominion,Georgia State,24,51.5,44.57156343184873,-6.92843656815127,under,16.71386581218222,0.6607578268399604,UNCALIBRATED_NORMAL_SHADOW,3,WEEK4_PIT_EPA;INJURY_WEATHER_MARKET_UNVERIFIED,
401869962,Marshall,James Madison,33,55.5,51.21152212815436,-4.288477871845643,under,16.71386581218222,0.6012492814976016,UNCALIBRATED_NORMAL_SHADOW,3,WEEK4_PIT_EPA;INJURY_WEATHER_MARKET_UNVERIFIED,
401871049,Western Kentucky,New Mexico State,1,57.5,52.6886273171607,-4.811372682839298,under,16.71386581218222,0.6132757778938542,UNCALIBRATED_NORMAL_SHADOW,3,WEEK4_PIT_EPA;INJURY_WEATHER_MARKET_UNVERIFIED,
401871050,Liberty,Delaware,3,49.5,47.93117307540474,-1.5688269245952569,under,16.71386581218222,0.5373913240836693,UNCALIBRATED_NORMAL_SHADOW,1,WEEK4_PIT_EPA;INJURY_WEATHER_MARKET_UNVERIFIED,
401871089,UL Monroe,South Alabama,41,57.5,53.8132655689966,-3.6867344310034014,under,16.71386581218222,0.5872900273610544,UNCALIBRATED_NORMAL_SHADOW,2,WEEK4_PIT_EPA;INJURY_WEATHER_MARKET_UNVERIFIED,
